community_id,name,latitude,longitude,country,mode,coder_id,urls,community_name_original,community_name_normalized,name_repair_applied,alternative_names,register_mode,source_rows,coordinate_primary_rule,coordinate_candidate_count,coordinate_candidate_spread_km,coordinate_candidates,coordinate_status,latitude_as_exported,longitude_as_exported,coordinate_confidence,coordinate_evidence,country_iso2,country_iso3,admin_region,country_confidence,country_verification_method,country_verification_source,country_gazetteer_code,country_gazetteer_signal,country_gazetteer_nearest,gen_global_url,gen_global_status,gen_community_url,gen_community_status,gen_verification_method,gen_evidence_note,gen_independence_group,seed_url_count,independence_group_count,source_classes,strongest_source_class,seed_sources_json,seed_url_verification_method,seed_url_validated_count,seed_url_dead_count,seed_url_blocked_count,seed_url_duplicate_count,discovery_status,community_identity_confidence,review_required,review_reasons,qc_notes,verification_date,schema_version
IC001,Soheili Village_Hara,26.790237,55.771104,Iran,FULL,,https://soheilivillage.com/en | https://www.tehrantimes.com/news/511617/Soheili-mangrove-forest-a-harmony-of-community-and-conservation | https://soheilivillage.com/en/news | https://www.tehrantimes.com/news/513935/Soheili-village-a-model-of-sustainable-tourism-in-southern-Iran | https://www.adventureiran.com/discover-irans-top-award-winning-villages-shafiabad-kandelus-and-soheili/ | https://ecovillage.org,Soheili Village_Hara,Soheili Village_Hara,no,Soheili; Soheili tourism village; Roostay-e Soheili,SETTLEMENT,2,single_source_row,1,0.000,"26.790237,55.771104",SINGLE,26.790237,55.771104,HIGH,,IR,IRN,Hormozgan; Qeshm Island; Hara district,HIGH,coordinate_gazetteer+published_source,https://www.tehrantimes.com/news/511617/Soheili-mangrove-forest-a-harmony-of-community-and-conservation,IR,MAJORITY,Bandar-e Khamīr (25.8 km),https://ecovillage.org,FIXED_GLOBAL_SOURCE,,NOT_FOUND,search_index_negative,"site:ecovillage.org search for Soheili/Iran returned no community page; GEN lists 1 project in Iran, not this one",G1,6,3,S4; S6,S4,"[{""url"":""https://soheilivillage.com/en"",""rank"":1,""source_class"":""S4"",""platform_type"":""own website"",""independence_group"":""G1"",""confidence"":""HIGH"",""quality_score"":0.9,""verification"":""search_index"",""evidence"":""Official village site, English edition, titled 'Qeshm Global Island Exemplary Tourism Village'""},{""url"":""https://soheilivillage.com/en/news"",""rank"":3,""source_class"":""S4"",""platform_type"":""own website"",""independence_group"":""G1"",""confidence"":""HIGH"",""quality_score"":0.7,""verification"":""search_index"",""evidence"":""Dated news index on the official site - continuity and dating material""},{""url"":""https://www.tehrantimes.com/news/511617/Soheili-mangrove-forest-a-harmony-of-community-and-conservation"",""rank"":2,""source_class"":""S6"",""platform_type"":""news outlet"",""independence_group"":""G2"",""confidence"":""HIGH"",""quality_score"":0.72,""verification"":""search_index"",""evidence"":""National outlet on the mangrove conservation work; independent of the village""},{""url"":""https://www.tehrantimes.com/news/513935/Soheili-village-a-model-of-sustainable-tourism-in-southern-Iran"",""rank"":4,""source_class"":""S6"",""platform_type"":""news outlet"",""independence_group"":""G2"",""confidence"":""HIGH"",""quality_score"":0.62,""verification"":""search_index"",""evidence"":""Same outlet, second dated article""},{""url"":""https://www.adventureiran.com/discover-irans-top-award-winning-villages-shafiabad-kandelus-and-soheili/"",""rank"":5,""source_class"":""S6"",""platform_type"":""other"",""independence_group"":""G3"",""confidence"":""MEDIUM"",""quality_score"":0.45,""verification"":""search_index"",""evidence"":""Third-party account of the UNWTO award; corroborates the designation""},{""url"":""https://ecovillage.org"",""rank"":6,""source_class"":""S3"",""platform_type"":""directory listing"",""independence_group"":""G1"",""confidence"":""HIGH"",""quality_score"":0.1,""verification"":""fixed_global_source"",""evidence"":""Mandatory Global Ecovillage Network network-level seed, present on every row; not evidence that this community is GEN-registered - see gen_community_status""}]",search_index,,,,,COMPLETE,HIGH,no,,UNWTO Best Tourism Villages 2025 designee; community-based mangrove (Hara) conservation in Qeshm UNESCO Geopark. Not a GEN-registered ecovillage.,2026-08-28,1.0.0
IC002,Ecovillage Bhrugu Aranya,49.610737,19.816232,Poland,FULL,,https://ecovillagepoland.org/ | http://ecovillagepoland.org/our-ecovillage/ | https://agnihotra.pl/en/our-ecovillage/ | https://ecovillage.org/project/bhrugu-aranya-eco-farm-community/ | https://eco-villages.eu/en/2018/06/22/ecovillage-bhrugu-aranya-in-poland-continuing-the-tradition-of-agnihotra-fire/ | https://www.ic.org/directory/bhrugu-aranya-ecovillage-poland/ | https://www.facebook.com/EcovillageBhruguAranya/ | https://ecovillage.org,Ecovillage Bhrugu Aranya,Ecovillage Bhrugu Aranya,no,Bhrugu Aranya; Bhrugu Aranya Eco Farm Community; Ecovillage Poland; Homa Therapy Poland,SETTLEMENT,3,single_source_row,1,0.000,"49.610737,19.816232",SINGLE,49.610737,19.816232,HIGH,,PL,POL,Lesser Poland Voivodeship; Jordanow; Wysoka,HIGH,coordinate_gazetteer+official_site,https://ecovillage.org/project/bhrugu-aranya-eco-farm-community/,PL,UNANIMOUS,Nowy Targ (21.5 km),https://ecovillage.org,FIXED_GLOBAL_SOURCE,https://ecovillage.org/project/bhrugu-aranya-eco-farm-community/,VERIFIED_COMMUNITY_SOURCE,search_index,site:ecovillage.org returned the project page titled 'Ecovillage Bhrugu Aranya - Global Ecovillage Network',G1,8,2,S3; S4; S6; S7,S3,"[{""url"":""https://ecovillagepoland.org/"",""rank"":1,""source_class"":""S4"",""platform_type"":""own website"",""independence_group"":""G1"",""confidence"":""HIGH"",""quality_score"":0.92,""verification"":""search_index"",""evidence"":""Primary English-language community site""},{""url"":""http://ecovillagepoland.org/our-ecovillage/"",""rank"":2,""source_class"":""S4"",""platform_type"":""own website"",""independence_group"":""G1"",""confidence"":""HIGH"",""quality_score"":0.74,""verification"":""search_index"",""evidence"":""Community/land description page""},{""url"":""https://agnihotra.pl/en/our-ecovillage/"",""rank"":3,""source_class"":""S4"",""platform_type"":""secondary or former website"",""independence_group"":""G1"",""confidence"":""HIGH"",""quality_score"":0.72,""verification"":""search_index"",""evidence"":""Second organisational domain (Homa Therapy Poland) carrying the same community""},{""url"":""https://www.ic.org/directory/bhrugu-aranya-ecovillage-poland/"",""rank"":6,""source_class"":""S3"",""platform_type"":""directory listing"",""independence_group"":""G1"",""confidence"":""HIGH"",""quality_score"":0.55,""verification"":""search_index"",""evidence"":""Foundation for Intentional Community directory entry, self-submitted""},{""url"":""https://eco-villages.eu/en/2018/06/22/ecovillage-bhrugu-aranya-in-poland-continuing-the-tradition-of-agnihotra-fire/"",""rank"":5,""source_class"":""S6"",""platform_type"":""news outlet"",""independence_group"":""G2"",""confidence"":""MEDIUM"",""quality_score"":0.58,""verification"":""search_index"",""evidence"":""Dated 2018 external feature by Ecovillage Worldwide""},{""url"":""https://www.facebook.com/EcovillageBhruguAranya/"",""rank"":7,""source_class"":""S7"",""platform_type"":""Facebook"",""independence_group"":""G1"",""confidence"":""HIGH"",""quality_score"":0.35,""verification"":""search_index"",""evidence"":""Official community page; dated posts and albums""},{""url"":""https://ecovillage.org/project/bhrugu-aranya-eco-farm-community/"",""rank"":4,""source_class"":""S3"",""platform_type"":""directory listing"",""independence_group"":""G1"",""confidence"":""HIGH"",""quality_score"":0.6,""verification"":""search_index"",""evidence"":""Verified GEN community project page""},{""url"":""https://ecovillage.org"",""rank"":8,""source_class"":""S3"",""platform_type"":""directory listing"",""independence_group"":""G1"",""confidence"":""HIGH"",""quality_score"":0.1,""verification"":""fixed_global_source"",""evidence"":""Mandatory Global Ecovillage Network network-level seed, present on every row; not evidence that this community is GEN-registered - see gen_community_status""}]",search_index,,,,,COMPLETE,HIGH,no,,Founded 1995; 4 ha certified organic farm between Krakow and Zakopane; Agnihotra/Homa therapy centre.,2026-08-28,1.0.0
IC003,Lost Valley Education Center,43.891293,-122.825738,United States,FULL,,https://www.lostvalley.org/ | https://www.lostvalley.org/about | https://en.wikipedia.org/wiki/Lost_Valley_Educational_Center | https://ecovillage.org/project/lost-valley-educational-center | https://ecovillage.org/project/meadowsong-ecovillage | https://www.facebook.com/LostValleyEducationalCenter/ | https://ecovillage.org,Lost Valley Education Center,Lost Valley Education Center,no,Lost Valley Educational Center; Meadowsong Ecovillage,SETTLEMENT,4,single_source_row,1,0.000,"43.891293,-122.825738",SINGLE,43.891293,-122.825738,HIGH,,US,USA,Oregon; Lane County; Dexter,HIGH,coordinate_gazetteer+official_site,https://ecovillage.org/project/lost-valley-educational-center,US,UNANIMOUS,Springfield (23.3 km),https://ecovillage.org,FIXED_GLOBAL_SOURCE,https://ecovillage.org/project/lost-valley-educational-center,VERIFIED_COMMUNITY_SOURCE,search_index,site:ecovillage.org returned 'Lost Valley Education Center - Global Ecovillage Network' project page; GEN text gives the Dexter OR address,G1,7,2,S3; S4; S6; S7,S3,"[{""url"":""https://www.lostvalley.org/"",""rank"":1,""source_class"":""S4"",""platform_type"":""own website"",""independence_group"":""G1"",""confidence"":""HIGH"",""quality_score"":0.93,""verification"":""search_index"",""evidence"":""Official site""},{""url"":""https://www.lostvalley.org/about"",""rank"":2,""source_class"":""S4"",""platform_type"":""own website"",""independence_group"":""G1"",""confidence"":""HIGH"",""quality_score"":0.76,""verification"":""search_index"",""evidence"":""Non-profit/history page""},{""url"":""https://en.wikipedia.org/wiki/Lost_Valley_Educational_Center"",""rank"":3,""source_class"":""S6"",""platform_type"":""other"",""independence_group"":""G2"",""confidence"":""HIGH"",""quality_score"":0.66,""verification"":""search_index"",""evidence"":""Encyclopaedic article, externally edited and referenced""},{""url"":""https://ecovillage.org/project/meadowsong-ecovillage"",""rank"":5,""source_class"":""S3"",""platform_type"":""directory listing"",""independence_group"":""G1"",""confidence"":""HIGH"",""quality_score"":0.58,""verification"":""search_index"",""evidence"":""GEN project page for the ecovillage sharing the Lost Valley site""},{""url"":""https://www.facebook.com/LostValleyEducationalCenter/"",""rank"":6,""source_class"":""S7"",""platform_type"":""Facebook"",""independence_group"":""G1"",""confidence"":""HIGH"",""quality_score"":0.35,""verification"":""search_index"",""evidence"":""Official page, 'Lost Valley Education Center & Meadowsong Ecovillage, Dexter OR'""},{""url"":""https://ecovillage.org/project/lost-valley-educational-center"",""rank"":4,""source_class"":""S3"",""platform_type"":""directory listing"",""independence_group"":""G1"",""confidence"":""HIGH"",""quality_score"":0.6,""verification"":""search_index"",""evidence"":""Verified GEN community project page""},{""url"":""https://ecovillage.org"",""rank"":7,""source_class"":""S3"",""platform_type"":""directory listing"",""independence_group"":""G1"",""confidence"":""HIGH"",""quality_score"":0.1,""verification"":""fixed_global_source"",""evidence"":""Mandatory Global Ecovillage Network network-level seed, present on every row; not evidence that this community is GEN-registered - see gen_community_status""}]",search_index,,,,,COMPLETE,HIGH,no,,Founded 1989 on 87 acres; associated Meadowsong Ecovillage shares the site and has its own GEN project page.,2026-08-28,1.0.0
IC004,Dream village biohub,8.076801,0.194328,Ghana,FULL,,https://ecovillage.org/project/dream-village/ | https://ecovillage.org/gen_country/ghana/?post_type=gen_project | https://www.idealist.org/en/social-enterprise/56dba3154afd4d89bd876c4f287b9508-dream-village-zongo-macheri | https://ecovillage.org,Dream village biohub,Dream village biohub,no,Dream Village; Dream Village Biohub,SETTLEMENT,5,single_source_row,1,0.000,"8.076801,0.194328",SINGLE,8.076801,0.194328,HIGH,,GH,GHA,Oti Region,HIGH,coordinate_gazetteer+GEN_profile,https://ecovillage.org/project/dream-village/,GH,MAJORITY,Dambai (2.0 km),https://ecovillage.org,FIXED_GLOBAL_SOURCE,https://ecovillage.org/project/dream-village/,VERIFIED_COMMUNITY_SOURCE,search_index,"site:ecovillage.org returned 'Dream Village - Global Ecovillage Network'; page describes a 150-acre ecovillage in Ghana's Oti Region, matching the coordinate",G1,4,2,S3,S3,"[{""url"":""https://ecovillage.org/project/dream-village/"",""rank"":1,""source_class"":""S3"",""platform_type"":""directory listing"",""independence_group"":""G1"",""confidence"":""HIGH"",""quality_score"":0.7,""verification"":""search_index"",""evidence"":""Verified GEN community project page; the substantive description of the site""},{""url"":""https://ecovillage.org/gen_country/ghana/?post_type=gen_project"",""rank"":2,""source_class"":""S3"",""platform_type"":""directory listing"",""independence_group"":""G1"",""confidence"":""MEDIUM"",""quality_score"":0.4,""verification"":""search_index"",""evidence"":""GEN Ghana project index; route to sibling listings""},{""url"":""https://www.idealist.org/en/social-enterprise/56dba3154afd4d89bd876c4f287b9508-dream-village-zongo-macheri"",""rank"":3,""source_class"":""S3"",""platform_type"":""directory listing"",""independence_group"":""G4"",""confidence"":""LOW"",""quality_score"":0.2,""verification"":""search_index"",""evidence"":""Idealist entry for a 'Dream Village' - identity NOT confirmed as the same organisation; retained only as a review lead""},{""url"":""https://ecovillage.org"",""rank"":4,""source_class"":""S3"",""platform_type"":""directory listing"",""independence_group"":""G1"",""confidence"":""HIGH"",""quality_score"":0.1,""verification"":""fixed_global_source"",""evidence"":""Mandatory Global Ecovillage Network network-level seed, present on every row; not evidence that this community is GEN-registered - see gen_community_status""}]",search_index,,,,,COMPLETE,HIGH,no,,"Founded 2007 by Clement Matorwmasen; syntropic farm, Nubian vault classrooms. Coordinate 8.077N 0.194E falls in Oti Region near Dambai, agreeing with the GEN profile.",2026-08-28,1.0.0
IC005,Kuthumba Ecovillage,-33.978198,23.493313,South Africa,FULL,,https://kuthumba.co.za/ | https://kuthumba.co.za/opportunities/ | https://ecovillage.org/project/kuthumba-ecovillage/ | https://ecovillage.org/twinning-regenerative-educators-aldea-feliz-colombia-kuthumba-ecovillage-south-africa/ | https://ecovillage.org,Kuthumba Ecovillage,Kuthumba Ecovillage,no,Kuthumba; Kuthumba Eco Village and Forest Reserve,SETTLEMENT,6,single_source_row,1,0.000,"-33.978198,23.493313",SINGLE,-33.978198,23.493313,HIGH,,ZA,ZAF,Western Cape; Plettenberg Bay; Die Barakke,HIGH,coordinate_gazetteer+official_site,https://kuthumba.co.za/,ZA,UNANIMOUS,Plettenberg Bay (13.9 km),https://ecovillage.org,FIXED_GLOBAL_SOURCE,https://ecovillage.org/project/kuthumba-ecovillage/,VERIFIED_COMMUNITY_SOURCE,search_index,"site:ecovillage.org returned 'Kuthumba Ecovillage - Global Ecovillage Network' project page giving Plettenberg Bay, founded 1993",G1,5,1,S3; S4,S3,"[{""url"":""https://kuthumba.co.za/"",""rank"":1,""source_class"":""S4"",""platform_type"":""own website"",""independence_group"":""G1"",""confidence"":""HIGH"",""quality_score"":0.92,""verification"":""search_index"",""evidence"":""Official site""},{""url"":""https://kuthumba.co.za/opportunities/"",""rank"":2,""source_class"":""S4"",""platform_type"":""own website"",""independence_group"":""G1"",""confidence"":""HIGH"",""quality_score"":0.62,""verification"":""search_index"",""evidence"":""Land/participation page on the official site""},{""url"":""https://ecovillage.org/project/kuthumba-ecovillage/"",""rank"":3,""source_class"":""S3"",""platform_type"":""directory listing"",""independence_group"":""G1"",""confidence"":""HIGH"",""quality_score"":0.62,""verification"":""search_index"",""evidence"":""Verified GEN community project page with founding year and area""},{""url"":""https://ecovillage.org/twinning-regenerative-educators-aldea-feliz-colombia-kuthumba-ecovillage-south-africa/"",""rank"":4,""source_class"":""S3"",""platform_type"":""directory listing"",""independence_group"":""G1"",""confidence"":""HIGH"",""quality_score"":0.44,""verification"":""search_index"",""evidence"":""Dated GEN article on the Kuthumba/Aldea Feliz twinning - dated activity record""},{""url"":""https://ecovillage.org"",""rank"":5,""source_class"":""S3"",""platform_type"":""directory listing"",""independence_group"":""G1"",""confidence"":""HIGH"",""quality_score"":0.1,""verification"":""fixed_global_source"",""evidence"":""Mandatory Global Ecovillage Network network-level seed, present on every row; not evidence that this community is GEN-registered - see gen_community_status""}]",search_index,,,,,COMPLETE,HIGH,yes,single_independence_group,"Founded 1993; 160 ha, 32 properties; adjoins Tsitsikamma National Park.",2026-08-28,1.0.0
IC006,Ssamba Foundation – Uganda Volunteer Program,0.513729,32.732357,Uganda,FULL,,https://ssamba.org/ | https://ecovillage.org/ecovillage/ssamba-foundation/ | https://www.gooverseas.com/organization/ssamba-foundation-reviews | https://missionfinder.org/organizations/ssamba-foundation/ | https://ecovillage.org,Ssamba Foundation – Uganda Volunteer Program,Ssamba Foundation – Uganda Volunteer Program,no,Ssamba Foundation; Ssamba Foundation Uganda Volunteer Program,SETTLEMENT,7,single_source_row,1,0.000,"0.513729,32.732357",SINGLE,0.513729,32.732357,HIGH,,UG,UGA,Mukono District; Kyampisi sub-county,HIGH,coordinate_gazetteer+official_site,https://ssamba.org/,UG,UNANIMOUS,Kasangati (16.7 km),https://ecovillage.org,FIXED_GLOBAL_SOURCE,https://ecovillage.org/ecovillage/ssamba-foundation/,VERIFIED_COMMUNITY_SOURCE,search_index,site:ecovillage.org returned 'Ssamba Foundation - Uganda Volunteer Program - Global Ecovillage Network',G1,5,3,S3; S4,S3,"[{""url"":""https://ssamba.org/"",""rank"":1,""source_class"":""S4"",""platform_type"":""own website"",""independence_group"":""G1"",""confidence"":""HIGH"",""quality_score"":0.9,""verification"":""search_index"",""evidence"":""Official organisation site""},{""url"":""https://ecovillage.org/ecovillage/ssamba-foundation/"",""rank"":2,""source_class"":""S3"",""platform_type"":""directory listing"",""independence_group"":""G1"",""confidence"":""HIGH"",""quality_score"":0.62,""verification"":""search_index"",""evidence"":""Verified GEN community page""},{""url"":""https://www.gooverseas.com/organization/ssamba-foundation-reviews"",""rank"":3,""source_class"":""S3"",""platform_type"":""booking or hosting"",""independence_group"":""G5"",""confidence"":""MEDIUM"",""quality_score"":0.38,""verification"":""search_index"",""evidence"":""Volunteer platform with independent reviews describing the site's activities""},{""url"":""https://missionfinder.org/organizations/ssamba-foundation/"",""rank"":4,""source_class"":""S3"",""platform_type"":""directory listing"",""independence_group"":""G6"",""confidence"":""MEDIUM"",""quality_score"":0.28,""verification"":""search_index"",""evidence"":""Third-party NGO directory entry""},{""url"":""https://ecovillage.org"",""rank"":5,""source_class"":""S3"",""platform_type"":""directory listing"",""independence_group"":""G1"",""confidence"":""HIGH"",""quality_score"":0.1,""verification"":""fixed_global_source"",""evidence"":""Mandatory Global Ecovillage Network network-level seed, present on every row; not evidence that this community is GEN-registered - see gen_community_status""}]",search_index,,,,,COMPLETE,HIGH,no,,"NGO founded 2006 by Isaac Ssamba, Mukono district ~35 km from Kampala. Settlement-type eligibility (E2) is a question for the coder: this is an NGO/volunteer programme rather than a residential village.",2026-08-28,1.0.0
IC007,SEKEM,30.420438,31.635801,Egypt,FULL,,https://sekem.com/en/ | https://www.unep.org/championsofearth/laureates/2024/sekem | https://sekem.com/en/ecology/sekem-agriculture/ | https://futureoffood.org/publication-library/sekem-transforming-egypts-desert-through-sustainable-agriculture/ | https://futureoffood.org/insights/sekem/ | https://ecovillage.org/project/sekem/ | https://biodynamiclandtrust.org.uk/sekem-biodynamics-egyptian-desert/ | https://ecovillage.org,SEKEM,SEKEM,no,SEKEM Initiative; SEKEM Group; Sekem Ecovillage,SETTLEMENT,8,single_source_row,1,0.000,"30.420438,31.635801",SINGLE,30.420438,31.635801,HIGH,,EG,EGY,Sharqia Governorate; Belbeis; desert NE of Cairo,HIGH,coordinate_gazetteer+official_site,https://sekem.com/en/,EG,UNANIMOUS,Bilbeis (7.1 km),https://ecovillage.org,FIXED_GLOBAL_SOURCE,https://ecovillage.org/project/sekem/,VERIFIED_COMMUNITY_SOURCE,search_index,site:ecovillage.org returned 'SEKEM - Global Ecovillage Network' project page,G1,8,4,S2; S3; S4; S6,S2,"[{""url"":""https://sekem.com/en/"",""rank"":1,""source_class"":""S4"",""platform_type"":""own website"",""independence_group"":""G1"",""confidence"":""HIGH"",""quality_score"":0.95,""verification"":""search_index"",""evidence"":""Official site""},{""url"":""https://sekem.com/en/ecology/sekem-agriculture/"",""rank"":3,""source_class"":""S4"",""platform_type"":""own website"",""independence_group"":""G1"",""confidence"":""HIGH"",""quality_score"":0.8,""verification"":""search_index"",""evidence"":""Agriculture/land-use section""},{""url"":""https://www.unep.org/championsofearth/laureates/2024/sekem"",""rank"":2,""source_class"":""S2"",""platform_type"":""other"",""independence_group"":""G2"",""confidence"":""HIGH"",""quality_score"":0.85,""verification"":""search_index"",""evidence"":""UN Environment Programme laureate record - institutional, dated""},{""url"":""https://futureoffood.org/insights/sekem/"",""rank"":5,""source_class"":""S2"",""platform_type"":""other"",""independence_group"":""G3"",""confidence"":""HIGH"",""quality_score"":0.7,""verification"":""search_index"",""evidence"":""Global Alliance for the Future of Food case study - NGO report""},{""url"":""https://futureoffood.org/publication-library/sekem-transforming-egypts-desert-through-sustainable-agriculture/"",""rank"":4,""source_class"":""S2"",""platform_type"":""other"",""independence_group"":""G3"",""confidence"":""HIGH"",""quality_score"":0.72,""verification"":""search_index"",""evidence"":""Same NGO, publication-library record - document-rich""},{""url"":""https://biodynamiclandtrust.org.uk/sekem-biodynamics-egyptian-desert/"",""rank"":7,""source_class"":""S6"",""platform_type"":""other"",""independence_group"":""G4"",""confidence"":""MEDIUM"",""quality_score"":0.45,""verification"":""search_index"",""evidence"":""Biodynamic Land Trust account""},{""url"":""https://ecovillage.org/project/sekem/"",""rank"":6,""source_class"":""S3"",""platform_type"":""directory listing"",""independence_group"":""G1"",""confidence"":""HIGH"",""quality_score"":0.6,""verification"":""search_index"",""evidence"":""Verified GEN community project page""},{""url"":""https://ecovillage.org"",""rank"":8,""source_class"":""S3"",""platform_type"":""directory listing"",""independence_group"":""G1"",""confidence"":""HIGH"",""quality_score"":0.1,""verification"":""fixed_global_source"",""evidence"":""Mandatory Global Ecovillage Network network-level seed, present on every row; not evidence that this community is GEN-registered - see gen_community_status""}]",search_index,,,,,COMPLETE,HIGH,no,,Founded 1977 by Ibrahim Abouleish; 640+ ha biodynamic desert reclamation. Right Livelihood Award 2003; UNEP Champions of the Earth 2024. Heavily studied - strong academic yield expected.,2026-08-28,1.0.0
IC008,Kufunda Village,-17.976451,31.156586,Zimbabwe,FULL,,https://www.kufunda.org/ | https://www.newsday.co.zw/2013/10/kufunda-village-typifies-living-sustainable-community | https://ecovillage.org/project/kufunda-village/ | https://ecoversities.org/ecoversity/kufunda-village/ | https://sustainableagriculturezimbabwe.wordpress.com/2013/08/29/kufunda-village-ruwa/ | https://www.instagram.com/kufundalearningvillage/ | https://ecovillage.org,Kufunda Village,Kufunda Village,no,Kufunda; Kufunda Learning Village,SETTLEMENT,9,single_source_row,1,0.000,"-17.976451,31.156586",SINGLE,-17.976451,31.156586,HIGH,,ZW,ZWE,Mashonaland East; Ruwa; ~40 km from Harare,HIGH,coordinate_gazetteer+official_site,https://www.kufunda.org/,ZW,UNANIMOUS,Chitungwiza (9.5 km),https://ecovillage.org,FIXED_GLOBAL_SOURCE,https://ecovillage.org/project/kufunda-village/,VERIFIED_COMMUNITY_SOURCE,search_index,site:ecovillage.org returned 'Kufunda Village - Global Ecovillage Network' project page,G1,7,4,S3; S4; S6; S7,S3,"[{""url"":""https://www.kufunda.org/"",""rank"":1,""source_class"":""S4"",""platform_type"":""own website"",""independence_group"":""G1"",""confidence"":""HIGH"",""quality_score"":0.93,""verification"":""search_index"",""evidence"":""Official site""},{""url"":""https://ecovillage.org/project/kufunda-village/"",""rank"":3,""source_class"":""S3"",""platform_type"":""directory listing"",""independence_group"":""G1"",""confidence"":""HIGH"",""quality_score"":0.62,""verification"":""search_index"",""evidence"":""Verified GEN project page""},{""url"":""https://ecoversities.org/ecoversity/kufunda-village/"",""rank"":4,""source_class"":""S3"",""platform_type"":""directory listing"",""independence_group"":""G2"",""confidence"":""MEDIUM"",""quality_score"":0.5,""verification"":""search_index"",""evidence"":""Ecoversities alliance profile - separately edited network""},{""url"":""https://www.newsday.co.zw/2013/10/kufunda-village-typifies-living-sustainable-community"",""rank"":2,""source_class"":""S6"",""platform_type"":""news outlet"",""independence_group"":""G3"",""confidence"":""HIGH"",""quality_score"":0.66,""verification"":""search_index"",""evidence"":""Dated 2013 national newspaper report - independent""},{""url"":""https://sustainableagriculturezimbabwe.wordpress.com/2013/08/29/kufunda-village-ruwa/"",""rank"":5,""source_class"":""S6"",""platform_type"":""blog platform"",""independence_group"":""G4"",""confidence"":""MEDIUM"",""quality_score"":0.48,""verification"":""search_index"",""evidence"":""Dated 2013 third-party field account naming Ruwa""},{""url"":""https://www.instagram.com/kufundalearningvillage/"",""rank"":6,""source_class"":""S7"",""platform_type"":""Instagram"",""independence_group"":""G1"",""confidence"":""HIGH"",""quality_score"":0.25,""verification"":""search_index"",""evidence"":""Official account; expect BLOCKED to automated reading""},{""url"":""https://ecovillage.org"",""rank"":7,""source_class"":""S3"",""platform_type"":""directory listing"",""independence_group"":""G1"",""confidence"":""HIGH"",""quality_score"":0.1,""verification"":""fixed_global_source"",""evidence"":""Mandatory Global Ecovillage Network network-level seed, present on every row; not evidence that this community is GEN-registered - see gen_community_status""}]",search_index,,,,,COMPLETE,HIGH,no,,"Co-founded 2001 by Maaianne Knuth; permaculture moving to biodynamic, Waldorf school.",2026-08-28,1.0.0
IC009,The Unity Eco-Village,28.224812,83.879931,Nepal,FULL,,https://www.unityecovillage.com.np/ | https://ecovillage.org/ecovillage/the-unity-eco-village-sidhane/ | https://www.unityecovillage.com.np/contact-us/ | https://www.facebook.com/TheUnityEcoVillage/ | https://www.worldpackers.com/positions/68973 | https://www.givingway.com/organization/the-unity-eco-village | https://ecovillage.org,The Unity Eco-Village,The Unity Eco-Village,no,The Unity Eco Village; Unity Eco Village Sidhane; Unity Ecovillage Chapakot,SETTLEMENT,10,single_source_row,1,0.000,"28.224812,83.879931",SINGLE,28.224812,83.879931,HIGH,,NP,NPL,Gandaki Province; Pokhara Metropolitan City ward 23; Chapakot/Sidhane,HIGH,coordinate_gazetteer+official_site,https://www.unityecovillage.com.np/,NP,UNANIMOUS,Pokhara (9.9 km),https://ecovillage.org,FIXED_GLOBAL_SOURCE,https://ecovillage.org/ecovillage/the-unity-eco-village-sidhane/,VERIFIED_COMMUNITY_SOURCE,search_index,site:ecovillage.org returned 'The Unity Eco Village Sidhane - Global Ecovillage Network',G1,7,3,S3; S4; S7,S3,"[{""url"":""https://www.unityecovillage.com.np/"",""rank"":1,""source_class"":""S4"",""platform_type"":""own website"",""independence_group"":""G1"",""confidence"":""HIGH"",""quality_score"":0.9,""verification"":""search_index"",""evidence"":""Official site""},{""url"":""https://www.unityecovillage.com.np/contact-us/"",""rank"":3,""source_class"":""S4"",""platform_type"":""own website"",""independence_group"":""G1"",""confidence"":""HIGH"",""quality_score"":0.55,""verification"":""search_index"",""evidence"":""Address/contact page - locality confirmation""},{""url"":""https://ecovillage.org/ecovillage/the-unity-eco-village-sidhane/"",""rank"":2,""source_class"":""S3"",""platform_type"":""directory listing"",""independence_group"":""G1"",""confidence"":""HIGH"",""quality_score"":0.62,""verification"":""search_index"",""evidence"":""Verified GEN community page""},{""url"":""https://www.facebook.com/TheUnityEcoVillage/"",""rank"":4,""source_class"":""S7"",""platform_type"":""Facebook"",""independence_group"":""G1"",""confidence"":""HIGH"",""quality_score"":0.35,""verification"":""search_index"",""evidence"":""Official page; dated video posts naming Chapakot-23""},{""url"":""https://www.worldpackers.com/positions/68973"",""rank"":5,""source_class"":""S3"",""platform_type"":""booking or hosting"",""independence_group"":""G2"",""confidence"":""MEDIUM"",""quality_score"":0.3,""verification"":""search_index"",""evidence"":""Volunteer platform listing describing the land and work""},{""url"":""https://www.givingway.com/organization/the-unity-eco-village"",""rank"":6,""source_class"":""S3"",""platform_type"":""directory listing"",""independence_group"":""G3"",""confidence"":""MEDIUM"",""quality_score"":0.26,""verification"":""search_index"",""evidence"":""Third-party NGO directory entry""},{""url"":""https://ecovillage.org"",""rank"":7,""source_class"":""S3"",""platform_type"":""directory listing"",""independence_group"":""G1"",""confidence"":""HIGH"",""quality_score"":0.1,""verification"":""fixed_global_source"",""evidence"":""Mandatory Global Ecovillage Network network-level seed, present on every row; not evidence that this community is GEN-registered - see gen_community_status""}]",search_index,,,,,COMPLETE,HIGH,no,,"Plastic-waste recycling, organic farming, eco-tourism. Coordinate falls in the Pokhara area, agreeing with the stated ward 23 Chapakot address.",2026-08-28,1.0.0
IC010,Cabiokid Foundation,15.229279,120.848381,Philippines,FULL,,https://rappler.com/life-and-style/cabiokid-eco-technology-farming-sustainability | https://mb.com.ph/2021/03/28/product-developer-from-belgium-built-a-permaculture-farm-in-nueva-ecija/ | https://permacultureglobal.org/projects/1041-cabiokid | https://agriculture.com.ph/2021/11/11/integrated-farm-in-nueva-ecija-follows-permaculture-principles-for-self-sufficiency-and-sustainability/ | https://www.facebook.com/CaBIOKid/ | https://lgucabiao.gov.ph/municipal-profile/ | https://ecovillage.org,Cabiokid Foundation,Cabiokid Foundation,no,Cabiokid; Cabiokid Foundation Inc.; CaBIOKid,SETTLEMENT,11,single_source_row,1,0.000,"15.229279,120.848381",SINGLE,15.229279,120.848381,HIGH,,PH,PHL,Central Luzon; Nueva Ecija; Cabiao; Brgy. Sta. Rita,HIGH,coordinate_gazetteer+published_source,https://permacultureglobal.org/projects/1041-cabiokid,PH,UNANIMOUS,Cabiao (2.3 km),https://ecovillage.org,FIXED_GLOBAL_SOURCE,,NOT_FOUND,search_index_negative,"site:ecovillage.org search returned GEN Philippines listings (Buntong Bukid, Green Village Calauan, Maia Earth Village) but no Cabiokid page",G1,7,6,S2; S3; S6; S7,S2,"[{""url"":""https://permacultureglobal.org/projects/1041-cabiokid"",""rank"":3,""source_class"":""S3"",""platform_type"":""directory listing"",""independence_group"":""G2"",""confidence"":""HIGH"",""quality_score"":0.62,""verification"":""search_index"",""evidence"":""Worldwide Permaculture Network project record - independently curated database""},{""url"":""https://www.facebook.com/CaBIOKid/"",""rank"":5,""source_class"":""S7"",""platform_type"":""Facebook"",""independence_group"":""G1"",""confidence"":""HIGH"",""quality_score"":0.45,""verification"":""search_index"",""evidence"":""Official page - the community's principal current channel""},{""url"":""https://rappler.com/life-and-style/cabiokid-eco-technology-farming-sustainability"",""rank"":1,""source_class"":""S6"",""platform_type"":""news outlet"",""independence_group"":""G3"",""confidence"":""HIGH"",""quality_score"":0.7,""verification"":""search_index"",""evidence"":""Rappler feature 'Cabiokid: Sanctuary of sustainability' - independent national journalism""},{""url"":""https://mb.com.ph/2021/03/28/product-developer-from-belgium-built-a-permaculture-farm-in-nueva-ecija/"",""rank"":2,""source_class"":""S6"",""platform_type"":""news outlet"",""independence_group"":""G4"",""confidence"":""HIGH"",""quality_score"":0.66,""verification"":""search_index"",""evidence"":""Manila Bulletin, dated 2021, founder and site history""},{""url"":""https://agriculture.com.ph/2021/11/11/integrated-farm-in-nueva-ecija-follows-permaculture-principles-for-self-sufficiency-and-sustainability/"",""rank"":4,""source_class"":""S6"",""platform_type"":""news outlet"",""independence_group"":""G5"",""confidence"":""HIGH"",""quality_score"":0.6,""verification"":""search_index"",""evidence"":""Agriculture Monthly, dated 2021, practice detail""},{""url"":""https://lgucabiao.gov.ph/municipal-profile/"",""rank"":6,""source_class"":""S2"",""platform_type"":""other"",""independence_group"":""G6"",""confidence"":""MEDIUM"",""quality_score"":0.4,""verification"":""search_index"",""evidence"":""Municipality of Cabiao official profile - government context for the locality""},{""url"":""https://ecovillage.org"",""rank"":7,""source_class"":""S3"",""platform_type"":""directory listing"",""independence_group"":""G1"",""confidence"":""HIGH"",""quality_score"":0.1,""verification"":""fixed_global_source"",""evidence"":""Mandatory Global Ecovillage Network network-level seed, present on every row; not evidence that this community is GEN-registered - see gen_community_status""}]",search_index,,,,,COMPLETE,HIGH,no,,Founded 2000/established 2002 by Bert Peeters; 13-14.5 ha permaculture site converted from monocrop riceland. Not GEN-registered; listed on the Worldwide Permaculture Network instead.,2026-08-28,1.0.0
IC011,Konohana Family,35.255504,138.567401,Japan,FULL,,https://ourworld.unu.edu/en/konohana | https://ecovillagebook.org/ecovillages/konohana/ | https://ecovillage.org/food-sovereignty-of-konohana-family/ | http://gen.ecovillage.org/es/konohana-family | https://www.nancymatsumoto.com/articles-old/articles/216/powered-by-microbials-organic-farming-japanese-style | https://numundo.org/center/japan/konohana-family | https://earth-haven.com/konohana-family-japan/ | https://ecovillage.org,Konohana Family,Konohana Family,no,Konohana Family; Konohana Farm; Konohana Familii,SETTLEMENT,12,single_source_row,1,0.000,"35.255504,138.567401",SINGLE,35.255504,138.567401,HIGH,,JP,JPN,Shizuoka Prefecture; Fujinomiya City,HIGH,coordinate_gazetteer+published_source,https://ourworld.unu.edu/en/konohana,JP,UNANIMOUS,Fujinomiya (6.2 km),https://ecovillage.org,FIXED_GLOBAL_SOURCE,http://gen.ecovillage.org/es/konohana-family,VERIFIED_COMMUNITY_SOURCE_LEGACY_HOST,search_index,Search returned a GEN community page on the legacy host gen.ecovillage.org; no current ecovillage.org/project page surfaced. Recorded as GEN-associated on a legacy GEN URL - re-check on the live site.,G1,8,5,S1; S2; S3; S6,S1,"[{""url"":""https://ourworld.unu.edu/en/konohana"",""rank"":1,""source_class"":""S2"",""platform_type"":""other"",""independence_group"":""G2"",""confidence"":""HIGH"",""quality_score"":0.82,""verification"":""search_index"",""evidence"":""United Nations University 'Our World' article - institutional, independent""},{""url"":""http://gen.ecovillage.org/es/konohana-family"",""rank"":4,""source_class"":""S3"",""platform_type"":""directory listing"",""independence_group"":""G1"",""confidence"":""MEDIUM"",""quality_score"":0.5,""verification"":""search_index"",""evidence"":""GEN community page on the legacy gen.ecovillage.org host""},{""url"":""https://ecovillage.org/food-sovereignty-of-konohana-family/"",""rank"":3,""source_class"":""S3"",""platform_type"":""directory listing"",""independence_group"":""G1"",""confidence"":""HIGH"",""quality_score"":0.52,""verification"":""search_index"",""evidence"":""GEN article on Konohana food sovereignty - dated network material""},{""url"":""https://numundo.org/center/japan/konohana-family"",""rank"":6,""source_class"":""S3"",""platform_type"":""directory listing"",""independence_group"":""G1"",""confidence"":""MEDIUM"",""quality_score"":0.4,""verification"":""search_index"",""evidence"":""NuMundo centre listing, self-submitted""},{""url"":""https://ecovillagebook.org/ecovillages/konohana/"",""rank"":2,""source_class"":""S1"",""platform_type"":""other"",""independence_group"":""G3"",""confidence"":""HIGH"",""quality_score"":0.72,""verification"":""search_index"",""evidence"":""Companion site to 'Ecovillages: Lessons for Sustainable Community' (Litfin) - academic monograph material""},{""url"":""https://www.nancymatsumoto.com/articles-old/articles/216/powered-by-microbials-organic-farming-japanese-style"",""rank"":5,""source_class"":""S6"",""platform_type"":""other"",""independence_group"":""G4"",""confidence"":""MEDIUM"",""quality_score"":0.5,""verification"":""search_index"",""evidence"":""Independent journalism on the farming method""},{""url"":""https://earth-haven.com/konohana-family-japan/"",""rank"":7,""source_class"":""S3"",""platform_type"":""directory listing"",""independence_group"":""G5"",""confidence"":""LOW"",""quality_score"":0.24,""verification"":""search_index"",""evidence"":""Third-party ecovillage directory entry""},{""url"":""https://ecovillage.org"",""rank"":8,""source_class"":""S3"",""platform_type"":""directory listing"",""independence_group"":""G1"",""confidence"":""HIGH"",""quality_score"":0.1,""verification"":""fixed_global_source"",""evidence"":""Mandatory Global Ecovillage Network network-level seed, present on every row; not evidence that this community is GEN-registered - see gen_community_status""}]",search_index,,,,,COMPLETE,HIGH,yes,gen_page_qualified,"Founded 1994 as Konohana Farm, 20 founding members; ~60-100 residents, 16 ha, 250+ crops at the foot of Mt Fuji.",2026-08-28,1.0.0
IC012,Southern Life Community,26.203635,119.190170,China,FULL,,https://ecovillage.org/project/southern-life-community | https://en.wikipedia.org/wiki/Ecovillages_in_China | https://ecovillage.org/gen_country/china/ | https://ecovillage.org,Southern Life Community,Southern Life Community,no,Southern Life Community; Southern Life,SETTLEMENT,13,single_source_row,1,0.000,"26.203635,119.190170",SINGLE,26.203635,119.190170,HIGH,,CN,CHN,Fujian Province; Fuzhou area,HIGH,coordinate_gazetteer+GEN_profile,https://ecovillage.org/project/southern-life-community,CN,UNANIMOUS,Fuzhou (19.6 km),https://ecovillage.org,FIXED_GLOBAL_SOURCE,https://ecovillage.org/project/southern-life-community,VERIFIED_COMMUNITY_SOURCE,search_index,site:ecovillage.org returned 'Southern Life Community - Global Ecovillage Network' project page,G1,4,2,S3; S6,S3,"[{""url"":""https://ecovillage.org/project/southern-life-community"",""rank"":1,""source_class"":""S3"",""platform_type"":""directory listing"",""independence_group"":""G1"",""confidence"":""HIGH"",""quality_score"":0.7,""verification"":""search_index"",""evidence"":""Verified GEN project page - the substantive description available""},{""url"":""https://ecovillage.org/gen_country/china/"",""rank"":3,""source_class"":""S3"",""platform_type"":""directory listing"",""independence_group"":""G1"",""confidence"":""MEDIUM"",""quality_score"":0.35,""verification"":""search_index"",""evidence"":""GEN China index - route to sibling listings and updates""},{""url"":""https://en.wikipedia.org/wiki/Ecovillages_in_China"",""rank"":2,""source_class"":""S6"",""platform_type"":""other"",""independence_group"":""G2"",""confidence"":""MEDIUM"",""quality_score"":0.4,""verification"":""search_index"",""evidence"":""Encyclopaedic overview of Chinese ecovillages - context and cross-references""},{""url"":""https://ecovillage.org"",""rank"":4,""source_class"":""S3"",""platform_type"":""directory listing"",""independence_group"":""G1"",""confidence"":""HIGH"",""quality_score"":0.1,""verification"":""fixed_global_source"",""evidence"":""Mandatory Global Ecovillage Network network-level seed, present on every row; not evidence that this community is GEN-registered - see gen_community_status""}]",search_index,,,,,COMPLETE,MEDIUM,yes,identity_confidence_below_high,GEN describes a 20-year settlement-lifestyle experiment in mainland China. No independent non-GEN source located in this pass; general web search for the English name was interrupted by a transient search failure and should be repeated.,2026-08-28,1.0.0
IC013,Manav Chetna Vikas Kendra (MCVK),22.625327,76.032970,India,FULL,,https://ecovillage.org/ecovillage/manav-chetna-vikas-kendra-mcvk/ | https://ecovillage.org,Manav Chetna Vikas Kendra (MCVK),Manav Chetna Vikas Kendra (MCVK),no,MCVK; Manav Chetna Vikas Kendra; Centre for Human Consciousness Development,SETTLEMENT,14,single_source_row,1,0.000,"22.625327,76.032970",SINGLE,22.625327,76.032970,HIGH,,IN,IND,"Madhya Pradesh; Indore district; Village Pivday, Devguradia-Kampel Road",HIGH,coordinate_gazetteer+GEN_profile,https://ecovillage.org/ecovillage/manav-chetna-vikas-kendra-mcvk/,IN,UNANIMOUS,Pālda (15.5 km),https://ecovillage.org,FIXED_GLOBAL_SOURCE,https://ecovillage.org/ecovillage/manav-chetna-vikas-kendra-mcvk/,VERIFIED_COMMUNITY_SOURCE,search_index,site:ecovillage.org returned 'Manav Chetna Vikas Kendra (MCVK) - Global Ecovillage Network' with the Indore 452020 address,G1,2,1,S3,S3,"[{""url"":""https://ecovillage.org/ecovillage/manav-chetna-vikas-kendra-mcvk/"",""rank"":1,""source_class"":""S3"",""platform_type"":""directory listing"",""independence_group"":""G1"",""confidence"":""HIGH"",""quality_score"":0.7,""verification"":""search_index"",""evidence"":""Verified GEN community page with postal address""},{""url"":""https://ecovillage.org"",""rank"":2,""source_class"":""S3"",""platform_type"":""directory listing"",""independence_group"":""G1"",""confidence"":""HIGH"",""quality_score"":0.1,""verification"":""fixed_global_source"",""evidence"":""Mandatory Global Ecovillage Network network-level seed, present on every row; not evidence that this community is GEN-registered - see gen_community_status""}]",search_index,,,,,COMPLETE,MEDIUM,yes,thin_source_set; single_independence_group; identity_confidence_below_high,"GEN gives a Pivday/Indore address; the supplied coordinate 22.625N 76.033E sits well west of Indore, so the coordinate and the published address need reconciling (register A5 coordinate_agreement). General web search failed transiently and should be repeated.",2026-08-28,1.0.0
IC014,Kibbutz Lotan,29.988996,35.086617,Israel,FULL,,https://kibbutzlotan.com/en/home-en/ | https://kibbutzlotan.com/en/about-cfce-en/ | https://kibbutzlotan.com/en/cfce/building-jewish-sustainable-communities/?lang=en | https://ecovillage.org/project/kibbutz-lotan/ | https://ecovillage.org/kibbutz-lotan-mud-and-straw-homes/ | https://reformjudaism.org/blog/experiencing-israeli-environmentalism-kibbutz-lotan | https://numundo.org/center/israel/kibbutz-lotan-center-for-creative-ecology | https://ecovillage.org,Kibbutz Lotan,Kibbutz Lotan,no,Lotan; Kibbutz Lotan Center for Creative Ecology; CfCE,SETTLEMENT,15,single_source_row,1,0.000,"29.988996,35.086617",SINGLE,29.988996,35.086617,HIGH,,IL,ISR,"Southern District; Hevel Eilot; southern Arava Valley, ~55 km north of Eilat",MEDIUM,published_source_overrides_gazetteer,https://ecovillage.org/project/kibbutz-lotan/,JO,SPLIT,Eilat (49.7 km),https://ecovillage.org,FIXED_GLOBAL_SOURCE,https://ecovillage.org/project/kibbutz-lotan/,VERIFIED_COMMUNITY_SOURCE,search_index,"site:ecovillage.org returned 'Kibbutz Lotan - Global Ecovillage Network' project page placing it 55 km north of Eilat, Israel",G1,8,2,S3; S4; S6,S3,"[{""url"":""https://kibbutzlotan.com/en/home-en/"",""rank"":1,""source_class"":""S4"",""platform_type"":""own website"",""independence_group"":""G1"",""confidence"":""HIGH"",""quality_score"":0.93,""verification"":""search_index"",""evidence"":""Official English site""},{""url"":""https://kibbutzlotan.com/en/about-cfce-en/"",""rank"":2,""source_class"":""S4"",""platform_type"":""own website"",""independence_group"":""G1"",""confidence"":""HIGH"",""quality_score"":0.8,""verification"":""search_index"",""evidence"":""Center for Creative Ecology - the ecological programme itself""},{""url"":""https://kibbutzlotan.com/en/cfce/building-jewish-sustainable-communities/?lang=en"",""rank"":3,""source_class"":""S4"",""platform_type"":""own website"",""independence_group"":""G1"",""confidence"":""HIGH"",""quality_score"":0.62,""verification"":""search_index"",""evidence"":""Programme page; URL carries a query parameter - a delimiter-safety test case""},{""url"":""https://ecovillage.org/project/kibbutz-lotan/"",""rank"":4,""source_class"":""S3"",""platform_type"":""directory listing"",""independence_group"":""G1"",""confidence"":""HIGH"",""quality_score"":0.62,""verification"":""search_index"",""evidence"":""Verified GEN project page with population and land use""},{""url"":""https://ecovillage.org/kibbutz-lotan-mud-and-straw-homes/"",""rank"":5,""source_class"":""S3"",""platform_type"":""directory listing"",""independence_group"":""G1"",""confidence"":""HIGH"",""quality_score"":0.5,""verification"":""search_index"",""evidence"":""GEN article on the straw-bale building work - specific dated practice""},{""url"":""https://reformjudaism.org/blog/experiencing-israeli-environmentalism-kibbutz-lotan"",""rank"":6,""source_class"":""S6"",""platform_type"":""other"",""independence_group"":""G2"",""confidence"":""MEDIUM"",""quality_score"":0.44,""verification"":""search_index"",""evidence"":""Independent account of the environmental programme""},{""url"":""https://numundo.org/center/israel/kibbutz-lotan-center-for-creative-ecology"",""rank"":7,""source_class"":""S3"",""platform_type"":""directory listing"",""independence_group"":""G1"",""confidence"":""MEDIUM"",""quality_score"":0.32,""verification"":""search_index"",""evidence"":""NuMundo listing, self-submitted""},{""url"":""https://ecovillage.org"",""rank"":8,""source_class"":""S3"",""platform_type"":""directory listing"",""independence_group"":""G1"",""confidence"":""HIGH"",""quality_score"":0.1,""verification"":""fixed_global_source"",""evidence"":""Mandatory Global Ecovillage Network network-level seed, present on every row; not evidence that this community is GEN-registered - see gen_community_status""}]",search_index,,,,,COMPLETE,HIGH,yes,country_corrected_from_gazetteer; gazetteer_split,"country corrected from the gazetteer's Jordan to Israel on published evidence; the nearest large town lies across a border, a coast or a lake | COUNTRY CORRECTION: the k-nearest gazetteer vote returned Jordan because Jordanian towns across the Gulf of Aqaba are nearer than Israeli ones. Published sources place Lotan in the Israeli Arava; Israel is recorded. GEN Ecovillage Excellence award 2006; Ministry of the Environment Shield 2000.",2026-08-28,1.0.0
IC015,Biosphere Foundation,-8.160640,114.585539,Indonesia,FULL,,https://biospherefoundation.org/project/menjangan-island-coral-reef-conservation/ | https://sdgs.un.org/partnerships/community-based-coral-reef-restoration-pemuteran-buleleng-bali | https://ecovillage.org/project/biosphere-foundation/ | https://www.tfhmagazine.com/articles/saltwater/coral-reef-restoration-in-pemuteran-the-biorock-project-full-article | https://ecoversities.org/ecoversity/biosphere-foundation/ | https://www.linkedin.com/company/biosphere-foundation | https://ecovillage.org,Biosphere Foundation,Biosphere Foundation,no,Biosphere Foundation; PT Biosphere Stewardship Center; Yayasan Biosfir Indonesia,SETTLEMENT,16,single_source_row,1,0.000,"-8.160640,114.585539",SINGLE,-8.160640,114.585539,HIGH,,ID,IDN,Bali; Buleleng Regency; Pemuteran / Bali Barat National Park,HIGH,coordinate_gazetteer+official_site,https://biospherefoundation.org/,ID,UNANIMOUS,Negara (22.1 km),https://ecovillage.org,FIXED_GLOBAL_SOURCE,https://ecovillage.org/project/biosphere-foundation/,VERIFIED_COMMUNITY_SOURCE,search_index,site:ecovillage.org returned 'Biosphere Foundation - Global Ecovillage Network' project page describing the Bali Barat operation,G1,7,4,S2; S3; S4; S6; S7,S2,"[{""url"":""https://biospherefoundation.org/project/menjangan-island-coral-reef-conservation/"",""rank"":1,""source_class"":""S4"",""platform_type"":""own website"",""independence_group"":""G1"",""confidence"":""HIGH"",""quality_score"":0.8,""verification"":""search_index"",""evidence"":""Official project page for the Menjangan/Bali Barat work""},{""url"":""https://ecovillage.org/project/biosphere-foundation/"",""rank"":3,""source_class"":""S3"",""platform_type"":""directory listing"",""independence_group"":""G1"",""confidence"":""HIGH"",""quality_score"":0.66,""verification"":""search_index"",""evidence"":""Verified GEN project page""},{""url"":""https://ecoversities.org/ecoversity/biosphere-foundation/"",""rank"":5,""source_class"":""S3"",""platform_type"":""directory listing"",""independence_group"":""G2"",""confidence"":""MEDIUM"",""quality_score"":0.48,""verification"":""search_index"",""evidence"":""Ecoversities alliance profile""},{""url"":""https://sdgs.un.org/partnerships/community-based-coral-reef-restoration-pemuteran-buleleng-bali"",""rank"":2,""source_class"":""S2"",""platform_type"":""other"",""independence_group"":""G3"",""confidence"":""HIGH"",""quality_score"":0.78,""verification"":""search_index"",""evidence"":""UN SDG partnership register entry - dated institutional record for the Pemuteran restoration""},{""url"":""https://www.tfhmagazine.com/articles/saltwater/coral-reef-restoration-in-pemuteran-the-biorock-project-full-article"",""rank"":4,""source_class"":""S6"",""platform_type"":""other"",""independence_group"":""G4"",""confidence"":""MEDIUM"",""quality_score"":0.5,""verification"":""search_index"",""evidence"":""Long-form independent account of the Biorock project""},{""url"":""https://www.linkedin.com/company/biosphere-foundation"",""rank"":6,""source_class"":""S7"",""platform_type"":""LinkedIn"",""independence_group"":""G1"",""confidence"":""MEDIUM"",""quality_score"":0.22,""verification"":""search_index"",""evidence"":""Organisation page; expect BLOCKED to automated reading""},{""url"":""https://ecovillage.org"",""rank"":7,""source_class"":""S3"",""platform_type"":""directory listing"",""independence_group"":""G1"",""confidence"":""HIGH"",""quality_score"":0.1,""verification"":""fixed_global_source"",""evidence"":""Mandatory Global Ecovillage Network network-level seed, present on every row; not evidence that this community is GEN-registered - see gen_community_status""}]",search_index,,,,,COMPLETE,MEDIUM,yes,identity_confidence_below_high,"US non-profit with Biosphere 2 heritage; Bali operations in Bali Barat National Park / Pemuteran. Coordinate -8.161,114.586 sits in west Bali consistent with Bali Barat. Settlement-type eligibility (E2) is a coder question: a stewardship centre rather than a residential village.",2026-08-28,1.0.0
IC016,TI EcoVillage,12.833221,77.498425,India,FULL,,https://ecovillage.org/project/ti-ecovillage/ | https://ecovillage.org/hildur-jackson-award-2020/ | https://genoaecovillage.org/hildur-jackson-award/ | https://www.youtube.com/watch?v=x8Qxhc_ph5s | https://www.youtube.com/watch?v=EF2gLkxtvpo | https://ecovillage.org,TI EcoVillage,TI EcoVillage,no,TI Ecovillage; TI EcoVillage Bangalore,SETTLEMENT,17,single_source_row,1,0.000,"12.833221,77.498425",SINGLE,12.833221,77.498425,HIGH,,IN,IND,Karnataka; Bengaluru Urban; Jigani / Anekal,HIGH,coordinate_gazetteer+GEN_profile,https://ecovillage.org/project/ti-ecovillage/,IN,UNANIMOUS,Jigani (16.1 km),https://ecovillage.org,FIXED_GLOBAL_SOURCE,https://ecovillage.org/project/ti-ecovillage/,VERIFIED_COMMUNITY_SOURCE,search_index,site:ecovillage.org returned 'TI EcoVillage - Global Ecovillage Network' project page; GEN also carries the 2020 Hildur Jackson Award pages,G1,6,1,S3; S7,S3,"[{""url"":""https://ecovillage.org/project/ti-ecovillage/"",""rank"":1,""source_class"":""S3"",""platform_type"":""directory listing"",""independence_group"":""G1"",""confidence"":""HIGH"",""quality_score"":0.7,""verification"":""search_index"",""evidence"":""Verified GEN project page - principal substantive description""},{""url"":""https://ecovillage.org/hildur-jackson-award-2020/"",""rank"":2,""source_class"":""S3"",""platform_type"":""directory listing"",""independence_group"":""G1"",""confidence"":""HIGH"",""quality_score"":0.6,""verification"":""search_index"",""evidence"":""GEN award page, dated 2020, with specific practice detail""},{""url"":""https://genoaecovillage.org/hildur-jackson-award/"",""rank"":3,""source_class"":""S3"",""platform_type"":""directory listing"",""independence_group"":""G1"",""confidence"":""MEDIUM"",""quality_score"":0.44,""verification"":""search_index"",""evidence"":""GEN Oceania & Asia regional award page""},{""url"":""https://www.youtube.com/watch?v=x8Qxhc_ph5s"",""rank"":4,""source_class"":""S7"",""platform_type"":""YouTube"",""independence_group"":""G1"",""confidence"":""HIGH"",""quality_score"":0.4,""verification"":""search_index"",""evidence"":""GEN award video on the community - dated visual documentation (register V4)""},{""url"":""https://www.youtube.com/watch?v=EF2gLkxtvpo"",""rank"":5,""source_class"":""S7"",""platform_type"":""YouTube"",""independence_group"":""G1"",""confidence"":""MEDIUM"",""quality_score"":0.32,""verification"":""search_index"",""evidence"":""'TI Ecovillage (India) in 1 minute' - visual record""},{""url"":""https://ecovillage.org"",""rank"":6,""source_class"":""S3"",""platform_type"":""directory listing"",""independence_group"":""G1"",""confidence"":""HIGH"",""quality_score"":0.1,""verification"":""fixed_global_source"",""evidence"":""Mandatory Global Ecovillage Network network-level seed, present on every row; not evidence that this community is GEN-registered - see gen_community_status""}]",search_index,,,,,COMPLETE,HIGH,yes,single_independence_group,"Started 1995 on the outskirts of Bangalore; groundwater regeneration, rainwater harvesting, recharge wells, permaculture. GEN Hildur Jackson Award winner 2020, finalist 2019.",2026-08-28,1.0.0
IC017,Govardhan Ecovillage,19.655445,72.967781,India,FULL,,https://www.ecovillage.org.in/about-govardhan-ecovillage | https://www.unccd.int/govardhan-ecovillage-trust | https://ecovillage.org/ecovillage/govardhan-eco-village/ | https://ecovillage.org/ecovillage/govardhan-eco-village/impact-assessment/ | https://ecovillage.org/ecovillage/govardhan-eco-village/green-buildings-at-govardhan-ecovillage-1/ | https://ecobnb.com/IN-palghar/ecovillage/govardhan-retreat-center/npWtQ | https://ecovillage.org,Govardhan Ecovillage,Govardhan Ecovillage,no,Govardhan Eco Village; GEV; Govardhan Ecovillage Trust,SETTLEMENT,18,single_source_row,1,0.000,"19.655445,72.967781",SINGLE,19.655445,72.967781,HIGH,,IN,IND,Maharashtra; Palghar district; Wada taluka; Galtare village,HIGH,coordinate_gazetteer+official_site,https://www.ecovillage.org.in/about-govardhan-ecovillage,IN,UNANIMOUS,Vāda (18.9 km),https://ecovillage.org,FIXED_GLOBAL_SOURCE,https://ecovillage.org/ecovillage/govardhan-eco-village/,VERIFIED_COMMUNITY_SOURCE,search_index,site:ecovillage.org returned the Govardhan Ecovillage community page plus an impact-assessment sub-page,G1,7,3,S2; S3; S4,S2,"[{""url"":""https://www.ecovillage.org.in/about-govardhan-ecovillage"",""rank"":1,""source_class"":""S4"",""platform_type"":""own website"",""independence_group"":""G1"",""confidence"":""HIGH"",""quality_score"":0.92,""verification"":""search_index"",""evidence"":""Official community site (ecovillage.org.in - not the GEN domain)""},{""url"":""https://www.unccd.int/govardhan-ecovillage-trust"",""rank"":2,""source_class"":""S2"",""platform_type"":""other"",""independence_group"":""G2"",""confidence"":""HIGH"",""quality_score"":0.86,""verification"":""search_index"",""evidence"":""UN Convention to Combat Desertification record for the Trust - institutional and dated""},{""url"":""https://ecovillage.org/ecovillage/govardhan-eco-village/"",""rank"":3,""source_class"":""S3"",""platform_type"":""directory listing"",""independence_group"":""G1"",""confidence"":""HIGH"",""quality_score"":0.64,""verification"":""search_index"",""evidence"":""Verified GEN community page""},{""url"":""https://ecovillage.org/ecovillage/govardhan-eco-village/impact-assessment/"",""rank"":4,""source_class"":""S3"",""platform_type"":""directory listing"",""independence_group"":""G1"",""confidence"":""HIGH"",""quality_score"":0.62,""verification"":""search_index"",""evidence"":""GEN impact-assessment sub-page - quantitative material""},{""url"":""https://ecovillage.org/ecovillage/govardhan-eco-village/green-buildings-at-govardhan-ecovillage-1/"",""rank"":5,""source_class"":""S3"",""platform_type"":""directory listing"",""independence_group"":""G1"",""confidence"":""HIGH"",""quality_score"":0.54,""verification"":""search_index"",""evidence"":""GEN green-buildings page - specific construction record""},{""url"":""https://ecobnb.com/IN-palghar/ecovillage/govardhan-retreat-center/npWtQ"",""rank"":6,""source_class"":""S3"",""platform_type"":""booking or hosting"",""independence_group"":""G3"",""confidence"":""MEDIUM"",""quality_score"":0.3,""verification"":""search_index"",""evidence"":""Ecobnb listing giving the Palghar/Wada location""},{""url"":""https://ecovillage.org"",""rank"":7,""source_class"":""S3"",""platform_type"":""directory listing"",""independence_group"":""G1"",""confidence"":""HIGH"",""quality_score"":0.1,""verification"":""fixed_global_source"",""evidence"":""Mandatory Global Ecovillage Network network-level seed, present on every row; not evidence that this community is GEN-registered - see gen_community_status""}]",search_index,,,,,COMPLETE,HIGH,no,,"NOTE the domain collision: the community's own site is ecovillage.org.in, which is NOT the Global Ecovillage Network's ecovillage.org. Both are retained and typed separately. 100-140 acres, Sahyadri range near the Vaitarna river; UN sustainable-tourism award; UNCCD record exists.",2026-08-28,1.0.0
IC018,Kibbutz Gezer,31.876067,34.920482,Israel,FULL,,https://ecovillage.org/project/kibbutz-gezer/ | https://en.wikipedia.org/wiki/Gezer_(kibbutz) | https://ecovillage.org/tu-bshvat-celebration-on-kibbutz-gezer-the-jewish-holiday-of-the-trees/ | https://reform.org.il/en/communities/%D7%91%D7%A8%D7%9B%D7%AA-%D7%A9%D7%9C%D7%95%D7%9D-%D7%A7%D7%99%D7%91%D7%95%D7%A5-%D7%92%D7%96%D7%A8 | https://www.timesofisrael.com/topic/kibbutz-gezer/ | https://ecovillage.org,Kibbutz Gezer,Kibbutz Gezer,no,Gezer; Kibbutz Gezer; Birkat Shalom,SETTLEMENT,19,single_source_row,1,0.000,"31.876067,34.920482",SINGLE,31.876067,34.920482,HIGH,,IL,ISR,Central District; Gezer Regional Council; Shephelah,HIGH,coordinate_gazetteer+published_source,https://ecovillage.org/project/kibbutz-gezer/,IL,UNANIMOUS,Ramla (7.7 km),https://ecovillage.org,FIXED_GLOBAL_SOURCE,https://ecovillage.org/project/kibbutz-gezer/,VERIFIED_COMMUNITY_SOURCE,search_index,site:ecovillage.org returned 'Kibbutz Gezer - Global Ecovillage Network' project page,G1,6,4,S2; S3; S6,S2,"[{""url"":""https://ecovillage.org/project/kibbutz-gezer/"",""rank"":1,""source_class"":""S3"",""platform_type"":""directory listing"",""independence_group"":""G1"",""confidence"":""HIGH"",""quality_score"":0.7,""verification"":""search_index"",""evidence"":""Verified GEN project page - the fullest ecological description found""},{""url"":""https://en.wikipedia.org/wiki/Gezer_(kibbutz)"",""rank"":2,""source_class"":""S6"",""platform_type"":""other"",""independence_group"":""G2"",""confidence"":""HIGH"",""quality_score"":0.66,""verification"":""search_index"",""evidence"":""Encyclopaedic article with founding dates and population""},{""url"":""https://ecovillage.org/tu-bshvat-celebration-on-kibbutz-gezer-the-jewish-holiday-of-the-trees/"",""rank"":3,""source_class"":""S3"",""platform_type"":""directory listing"",""independence_group"":""G1"",""confidence"":""MEDIUM"",""quality_score"":0.48,""verification"":""search_index"",""evidence"":""GEN article on tree-planting at Gezer - dated practice record""},{""url"":""https://reform.org.il/en/communities/%D7%91%D7%A8%D7%9B%D7%AA-%D7%A9%D7%9C%D7%95%D7%9D-%D7%A7%D7%99%D7%91%D7%95%D7%A5-%D7%92%D7%96%D7%A8"",""rank"":4,""source_class"":""S2"",""platform_type"":""other"",""independence_group"":""G3"",""confidence"":""MEDIUM"",""quality_score"":0.42,""verification"":""search_index"",""evidence"":""Israel Movement for Reform Judaism community record; percent-encoded Hebrew path - a URL-fidelity test case""},{""url"":""https://www.timesofisrael.com/topic/kibbutz-gezer/"",""rank"":5,""source_class"":""S6"",""platform_type"":""news outlet"",""independence_group"":""G4"",""confidence"":""MEDIUM"",""quality_score"":0.4,""verification"":""search_index"",""evidence"":""National outlet topic index for the kibbutz""},{""url"":""https://ecovillage.org"",""rank"":6,""source_class"":""S3"",""platform_type"":""directory listing"",""independence_group"":""G1"",""confidence"":""HIGH"",""quality_score"":0.1,""verification"":""fixed_global_source"",""evidence"":""Mandatory Global Ecovillage Network network-level seed, present on every row; not evidence that this community is GEN-registered - see gen_community_status""}]",search_index,,,,,COMPLETE,HIGH,no,,"Founded 1945, disbanded 1963, re-established 1973/74 by a North American garin. Population 427 (2023). No dedicated community website located; GEN and encyclopaedic sources carry the substantive description.",2026-08-28,1.0.0
IC019,Taman Petanu Eco Neighborhood,-8.548690,115.290196,Indonesia,FULL,,https://www.tamanpetanu.com/ | https://www.tamanpetanu.com/our-eco-strategies/site-master-plan | https://www.tamanpetanu.com/about-the-neighborhood | https://ecovillage.org/project/taman-petanu-eco-neighborhood/ | https://permacultureglobal.org/projects/634-taman-petanu-eco-neighborhood | https://numundo.org/center/indonesia/taman-petanu-eco-neighborhood | https://ecovillage.org,Taman Petanu Eco Neighborhood,Taman Petanu Eco Neighborhood,no,Taman Petanu; Taman Petanu Eco Neighbourhood,SETTLEMENT,20,single_source_row,1,0.000,"-8.548690,115.290196",SINGLE,-8.548690,115.290196,HIGH,,ID,IDN,Bali; Gianyar Regency; Sukawati; Desa Kemenuh; Banjar Sumampan,HIGH,coordinate_gazetteer+official_site,https://www.tamanpetanu.com/about-the-neighborhood,ID,UNANIMOUS,Ubud (5.1 km),https://ecovillage.org,FIXED_GLOBAL_SOURCE,https://ecovillage.org/project/taman-petanu-eco-neighborhood/,VERIFIED_COMMUNITY_SOURCE,search_index,"site:ecovillage.org returned the Taman Petanu project page, plus legacy GEN hosts casa.ecovillage.org and sites.ecovillage.org",G1,7,2,S3; S4,S3,"[{""url"":""https://www.tamanpetanu.com/"",""rank"":1,""source_class"":""S4"",""platform_type"":""own website"",""independence_group"":""G1"",""confidence"":""HIGH"",""quality_score"":0.92,""verification"":""search_index"",""evidence"":""Official site""},{""url"":""https://www.tamanpetanu.com/our-eco-strategies/site-master-plan"",""rank"":2,""source_class"":""S4"",""platform_type"":""own website"",""independence_group"":""G1"",""confidence"":""HIGH"",""quality_score"":0.88,""verification"":""search_index"",""evidence"":""Published site master plan - a planning document, high documentary value""},{""url"":""https://www.tamanpetanu.com/about-the-neighborhood"",""rank"":3,""source_class"":""S4"",""platform_type"":""own website"",""independence_group"":""G1"",""confidence"":""HIGH"",""quality_score"":0.72,""verification"":""search_index"",""evidence"":""Neighbourhood description with area and plot count""},{""url"":""https://ecovillage.org/project/taman-petanu-eco-neighborhood/"",""rank"":4,""source_class"":""S3"",""platform_type"":""directory listing"",""independence_group"":""G1"",""confidence"":""HIGH"",""quality_score"":0.62,""verification"":""search_index"",""evidence"":""Verified GEN project page""},{""url"":""https://permacultureglobal.org/projects/634-taman-petanu-eco-neighborhood"",""rank"":5,""source_class"":""S3"",""platform_type"":""directory listing"",""independence_group"":""G2"",""confidence"":""MEDIUM"",""quality_score"":0.48,""verification"":""search_index"",""evidence"":""Worldwide Permaculture Network record""},{""url"":""https://numundo.org/center/indonesia/taman-petanu-eco-neighborhood"",""rank"":6,""source_class"":""S3"",""platform_type"":""directory listing"",""independence_group"":""G1"",""confidence"":""MEDIUM"",""quality_score"":0.3,""verification"":""search_index"",""evidence"":""NuMundo listing, self-submitted""},{""url"":""https://ecovillage.org"",""rank"":7,""source_class"":""S3"",""platform_type"":""directory listing"",""independence_group"":""G1"",""confidence"":""HIGH"",""quality_score"":0.1,""verification"":""fixed_global_source"",""evidence"":""Mandatory Global Ecovillage Network network-level seed, present on every row; not evidence that this community is GEN-registered - see gen_community_status""}]",search_index,,,,,COMPLETE,HIGH,no,,"Vision formed 2009; 1.3-1.5 ha, 20 plots, 15 min south of Ubud. A published site master plan exists on the official site - directly relevant to the land-use coding.",2026-08-28,1.0.0
IC020,Sadhana Forest India,11.980512,79.777322,India,FULL,,https://sadhanaforest.org/about-us/ | https://auroville.org/page/sadhana-forest | https://aupindia.org/2025/01/19/sadhana-forest-cultivating-compassion-sustainability-and-community/ | https://en.wikipedia.org/wiki/Sadhana_Forest | https://ecovillage.org/project/sadhana-forest/ | https://www.sierraclub.org/pennsylvania/blog/2023/02/sadhana-forest-place-live-lightly-and-restore-paradise | https://ecovillage.org,Sadhana Forest India,Sadhana Forest India,no,Sadhana Forest; Sadhana Forest India; Sadhana Forest Auroville,SETTLEMENT,21,single_source_row,1,0.000,"11.980512,79.777322",SINGLE,11.980512,79.777322,HIGH,,IN,IND,Tamil Nadu; Viluppuram district; Auroville; near Morattandi,HIGH,coordinate_gazetteer+official_site,https://sadhanaforest.org/about-us/,IN,UNANIMOUS,Kurumbapet (4.6 km),https://ecovillage.org,FIXED_GLOBAL_SOURCE,https://ecovillage.org/project/sadhana-forest/,VERIFIED_COMMUNITY_SOURCE,search_index,site:ecovillage.org returned 'Sadhana Forest India - Global Ecovillage Network' project page,G1,7,5,S1; S2; S3; S4; S6,S1,"[{""url"":""https://sadhanaforest.org/about-us/"",""rank"":1,""source_class"":""S4"",""platform_type"":""own website"",""independence_group"":""G1"",""confidence"":""HIGH"",""quality_score"":0.93,""verification"":""search_index"",""evidence"":""Official site - history, method, and the water-conservation works""},{""url"":""https://auroville.org/page/sadhana-forest"",""rank"":2,""source_class"":""S2"",""platform_type"":""other"",""independence_group"":""G2"",""confidence"":""HIGH"",""quality_score"":0.8,""verification"":""search_index"",""evidence"":""Auroville Foundation page - the governing township body, institutionally independent""},{""url"":""https://en.wikipedia.org/wiki/Sadhana_Forest"",""rank"":4,""source_class"":""S6"",""platform_type"":""other"",""independence_group"":""G3"",""confidence"":""HIGH"",""quality_score"":0.66,""verification"":""search_index"",""evidence"":""Encyclopaedic article, referenced""},{""url"":""https://ecovillage.org/project/sadhana-forest/"",""rank"":5,""source_class"":""S3"",""platform_type"":""directory listing"",""independence_group"":""G1"",""confidence"":""HIGH"",""quality_score"":0.6,""verification"":""search_index"",""evidence"":""Verified GEN project page""},{""url"":""https://aupindia.org/2025/01/19/sadhana-forest-cultivating-compassion-sustainability-and-community/"",""rank"":3,""source_class"":""S1"",""platform_type"":""other"",""independence_group"":""G4"",""confidence"":""HIGH"",""quality_score"":0.7,""verification"":""search_index"",""evidence"":""American University of Paris Sustainable Development Practicum field report, dated 2025 - academic-adjacent, independent""},{""url"":""https://www.sierraclub.org/pennsylvania/blog/2023/02/sadhana-forest-place-live-lightly-and-restore-paradise"",""rank"":6,""source_class"":""S6"",""platform_type"":""other"",""independence_group"":""G5"",""confidence"":""MEDIUM"",""quality_score"":0.48,""verification"":""search_index"",""evidence"":""Sierra Club account, dated 2023""},{""url"":""https://ecovillage.org"",""rank"":7,""source_class"":""S3"",""platform_type"":""directory listing"",""independence_group"":""G1"",""confidence"":""HIGH"",""quality_score"":0.1,""verification"":""fixed_global_source"",""evidence"":""Mandatory Global Ecovillage Network network-level seed, present on every row; not evidence that this community is GEN-registered - see gen_community_status""}]",search_index,,,,,COMPLETE,HIGH,no,,"Founded 2003 by Yorit and Aviram Rozin; 70 acres of eroded Auroville land; Tropical Dry Evergreen Forest restoration; trenches, bunds, swales, gabions, dams ('Slow, Spread, Sink'). Sibling sites in Haiti and Kenya also appear in this cohort as separate communities.",2026-08-28,1.0.0
IC021,Better In Belize Eco-Community,16.992082,-89.047539,Belize,FULL,,https://ecovillage.org/project/better-in-belize-eco-community/ | https://friendsofbib.com/ | https://find.coop/organizations/21834-better-in-belize-eco-village | https://ecovillage.org/project/better-in-belize-eco-community/belize-eco-lots-for-sale/ | https://ecovillage.org,Better In Belize Eco-Community,Better In Belize Eco-Community,no,Better In Belize; Better In Belize Eco Village; BIB,SETTLEMENT,22,single_source_row,1,0.000,"16.992082,-89.047539",SINGLE,16.992082,-89.047539,HIGH,,BZ,BLZ,Cayo District; upper Macal River near Mountain Pine Ridge,MEDIUM,published_source_overrides_gazetteer,https://ecovillage.org/project/better-in-belize-eco-community/,GT,SPLIT,San Ignacio (18.7 km),https://ecovillage.org,FIXED_GLOBAL_SOURCE,https://ecovillage.org/project/better-in-belize-eco-community/,VERIFIED_COMMUNITY_SOURCE,search_index,site:ecovillage.org returned the Better In Belize project page and several sub-pages; GEN places it on 130 acres of rainforest in the Cayo District,G1,5,3,S3; S4,S3,"[{""url"":""https://ecovillage.org/project/better-in-belize-eco-community/"",""rank"":1,""source_class"":""S3"",""platform_type"":""directory listing"",""independence_group"":""G1"",""confidence"":""HIGH"",""quality_score"":0.68,""verification"":""search_index"",""evidence"":""Verified GEN project page with acreage and river location""},{""url"":""https://friendsofbib.com/"",""rank"":2,""source_class"":""S4"",""platform_type"":""own website"",""independence_group"":""G2"",""confidence"":""MEDIUM"",""quality_score"":0.56,""verification"":""search_index"",""evidence"":""Residents' community resource site - a second, resident-run voice rather than the developer's""},{""url"":""https://find.coop/organizations/21834-better-in-belize-eco-village"",""rank"":3,""source_class"":""S3"",""platform_type"":""directory listing"",""independence_group"":""G3"",""confidence"":""MEDIUM"",""quality_score"":0.34,""verification"":""search_index"",""evidence"":""Find.coop co-operative economy directory record""},{""url"":""https://ecovillage.org/project/better-in-belize-eco-community/belize-eco-lots-for-sale/"",""rank"":4,""source_class"":""S3"",""platform_type"":""directory listing"",""independence_group"":""G1"",""confidence"":""MEDIUM"",""quality_score"":0.3,""verification"":""search_index"",""evidence"":""GEN sub-page: lot sales - tenure and parcel information""},{""url"":""https://ecovillage.org"",""rank"":5,""source_class"":""S3"",""platform_type"":""directory listing"",""independence_group"":""G1"",""confidence"":""HIGH"",""quality_score"":0.1,""verification"":""fixed_global_source"",""evidence"":""Mandatory Global Ecovillage Network network-level seed, present on every row; not evidence that this community is GEN-registered - see gen_community_status""}]",search_index,,,,,COMPLETE,MEDIUM,yes,country_corrected_from_gazetteer; gazetteer_split; identity_confidence_below_high,"country corrected from the gazetteer's Guatemala to Belize on published evidence; the nearest large town lies across a border, a coast or a lake | COUNTRY CORRECTION: the gazetteer vote leaned Guatemala because Guatemalan towns lie just west of the border; published sources place the site on the Macal River in Belize's Cayo District. Coordinate 16.992N 89.048W is south of San Ignacio on the upper Macal - consistent, but the district description says Cayo while the point is near the Cayo/Toledo boundary, so coordinate_agreement should be checked.",2026-08-28,1.0.0
IC022,Rancho Mastatal,9.673092,-84.373902,Costa Rica,FULL,,https://ranchomastatal.com/ | https://ecovillage.org/ecovillage/rancho-mastatal/ | https://ranchomastatal.com/blognewsletter/why-you-should-take-a-pdc-at-rancho-mastatal-costa-rica | https://www.ic.org/directory/community/rancho-mastatal/ | https://permacultureglobal.org/projects/1679-rancho-mastatal-sustainability-education-center | https://www.facebook.com/ranchomastatal/ | https://ecovillage.org,Rancho Mastatal,Rancho Mastatal,no,Rancho Mastatal; Rancho Mastatal Sustainability Education Center; Rancho Mastatal Sustainable Education Center,SETTLEMENT,23,single_source_row,1,0.000,"9.673092,-84.373902",SINGLE,9.673092,-84.373902,HIGH,,CR,CRI,San Jose Province; Puriscal canton; Mastatal,HIGH,coordinate_gazetteer+official_site,https://ranchomastatal.com/,CR,UNANIMOUS,Tejar (17.4 km),https://ecovillage.org,FIXED_GLOBAL_SOURCE,https://ecovillage.org/ecovillage/rancho-mastatal/,VERIFIED_COMMUNITY_SOURCE,search_index,site:ecovillage.org returned 'Rancho Mastatal - Global Ecovillage Network' community page,G1,7,2,S3; S4; S7,S3,"[{""url"":""https://ranchomastatal.com/"",""rank"":1,""source_class"":""S4"",""platform_type"":""own website"",""independence_group"":""G1"",""confidence"":""HIGH"",""quality_score"":0.92,""verification"":""search_index"",""evidence"":""Official site""},{""url"":""https://ranchomastatal.com/blognewsletter/why-you-should-take-a-pdc-at-rancho-mastatal-costa-rica"",""rank"":3,""source_class"":""S4"",""platform_type"":""blog platform"",""independence_group"":""G1"",""confidence"":""HIGH"",""quality_score"":0.56,""verification"":""search_index"",""evidence"":""Dated blog/newsletter index - continuity evidence""},{""url"":""https://www.ic.org/directory/community/rancho-mastatal/"",""rank"":4,""source_class"":""S3"",""platform_type"":""directory listing"",""independence_group"":""G1"",""confidence"":""HIGH"",""quality_score"":0.5,""verification"":""search_index"",""evidence"":""Foundation for Intentional Community directory entry""},{""url"":""https://ecovillage.org/ecovillage/rancho-mastatal/"",""rank"":2,""source_class"":""S3"",""platform_type"":""directory listing"",""independence_group"":""G1"",""confidence"":""HIGH"",""quality_score"":0.58,""verification"":""search_index"",""evidence"":""Verified GEN community page""},{""url"":""https://permacultureglobal.org/projects/1679-rancho-mastatal-sustainability-education-center"",""rank"":5,""source_class"":""S3"",""platform_type"":""directory listing"",""independence_group"":""G2"",""confidence"":""MEDIUM"",""quality_score"":0.48,""verification"":""search_index"",""evidence"":""Worldwide Permaculture Network record""},{""url"":""https://www.facebook.com/ranchomastatal/"",""rank"":6,""source_class"":""S7"",""platform_type"":""Facebook"",""independence_group"":""G1"",""confidence"":""HIGH"",""quality_score"":0.34,""verification"":""search_index"",""evidence"":""Official page, Puriscal""},{""url"":""https://ecovillage.org"",""rank"":7,""source_class"":""S3"",""platform_type"":""directory listing"",""independence_group"":""G1"",""confidence"":""HIGH"",""quality_score"":0.1,""verification"":""fixed_global_source"",""evidence"":""Mandatory Global Ecovillage Network network-level seed, present on every row; not evidence that this community is GEN-registered - see gen_community_status""}]",search_index,,,,,COMPLETE,HIGH,no,,"Operating since 2001 beside La Cangreja National Park; natural building, agroforestry, permaculture teaching centre.",2026-08-28,1.0.0
IC023,Sat Yoga Ashram & Wisdom School,9.409167,-83.831672,Costa Rica,FULL,,https://www.satyoga.org/ | https://www.satyoga.org/about/ | https://ecovillage.org/project/sat-yoga-ecovilliage/ | https://www.satyoga.org/staying-at-the-ashram/ | https://www.facebook.com/satyogainstitute/ | https://ecovillage.org,Sat Yoga Ashram &amp; Wisdom School,Sat Yoga Ashram & Wisdom School,yes,Sat Yoga; Sat Yoga Institute; Sat Yoga Ashram; Sat Yoga Community,SETTLEMENT,24,single_source_row,1,0.000,"9.409167,-83.831672",SINGLE,9.409167,-83.831672,HIGH,,CR,CRI,San Jose Province; Perez Zeledon; Rio Nuevo; Fila San Marcos,HIGH,coordinate_gazetteer+official_site,https://www.satyoga.org/about/,CR,UNANIMOUS,San Isidro (15.5 km),https://ecovillage.org,FIXED_GLOBAL_SOURCE,https://ecovillage.org/project/sat-yoga-ecovilliage/,VERIFIED_COMMUNITY_SOURCE,search_index,site:ecovillage.org returned 'Sat Yoga Ecovilliage - Global Ecovillage Network' project page (GEN's own spelling of the slug),G1,6,1,S3; S4; S7,S3,"[{""url"":""https://www.satyoga.org/"",""rank"":1,""source_class"":""S4"",""platform_type"":""own website"",""independence_group"":""G1"",""confidence"":""HIGH"",""quality_score"":0.9,""verification"":""search_index"",""evidence"":""Official site""},{""url"":""https://www.satyoga.org/about/"",""rank"":2,""source_class"":""S4"",""platform_type"":""own website"",""independence_group"":""G1"",""confidence"":""HIGH"",""quality_score"":0.74,""verification"":""search_index"",""evidence"":""About page with founding and location""},{""url"":""https://www.satyoga.org/staying-at-the-ashram/"",""rank"":4,""source_class"":""S4"",""platform_type"":""own website"",""independence_group"":""G1"",""confidence"":""MEDIUM"",""quality_score"":0.5,""verification"":""search_index"",""evidence"":""Residence/land description""},{""url"":""https://ecovillage.org/project/sat-yoga-ecovilliage/"",""rank"":3,""source_class"":""S3"",""platform_type"":""directory listing"",""independence_group"":""G1"",""confidence"":""HIGH"",""quality_score"":0.64,""verification"":""search_index"",""evidence"":""Verified GEN project page describing the residential community""},{""url"":""https://www.facebook.com/satyogainstitute/"",""rank"":5,""source_class"":""S7"",""platform_type"":""Facebook"",""independence_group"":""G1"",""confidence"":""HIGH"",""quality_score"":0.32,""verification"":""search_index"",""evidence"":""Official page""},{""url"":""https://ecovillage.org"",""rank"":6,""source_class"":""S3"",""platform_type"":""directory listing"",""independence_group"":""G1"",""confidence"":""HIGH"",""quality_score"":0.1,""verification"":""fixed_global_source"",""evidence"":""Mandatory Global Ecovillage Network network-level seed, present on every row; not evidence that this community is GEN-registered - see gen_community_status""}]",search_index,,,,,COMPLETE,HIGH,yes,single_independence_group,"name repaired from a mis-encoded export; original preserved | Founded 2002 by Shunyamurti; ashram plus a developing residential village at Fila San Marcos, Perez Zeledon. Coordinate 9.409N 83.832W agrees with Perez Zeledon.",2026-08-28,1.0.0
IC024,VerdEnergia Pacifica,9.736122,-84.463414,Costa Rica,FULL,,https://www.verdenergia.org/about | https://verdenergia.org/mission/ | https://ecovillage.org/project/verdenergia/ | https://permacultureglobal.org/projects/2384-verdenergia-pacifica | https://www.facebook.com/verdenergia.pacifica/ | https://regeneravida.com/directory/education/verdenergia-pacifica/ | https://ecovillage.org,VerdEnergia Pacifica,VerdEnergia Pacifica,no,VerdEnergia; VerdEnergia Pacifica,SETTLEMENT,25,single_source_row,1,0.000,"9.736122,-84.463414",SINGLE,9.736122,-84.463414,HIGH,,CR,CRI,San Jose Province; Puriscal canton; Lanas,HIGH,coordinate_gazetteer+official_site,https://www.verdenergia.org/about,CR,UNANIMOUS,San Rafael Abajo (21.7 km),https://ecovillage.org,FIXED_GLOBAL_SOURCE,https://ecovillage.org/project/verdenergia/,VERIFIED_COMMUNITY_SOURCE,search_index,site:ecovillage.org returned 'VerdEnergia Pacifica - Global Ecovillage Network' at /project/verdenergia/ and /ecovillage/verdenergia/,G1,7,3,S3; S4; S7,S3,"[{""url"":""https://www.verdenergia.org/about"",""rank"":1,""source_class"":""S4"",""platform_type"":""own website"",""independence_group"":""G1"",""confidence"":""HIGH"",""quality_score"":0.92,""verification"":""search_index"",""evidence"":""Official About page - land history, area, tree counts""},{""url"":""https://verdenergia.org/mission/"",""rank"":2,""source_class"":""S4"",""platform_type"":""own website"",""independence_group"":""G1"",""confidence"":""HIGH"",""quality_score"":0.74,""verification"":""search_index"",""evidence"":""Mission page with the reforestation record""},{""url"":""https://ecovillage.org/project/verdenergia/"",""rank"":3,""source_class"":""S3"",""platform_type"":""directory listing"",""independence_group"":""G1"",""confidence"":""HIGH"",""quality_score"":0.62,""verification"":""search_index"",""evidence"":""Verified GEN project page""},{""url"":""https://permacultureglobal.org/projects/2384-verdenergia-pacifica"",""rank"":4,""source_class"":""S3"",""platform_type"":""directory listing"",""independence_group"":""G2"",""confidence"":""MEDIUM"",""quality_score"":0.48,""verification"":""search_index"",""evidence"":""Worldwide Permaculture Network record""},{""url"":""https://www.facebook.com/verdenergia.pacifica/"",""rank"":5,""source_class"":""S7"",""platform_type"":""Facebook"",""independence_group"":""G1"",""confidence"":""HIGH"",""quality_score"":0.34,""verification"":""search_index"",""evidence"":""Official page""},{""url"":""https://regeneravida.com/directory/education/verdenergia-pacifica/"",""rank"":6,""source_class"":""S3"",""platform_type"":""directory listing"",""independence_group"":""G3"",""confidence"":""LOW"",""quality_score"":0.24,""verification"":""search_index"",""evidence"":""RegeneraVida regional directory entry""},{""url"":""https://ecovillage.org"",""rank"":7,""source_class"":""S3"",""platform_type"":""directory listing"",""independence_group"":""G1"",""confidence"":""HIGH"",""quality_score"":0.1,""verification"":""fixed_global_source"",""evidence"":""Mandatory Global Ecovillage Network network-level seed, present on every row; not evidence that this community is GEN-registered - see gen_community_status""}]",search_index,,,,,COMPLETE,HIGH,no,,"Founded 2006; 64 acres of former cattle and tobacco land regenerated to food and energy forest; 150,000+ trees planted; wildlife corridor between La Cangreja and Carara. Strong reforestation dating material expected.",2026-08-28,1.0.0
IC025,Gaia Terra,45.893946,13.061545,Italy,FULL,,https://www.progettogaiaterra.com/en/home-english/ | https://youth.europa.eu/volunteering/organisation/67822_en | https://www.preplet.org/wp-content/uploads/2020/03/info-pack_ENG.pdf | https://ecovillage.org/project/gaia-terra/ | https://www.facebook.com/progettogaiaterra/ | https://profiles.eco/gaiaterra | https://ecovillage.org,Gaia Terra,Gaia Terra,no,Progetto Gaia Terra; Progetto Gaia Terra APS; Gaia Terra Ecovillage,SETTLEMENT,26,single_source_row,1,0.000,"45.893946,13.061545",SINGLE,45.893946,13.061545,HIGH,,IT,ITA,Friuli-Venezia Giulia; Udine; Rivignano Teor; Flambruzzo,HIGH,coordinate_gazetteer+official_site,https://www.progettogaiaterra.com/en/home-english/,IT,UNANIMOUS,Portogruaro (21.3 km),https://ecovillage.org,FIXED_GLOBAL_SOURCE,https://ecovillage.org/project/gaia-terra/,VERIFIED_COMMUNITY_SOURCE,search_index,site:ecovillage.org returned 'Gaia Terra - Global Ecovillage Network' project page,G1,7,3,S2; S3; S4; S7,S2,"[{""url"":""https://www.progettogaiaterra.com/en/home-english/"",""rank"":1,""source_class"":""S4"",""platform_type"":""own website"",""independence_group"":""G1"",""confidence"":""HIGH"",""quality_score"":0.9,""verification"":""search_index"",""evidence"":""Official site, English edition""},{""url"":""https://ecovillage.org/project/gaia-terra/"",""rank"":4,""source_class"":""S3"",""platform_type"":""directory listing"",""independence_group"":""G1"",""confidence"":""HIGH"",""quality_score"":0.64,""verification"":""search_index"",""evidence"":""Verified GEN project page with site history""},{""url"":""https://www.preplet.org/wp-content/uploads/2020/03/info-pack_ENG.pdf"",""rank"":3,""source_class"":""S2"",""platform_type"":""other"",""independence_group"":""G2"",""confidence"":""HIGH"",""quality_score"":0.72,""verification"":""search_index"",""evidence"":""Erasmus/ESC volunteering info-pack PDF for Gaia Terra Ecovillage - a dated project document""},{""url"":""https://youth.europa.eu/volunteering/organisation/67822_en"",""rank"":2,""source_class"":""S2"",""platform_type"":""other"",""independence_group"":""G3"",""confidence"":""HIGH"",""quality_score"":0.74,""verification"":""search_index"",""evidence"":""European Youth Portal accreditation record for Progetto Gaia Terra APS - institutional, dated""},{""url"":""https://profiles.eco/gaiaterra"",""rank"":6,""source_class"":""S3"",""platform_type"":""directory listing"",""independence_group"":""G1"",""confidence"":""LOW"",""quality_score"":0.22,""verification"":""search_index"",""evidence"":"".eco domain profile, self-declared""},{""url"":""https://www.facebook.com/progettogaiaterra/"",""rank"":5,""source_class"":""S7"",""platform_type"":""Facebook"",""independence_group"":""G1"",""confidence"":""HIGH"",""quality_score"":0.32,""verification"":""search_index"",""evidence"":""Official page, Flambruzzo""},{""url"":""https://ecovillage.org"",""rank"":7,""source_class"":""S3"",""platform_type"":""directory listing"",""independence_group"":""G1"",""confidence"":""HIGH"",""quality_score"":0.1,""verification"":""fixed_global_source"",""evidence"":""Mandatory Global Ecovillage Network network-level seed, present on every row; not evidence that this community is GEN-registered - see gen_community_status""}]",search_index,,,,,COMPLETE,HIGH,no,,"Community living together since 2017 in a restored former brick/electrical factory (115 years of industrial history) inside a protected nature reserve at Flambruzzo, Rivignano Teor.",2026-08-28,1.0.0
IC026,Cambium · Leben in Gemeinschaft,46.932440,16.020261,Austria,FULL,,https://www.cambium.at/ | https://www.cambium.at/chronik/ | https://euronews.com/2023/04/10/why-a-former-army-barracks-is-being-transformed-into-austrias-first-eco-village | https://houseful.eu/demos/cambium-community-center/ | https://steiermark.orf.at/v2/news/stories/2968112/ | https://ecovillage.org/project/leben-in-gemeinschaft | https://www.facebook.com/cambium.community/ | https://ecovillage.org,Cambium · Leben in Gemeinschaft,Cambium · Leben in Gemeinschaft,no,Cambium; Cambium Leben in Gemeinschaft; Kaserne Hadik Fehring,SETTLEMENT,27,single_source_row,1,0.000,"46.932440,16.020261",SINGLE,46.932440,16.020261,HIGH,,AT,AUT,Styria (Steiermark); Fehring; former Hadik barracks,HIGH,coordinate_gazetteer+official_site,https://www.cambium.at/,AT,UNANIMOUS,Eisenzicken (42.3 km),https://ecovillage.org,FIXED_GLOBAL_SOURCE,https://ecovillage.org/project/leben-in-gemeinschaft,VERIFIED_COMMUNITY_SOURCE,search_index,site:ecovillage.org returned 'Cambium - Leben in Gemeinschaft - Global Ecovillage Network' at /project/leben-in-gemeinschaft,G1,8,4,S2; S3; S4; S6; S7,S2,"[{""url"":""https://www.cambium.at/"",""rank"":1,""source_class"":""S4"",""platform_type"":""own website"",""independence_group"":""G1"",""confidence"":""HIGH"",""quality_score"":0.92,""verification"":""search_index"",""evidence"":""Official site""},{""url"":""https://www.cambium.at/chronik/"",""rank"":2,""source_class"":""S4"",""platform_type"":""own website"",""independence_group"":""G1"",""confidence"":""HIGH"",""quality_score"":0.86,""verification"":""search_index"",""evidence"":""'Unsere Geschichte' chronicle page - a dated community timeline, high onset value""},{""url"":""https://ecovillage.org/project/leben-in-gemeinschaft"",""rank"":6,""source_class"":""S3"",""platform_type"":""directory listing"",""independence_group"":""G1"",""confidence"":""HIGH"",""quality_score"":0.62,""verification"":""search_index"",""evidence"":""Verified GEN project page with address and land area""},{""url"":""https://euronews.com/2023/04/10/why-a-former-army-barracks-is-being-transformed-into-austrias-first-eco-village"",""rank"":3,""source_class"":""S6"",""platform_type"":""news outlet"",""independence_group"":""G2"",""confidence"":""HIGH"",""quality_score"":0.72,""verification"":""search_index"",""evidence"":""Euronews, dated 2023 - independent international coverage""},{""url"":""https://steiermark.orf.at/v2/news/stories/2968112/"",""rank"":5,""source_class"":""S6"",""platform_type"":""news outlet"",""independence_group"":""G3"",""confidence"":""HIGH"",""quality_score"":0.66,""verification"":""search_index"",""evidence"":""ORF Steiermark public broadcaster report""},{""url"":""https://houseful.eu/demos/cambium-community-center/"",""rank"":4,""source_class"":""S2"",""platform_type"":""other"",""independence_group"":""G4"",""confidence"":""HIGH"",""quality_score"":0.7,""verification"":""search_index"",""evidence"":""EU Horizon HOUSEFUL project demonstration-site record - institutional and technical""},{""url"":""https://www.facebook.com/cambium.community/"",""rank"":7,""source_class"":""S7"",""platform_type"":""Facebook"",""independence_group"":""G1"",""confidence"":""HIGH"",""quality_score"":0.3,""verification"":""search_index"",""evidence"":""Official page""},{""url"":""https://ecovillage.org"",""rank"":8,""source_class"":""S3"",""platform_type"":""directory listing"",""independence_group"":""G1"",""confidence"":""HIGH"",""quality_score"":0.1,""verification"":""fixed_global_source"",""evidence"":""Mandatory Global Ecovillage Network network-level seed, present on every row; not evidence that this community is GEN-registered - see gen_community_status""}]",search_index,,,,,COMPLETE,HIGH,no,,"ADMIN CORRECTION: the gazetteer's nearest town was in Burgenland; published sources place Cambium in Fehring, STYRIA, which matches the coordinate. Founded 2014, occupied the former Hadik barracks 2017; 16-20 ha, ~50 adults and 20 children. Described as Austria's first ecovillage.",2026-08-28,1.0.0
IC027,Boekel Ecovillage,51.595070,5.681080,Netherlands,FULL,,https://www.ecodorpboekel.nl/ | https://www.ecoplus-bouw.nl/ecodorp-boekel/ | https://vanlaarhovencombinatie.nl/project/105-ecodorp-boekel/ | https://www.ecodorpboekel.nl/boekel-ecovillage-is-awarded-the-most-sustainable-organisation-in-the-netherlands/ | https://ecovillage.org/ecovillage/ecovillage-boekel/ | https://gen-europe.org/boekel-ecovillage-awarded-most-sustainable-organisation-in-the-netherlands/ | https://www.sdgnederland.nl/user/ecodorp+boekel/ | https://ecovillage.org,Boekel Ecovillage,Boekel Ecovillage,no,Ecodorp Boekel; Boekel Ecovillage,SETTLEMENT,28,single_source_row,1,0.000,"51.595070,5.681080",SINGLE,51.595070,5.681080,HIGH,,NL,NLD,North Brabant; Boekel; Klein Rondeel,HIGH,coordinate_gazetteer+official_site,https://www.ecodorpboekel.nl/,NL,UNANIMOUS,Gemert (4.4 km),https://ecovillage.org,FIXED_GLOBAL_SOURCE,https://ecovillage.org/ecovillage/ecovillage-boekel/,VERIFIED_COMMUNITY_SOURCE,search_index,site:ecovillage.org returned 'Boekel Ecovillage - Global Ecovillage Network' with the Klein Rondeel 203 address,G1,8,4,S2; S3; S4,S2,"[{""url"":""https://www.ecodorpboekel.nl/"",""rank"":1,""source_class"":""S4"",""platform_type"":""own website"",""independence_group"":""G1"",""confidence"":""HIGH"",""quality_score"":0.93,""verification"":""search_index"",""evidence"":""Official site""},{""url"":""https://www.ecodorpboekel.nl/boekel-ecovillage-is-awarded-the-most-sustainable-organisation-in-the-netherlands/"",""rank"":4,""source_class"":""S4"",""platform_type"":""own website"",""independence_group"":""G1"",""confidence"":""HIGH"",""quality_score"":0.66,""verification"":""search_index"",""evidence"":""Dated award announcement""},{""url"":""https://gen-europe.org/boekel-ecovillage-awarded-most-sustainable-organisation-in-the-netherlands/"",""rank"":6,""source_class"":""S3"",""platform_type"":""directory listing"",""independence_group"":""G1"",""confidence"":""HIGH"",""quality_score"":0.56,""verification"":""search_index"",""evidence"":""GEN Europe article - same GEN source family""},{""url"":""https://ecovillage.org/ecovillage/ecovillage-boekel/"",""rank"":5,""source_class"":""S3"",""platform_type"":""directory listing"",""independence_group"":""G1"",""confidence"":""HIGH"",""quality_score"":0.6,""verification"":""search_index"",""evidence"":""Verified GEN community page""},{""url"":""https://www.ecoplus-bouw.nl/ecodorp-boekel/"",""rank"":2,""source_class"":""S2"",""platform_type"":""other"",""independence_group"":""G2"",""confidence"":""HIGH"",""quality_score"":0.7,""verification"":""search_index"",""evidence"":""ECO+BOUW contractor project record - independent construction documentation""},{""url"":""https://vanlaarhovencombinatie.nl/project/105-ecodorp-boekel/"",""rank"":3,""source_class"":""S2"",""platform_type"":""other"",""independence_group"":""G3"",""confidence"":""HIGH"",""quality_score"":0.68,""verification"":""search_index"",""evidence"":""Architect/builder project page - independent design documentation""},{""url"":""https://www.sdgnederland.nl/user/ecodorp+boekel/"",""rank"":7,""source_class"":""S2"",""platform_type"":""other"",""independence_group"":""G4"",""confidence"":""MEDIUM"",""quality_score"":0.44,""verification"":""search_index"",""evidence"":""SDG Nederland member record; URL contains a '+' - a URL-fidelity test case""},{""url"":""https://ecovillage.org"",""rank"":8,""source_class"":""S3"",""platform_type"":""directory listing"",""independence_group"":""G1"",""confidence"":""HIGH"",""quality_score"":0.1,""verification"":""fixed_global_source"",""evidence"":""Mandatory Global Ecovillage Network network-level seed, present on every row; not evidence that this community is GEN-registered - see gen_community_status""}]",search_index,,,,,COMPLETE,HIGH,no,,"30 climate-positive rental homes plus 6 care homes; named Most Sustainable Organisation in the Netherlands, 1 July 2021; Sustainable Construction Award 2021. Circular construction documented by the builders and architects - unusually strong construction-record trail.",2026-08-28,1.0.0
IC028,Co-housing project HASENDORF (= bunny,48.300822,15.829862,Austria,FULL,,https://wohnprojekt-hasendorf.at/ | https://www.einszueins.at/project/hasendorf/ | https://ecovillage.org/project/co-housing-project-hasendorf-bunny-village | http://www.conviva.consulting/projekte/wohnprojekt-hasendorf/ | https://www.wohneningemeinschaft.at/gemeinschaftswohnhaus-hasendorf-noe/ | https://www.w24.at/Video/Neue-Wohngemeinschaft-in-Hasendorf/1215 | https://ecovillage.org,Co-housing project HASENDORF (= bunny,Co-housing project HASENDORF (= bunny,no,Wohnprojekt Hasendorf; Co-housing project HASENDORF (= bunny village); gemeinsam einfach hase,SETTLEMENT,29,single_source_row,1,0.000,"48.300822,15.829862",SINGLE,48.300822,15.829862,HIGH,,AT,AUT,Lower Austria; Sitzenberg-Reidling; Hasendorf; Tullnerfeld,HIGH,coordinate_gazetteer+official_site,https://wohnprojekt-hasendorf.at/,AT,UNANIMOUS,Sankt Pölten (17.6 km),https://ecovillage.org,FIXED_GLOBAL_SOURCE,https://ecovillage.org/project/co-housing-project-hasendorf-bunny-village,VERIFIED_COMMUNITY_SOURCE,search_index,site:ecovillage.org returned 'Co-housing project HASENDORF (= bunny village) - Global Ecovillage Network',G1,7,5,S2; S3; S4; S6,S2,"[{""url"":""https://wohnprojekt-hasendorf.at/"",""rank"":1,""source_class"":""S4"",""platform_type"":""own website"",""independence_group"":""G1"",""confidence"":""HIGH"",""quality_score"":0.92,""verification"":""search_index"",""evidence"":""Official project site""},{""url"":""https://ecovillage.org/project/co-housing-project-hasendorf-bunny-village"",""rank"":3,""source_class"":""S3"",""platform_type"":""directory listing"",""independence_group"":""G1"",""confidence"":""HIGH"",""quality_score"":0.66,""verification"":""search_index"",""evidence"":""Verified GEN project page - the source of the full community name""},{""url"":""https://www.einszueins.at/project/hasendorf/"",""rank"":2,""source_class"":""S2"",""platform_type"":""other"",""independence_group"":""G2"",""confidence"":""HIGH"",""quality_score"":0.76,""verification"":""search_index"",""evidence"":""einszueins architektur project record - independent design and construction documentation with dates""},{""url"":""http://www.conviva.consulting/projekte/wohnprojekt-hasendorf/"",""rank"":4,""source_class"":""S2"",""platform_type"":""other"",""independence_group"":""G3"",""confidence"":""HIGH"",""quality_score"":0.62,""verification"":""search_index"",""evidence"":""Participatory-building consultancy project record""},{""url"":""https://www.wohneningemeinschaft.at/gemeinschaftswohnhaus-hasendorf-noe/"",""rank"":5,""source_class"":""S3"",""platform_type"":""directory listing"",""independence_group"":""G4"",""confidence"":""MEDIUM"",""quality_score"":0.46,""verification"":""search_index"",""evidence"":""Austrian cohousing network profile - separately edited""},{""url"":""https://www.w24.at/Video/Neue-Wohngemeinschaft-in-Hasendorf/1215"",""rank"":6,""source_class"":""S6"",""platform_type"":""news outlet"",""independence_group"":""G5"",""confidence"":""MEDIUM"",""quality_score"":0.42,""verification"":""search_index"",""evidence"":""W24 broadcast segment - dated visual record""},{""url"":""https://ecovillage.org"",""rank"":7,""source_class"":""S3"",""platform_type"":""directory listing"",""independence_group"":""G1"",""confidence"":""HIGH"",""quality_score"":0.1,""verification"":""fixed_global_source"",""evidence"":""Mandatory Global Ecovillage Network network-level seed, present on every row; not evidence that this community is GEN-registered - see gen_community_status""}]",search_index,,,,,COMPLETE,HIGH,no,,"NAME RECOVERY: the original CSV cell was truncated to 'Co-housing project HASENDORF (= bunny'. The GEN page gives the complete name '(= bunny village)'. The truncated original is preserved verbatim; the normalized name restores the full form on GEN's authority. Developed from Jan 2015, built Oct 2016, occupied 2017/18; 1,200 sqm building land plus 3,300 sqm permaculture-managed agricultural land; ~24 adults, 12 children; a member CSA in the village.",2026-08-28,1.0.0
IC029,La Bolina,36.929365,-3.582513,Spain,FULL,,https://labolina.org/ | https://en.goteo.org/project/cultivando-futuros | https://youth.europa.eu/volunteering/organisation/63223_es | https://ecovillage.org/project/la-bolina/ | https://asad.es/creacion/la-bolina-integracion-regeneracion-y-sostenibilidad/ | https://asad.es/noticias/visitamos-la-bolina-proyecto-integracion-sostenibilidad-regeneracion/ | https://ecovillage.org,La Bolina,La Bolina,no,La Bolina; Asociacion La Bolina; Proyecto La Bolina,SETTLEMENT,30,single_source_row,1,0.000,"36.929365,-3.582513",SINGLE,36.929365,-3.582513,HIGH,,ES,ESP,Andalusia; Granada; Valle de Lecrin,HIGH,coordinate_gazetteer+official_site,https://labolina.org/,ES,UNANIMOUS,Motril (20.7 km),https://ecovillage.org,FIXED_GLOBAL_SOURCE,https://ecovillage.org/project/la-bolina/,VERIFIED_COMMUNITY_SOURCE,search_index,site:ecovillage.org returned 'La Bolina - Global Ecovillage Network' project page placing it in the Lecrin Valley south of Granada,G1,7,4,S2; S3; S4,S2,"[{""url"":""https://labolina.org/"",""rank"":1,""source_class"":""S4"",""platform_type"":""own website"",""independence_group"":""G1"",""confidence"":""HIGH"",""quality_score"":0.92,""verification"":""search_index"",""evidence"":""Official site""},{""url"":""https://ecovillage.org/project/la-bolina/"",""rank"":4,""source_class"":""S3"",""platform_type"":""directory listing"",""independence_group"":""G1"",""confidence"":""HIGH"",""quality_score"":0.64,""verification"":""search_index"",""evidence"":""Verified GEN project page""},{""url"":""https://en.goteo.org/project/cultivando-futuros"",""rank"":2,""source_class"":""S2"",""platform_type"":""crowdfunding"",""independence_group"":""G2"",""confidence"":""HIGH"",""quality_score"":0.78,""verification"":""search_index"",""evidence"":""Goteo crowdfunding campaign 'Cultivando Futuros' - dated, budgeted, specific: register rank 1-2 onset material""},{""url"":""https://asad.es/creacion/la-bolina-integracion-regeneracion-y-sostenibilidad/"",""rank"":5,""source_class"":""S2"",""platform_type"":""other"",""independence_group"":""G3"",""confidence"":""HIGH"",""quality_score"":0.62,""verification"":""search_index"",""evidence"":""ASAD NGO field report""},{""url"":""https://asad.es/noticias/visitamos-la-bolina-proyecto-integracion-sostenibilidad-regeneracion/"",""rank"":6,""source_class"":""S2"",""platform_type"":""other"",""independence_group"":""G3"",""confidence"":""MEDIUM"",""quality_score"":0.52,""verification"":""search_index"",""evidence"":""ASAD site-visit note - dated""},{""url"":""https://youth.europa.eu/volunteering/organisation/63223_es"",""rank"":3,""source_class"":""S2"",""platform_type"":""other"",""independence_group"":""G4"",""confidence"":""HIGH"",""quality_score"":0.66,""verification"":""search_index"",""evidence"":""European Youth Portal accreditation record""},{""url"":""https://ecovillage.org"",""rank"":7,""source_class"":""S3"",""platform_type"":""directory listing"",""independence_group"":""G1"",""confidence"":""HIGH"",""quality_score"":0.1,""verification"":""fixed_global_source"",""evidence"":""Mandatory Global Ecovillage Network network-level seed, present on every row; not evidence that this community is GEN-registered - see gen_community_status""}]",search_index,,,,,COMPLETE,HIGH,no,,Association founded 2016 out of an Eroles Project residency; agroecology and land regeneration with migrants and refugees; regenerating six parcels of land; veg-box scheme. Land-regeneration focus makes this a strong documentary-area candidate.,2026-08-28,1.0.0
IC030,EcoVillage de Pourgues,43.177351,1.435599,France,FULL,,https://www.ecovillagedepourgues.coop/ | https://cooperative-oasis.org/oasis/village-de-pourgues/ | https://www.slate.fr/story/182154/ecovillage-pourgues-liberte-communaute-collectivite-democratie | https://ecovillage.org/ecovillage/ecovillage-de-pourgues/impact-assessment/ | https://colibris-lafabrique.org/les-projets/lecovillage-de-pourgues | https://ecovillages.fr/st_location/pourgues/ | https://www.instagram.com/ecovillagedepourgues/ | https://ecovillage.org,EcoVillage de Pourgues,EcoVillage de Pourgues,no,Village de Pourgues; ecoVillage de Pourgues; Bloom Hills,SETTLEMENT,31,single_source_row,1,0.000,"43.177351,1.435599",SINGLE,43.177351,1.435599,HIGH,,FR,FRA,Occitanie; Ariege; Le Fossat; Leze valley,HIGH,coordinate_gazetteer+official_site,https://www.ecovillagedepourgues.coop/,FR,UNANIMOUS,Pamiers (15.7 km),https://ecovillage.org,FIXED_GLOBAL_SOURCE,https://ecovillage.org/ecovillage/ecovillage-de-pourgues/impact-assessment/,VERIFIED_COMMUNITY_SOURCE,search_index,"site:ecovillage.org returned GEN pages at /ecovillage/ecovillage-de-pourgues/ and /project/ecovillage-de-pourgues/. NOTE: the GEN text says 'Gironde (Bordeaux)', which contradicts every other source and the coordinate; treated as a GEN data error, not as evidence of location.",G1,8,5,S2; S3; S4; S6; S7,S2,"[{""url"":""https://www.ecovillagedepourgues.coop/"",""rank"":1,""source_class"":""S4"",""platform_type"":""own website"",""independence_group"":""G1"",""confidence"":""HIGH"",""quality_score"":0.9,""verification"":""search_index"",""evidence"":""Official site under the original name""},{""url"":""https://cooperative-oasis.org/oasis/village-de-pourgues/"",""rank"":2,""source_class"":""S2"",""platform_type"":""directory listing"",""independence_group"":""G2"",""confidence"":""HIGH"",""quality_score"":0.7,""verification"":""search_index"",""evidence"":""Cooperative Oasis record - a financing/accompaniment body applying its own criteria""},{""url"":""https://ecovillage.org/ecovillage/ecovillage-de-pourgues/impact-assessment/"",""rank"":4,""source_class"":""S3"",""platform_type"":""directory listing"",""independence_group"":""G1"",""confidence"":""HIGH"",""quality_score"":0.58,""verification"":""search_index"",""evidence"":""GEN impact-assessment page""},{""url"":""https://www.slate.fr/story/182154/ecovillage-pourgues-liberte-communaute-collectivite-democratie"",""rank"":3,""source_class"":""S6"",""platform_type"":""news outlet"",""independence_group"":""G3"",""confidence"":""HIGH"",""quality_score"":0.7,""verification"":""search_index"",""evidence"":""Slate.fr long-form independent reportage""},{""url"":""https://colibris-lafabrique.org/les-projets/lecovillage-de-pourgues"",""rank"":5,""source_class"":""S3"",""platform_type"":""directory listing"",""independence_group"":""G4"",""confidence"":""MEDIUM"",""quality_score"":0.44,""verification"":""search_index"",""evidence"":""Colibris La Fabrique project record""},{""url"":""https://ecovillages.fr/st_location/pourgues/"",""rank"":6,""source_class"":""S3"",""platform_type"":""directory listing"",""independence_group"":""G5"",""confidence"":""MEDIUM"",""quality_score"":0.36,""verification"":""search_index"",""evidence"":""French ecovillage network listing""},{""url"":""https://www.instagram.com/ecovillagedepourgues/"",""rank"":7,""source_class"":""S7"",""platform_type"":""Instagram"",""independence_group"":""G1"",""confidence"":""HIGH"",""quality_score"":0.24,""verification"":""search_index"",""evidence"":""Official account; expect BLOCKED to automated reading""},{""url"":""https://ecovillage.org"",""rank"":8,""source_class"":""S3"",""platform_type"":""directory listing"",""independence_group"":""G1"",""confidence"":""HIGH"",""quality_score"":0.1,""verification"":""fixed_global_source"",""evidence"":""Mandatory Global Ecovillage Network network-level seed, present on every row; not evidence that this community is GEN-registered - see gen_community_status""}]",search_index,,,,,COMPLETE,HIGH,no,,"Active since 2016/2017; ~50 ha in the Leze valley near Le Fossat, Ariege; Sudbury-school and liberated-organisation inspiration. RENAMED: the project now continues as 'Bloom Hills' (bloom-hills.org) - a name change that matters for archive and academic search (register A2).",2026-08-28,1.0.0
IC031,Oasis du Coq à l'Âme,45.880030,0.134812,France,FULL,,https://www.ecoquartiers.logement.gouv.fr/operation/2536/ | https://oasis-ducoqalame.fr/presentation-de-loasis-du-coq-a-lame/ | https://cooperative-oasis.org/oasis/oasis-du-coq-a-lame/ | https://cooperative-oasis.org/articles/loasis-du-coq-a-lame-sera-lun-des-premiers-ecoquartier-citoyens/ | https://ecovillage.org/project/oasis-du-coq-a-lame/ | https://www.acteurs-locaux.fr/n31-france/article-acteurs-locaux-charente-premiere-journee-dans-l-ecolieu-de-l-oasis-du-coq-a-l-ame-au-domaine-d-echoisy.html?id=28309 | https://ecovillage.org,Oasis du Coq Ã  lâ€™Ã‚me,Oasis du Coq à l'Âme,yes,Oasis du Coq a l'Ame; L'Oasis du Coq a l'Ame; Domaine d'Echoisy,SETTLEMENT,32,single_source_row,1,0.000,"45.880030,0.134812",SINGLE,45.880030,0.134812,HIGH,,FR,FRA,Nouvelle-Aquitaine; Charente; Cellettes; Domaine d'Echoisy,HIGH,coordinate_gazetteer+government_record,https://www.ecoquartiers.logement.gouv.fr/operation/2536/,FR,UNANIMOUS,Angoulême (25.6 km),https://ecovillage.org,FIXED_GLOBAL_SOURCE,https://ecovillage.org/project/oasis-du-coq-a-lame/,VERIFIED_COMMUNITY_SOURCE,search_index,site:ecovillage.org returned 'Oasis du Coq a l'Ame - Global Ecovillage Network' project page,G1,7,4,S2; S3; S4; S6,S2,"[{""url"":""https://www.ecoquartiers.logement.gouv.fr/operation/2536/"",""rank"":1,""source_class"":""S2"",""platform_type"":""other"",""independence_group"":""G2"",""confidence"":""HIGH"",""quality_score"":0.92,""verification"":""search_index"",""evidence"":""French Ministry of Housing EcoQuartier official operation record - government planning source, Tier A""},{""url"":""https://oasis-ducoqalame.fr/presentation-de-loasis-du-coq-a-lame/"",""rank"":2,""source_class"":""S4"",""platform_type"":""own website"",""independence_group"":""G1"",""confidence"":""HIGH"",""quality_score"":0.88,""verification"":""search_index"",""evidence"":""Official presentation page""},{""url"":""https://cooperative-oasis.org/oasis/oasis-du-coq-a-lame/"",""rank"":3,""source_class"":""S2"",""platform_type"":""directory listing"",""independence_group"":""G3"",""confidence"":""HIGH"",""quality_score"":0.7,""verification"":""search_index"",""evidence"":""Cooperative Oasis record - independent accompaniment body""},{""url"":""https://cooperative-oasis.org/articles/loasis-du-coq-a-lame-sera-lun-des-premiers-ecoquartier-citoyens/"",""rank"":4,""source_class"":""S2"",""platform_type"":""other"",""independence_group"":""G3"",""confidence"":""HIGH"",""quality_score"":0.66,""verification"":""search_index"",""evidence"":""Dated article on the EcoQuartier citoyen designation""},{""url"":""https://ecovillage.org/project/oasis-du-coq-a-lame/"",""rank"":5,""source_class"":""S3"",""platform_type"":""directory listing"",""independence_group"":""G1"",""confidence"":""HIGH"",""quality_score"":0.58,""verification"":""search_index"",""evidence"":""Verified GEN project page""},{""url"":""https://www.acteurs-locaux.fr/n31-france/article-acteurs-locaux-charente-premiere-journee-dans-l-ecolieu-de-l-oasis-du-coq-a-l-ame-au-domaine-d-echoisy.html?id=28309"",""rank"":6,""source_class"":""S6"",""platform_type"":""news outlet"",""independence_group"":""G4"",""confidence"":""MEDIUM"",""quality_score"":0.48,""verification"":""search_index"",""evidence"":""Regional coverage; URL carries a query parameter - delimiter-safety test case""},{""url"":""https://ecovillage.org"",""rank"":7,""source_class"":""S3"",""platform_type"":""directory listing"",""independence_group"":""G1"",""confidence"":""HIGH"",""quality_score"":0.1,""verification"":""fixed_global_source"",""evidence"":""Mandatory Global Ecovillage Network network-level seed, present on every row; not evidence that this community is GEN-registered - see gen_community_status""}]",search_index,,,,,COMPLETE,HIGH,no,,"name repaired from a mis-encoded export; original preserved | TEXT REPAIR: the original cell was double-mojibake ('Oasis du Coq A  lA¢a,-a,,cA'me'); repaired to 'Oasis du Coq a l'Ame', confirmed against the French government EcoQuartier register. Collective of 20 households, formed 2016, installed on the Echoisy estate late 2021; guided by a scientific committee.",2026-08-28,1.0.0
IC032,meltemi,38.004674,24.021794,Greece,FULL,,https://wiki.p2pfoundation.net/Meltemi_Community | https://nobelgrid.eu/meeting-meltemi-eco-village-in-greece/ | https://www.resilience.org/stories/2013-09-10/meltemi-the-jewel-of-the-commons/ | https://ecovillage.org/map/community/meltemi/ | https://ecovillage.org,meltemi,meltemi,no,Meltemi; Kataskinosi (the campsite); Meltemi Community,SETTLEMENT,33,single_source_row,1,0.000,"38.004674,24.021794",SINGLE,38.004674,24.021794,HIGH,,GR,GRC,Attica; East Attica; Rafina,HIGH,coordinate_gazetteer+published_source,https://ecovillage.org/map/community/meltemi/,GR,UNANIMOUS,Artémida (4.7 km),https://ecovillage.org,FIXED_GLOBAL_SOURCE,https://ecovillage.org/map/community/meltemi/,VERIFIED_COMMUNITY_SOURCE,search_index,site:ecovillage.org returned 'Meltemi - Global Ecovillage Network' as a /map/community/ directory entry,G1,5,4,S1; S2; S3; S6,S1,"[{""url"":""https://ecovillage.org/map/community/meltemi/"",""rank"":4,""source_class"":""S3"",""platform_type"":""directory listing"",""independence_group"":""G1"",""confidence"":""HIGH"",""quality_score"":0.66,""verification"":""search_index"",""evidence"":""Verified GEN directory entry - principal description""},{""url"":""https://wiki.p2pfoundation.net/Meltemi_Community"",""rank"":1,""source_class"":""S1"",""platform_type"":""other"",""independence_group"":""G2"",""confidence"":""HIGH"",""quality_score"":0.74,""verification"":""search_index"",""evidence"":""P2P Foundation wiki entry - commons-research literature, referenced""},{""url"":""https://www.resilience.org/stories/2013-09-10/meltemi-the-jewel-of-the-commons/"",""rank"":3,""source_class"":""S6"",""platform_type"":""other"",""independence_group"":""G3"",""confidence"":""HIGH"",""quality_score"":0.7,""verification"":""search_index"",""evidence"":""Resilience.org, dated 2013, 'Meltemi: The Jewel of the Commons'""},{""url"":""https://nobelgrid.eu/meeting-meltemi-eco-village-in-greece/"",""rank"":2,""source_class"":""S2"",""platform_type"":""other"",""independence_group"":""G4"",""confidence"":""HIGH"",""quality_score"":0.72,""verification"":""search_index"",""evidence"":""NOBEL GRID EU Horizon 2020 project record - Meltemi was a pilot site; institutional and dated""},{""url"":""https://ecovillage.org"",""rank"":5,""source_class"":""S3"",""platform_type"":""directory listing"",""independence_group"":""G1"",""confidence"":""HIGH"",""quality_score"":0.1,""verification"":""fixed_global_source"",""evidence"":""Mandatory Global Ecovillage Network network-level seed, present on every row; not evidence that this community is GEN-registered - see gen_community_status""}]",search_index,,,,,COMPLETE,HIGH,no,,"Established 1946 by petroleum-company employees as a back-to-nature settlement; 150 stremmata (~15 ha), 200+ resident families; direct plus representative democracy. Much older than most of the cohort - onset dating will need care over first-versus-major intervention.",2026-08-28,1.0.0
IC033,ECOlonie – Centre Ecologique International,48.050363,6.105263,France,FULL,,"https://www.ecolonie.eu/en | https://annuaire-entreprises.data.gouv.fr/entreprise/ecolonie-centre-ecologique-international-379340524 | https://www.societe.com/societe/ecolonie-centre-ecologique-international-379340524.html | https://ecovillage.org/project/ecolonie-centre-ecologique-intern/ | https://www.net1901.org/association/ASSOCIATION-ECOLONIE-CENTRE-ECOLOGIQUE-INTERNATIONAL,1250436.html | https://www.campingfrance.com/uk/find-your-campsite/great-east/vosges/hennezel/lecolonie-aire-naturelle | https://ecovillage.org",ECOlonie â€&quot; Centre Ecologique International,ECOlonie – Centre Ecologique International,yes,Ecolonie; ECOlonie Centre Ecologique International; Gaia Collective Ecolonie,SETTLEMENT,34,single_source_row,1,0.000,"48.050363,6.105263",SINGLE,48.050363,6.105263,HIGH,,FR,FRA,Grand Est; Vosges; Hennezel; Thietry; Ourche valley,HIGH,coordinate_gazetteer+government_registry,https://annuaire-entreprises.data.gouv.fr/entreprise/ecolonie-centre-ecologique-international-379340524,FR,UNANIMOUS,Épinal (29.7 km),https://ecovillage.org,FIXED_GLOBAL_SOURCE,https://ecovillage.org/project/ecolonie-centre-ecologique-intern/,VERIFIED_COMMUNITY_SOURCE,search_index,site:ecovillage.org returned 'ECOlonie - Centre Ecologique International - Global Ecovillage Network',G1,7,3,S2; S3; S4,S2,"[{""url"":""https://www.ecolonie.eu/en"",""rank"":1,""source_class"":""S4"",""platform_type"":""own website"",""independence_group"":""G1"",""confidence"":""HIGH"",""quality_score"":0.9,""verification"":""search_index"",""evidence"":""Official site, English edition""},{""url"":""https://annuaire-entreprises.data.gouv.fr/entreprise/ecolonie-centre-ecologique-international-379340524"",""rank"":2,""source_class"":""S2"",""platform_type"":""other"",""independence_group"":""G2"",""confidence"":""HIGH"",""quality_score"":0.88,""verification"":""search_index"",""evidence"":""French government open registry entry (SIREN 379340524) - dated legal-entity record, Tier A""},{""url"":""https://www.societe.com/societe/ecolonie-centre-ecologique-international-379340524.html"",""rank"":3,""source_class"":""S2"",""platform_type"":""other"",""independence_group"":""G2"",""confidence"":""HIGH"",""quality_score"":0.62,""verification"":""search_index"",""evidence"":""Company/association register mirror of the same registry record - same independence group""},{""url"":""https://www.net1901.org/association/ASSOCIATION-ECOLONIE-CENTRE-ECOLOGIQUE-INTERNATIONAL,1250436.html"",""rank"":5,""source_class"":""S2"",""platform_type"":""directory listing"",""independence_group"":""G2"",""confidence"":""MEDIUM"",""quality_score"":0.5,""verification"":""search_index"",""evidence"":""French association register entry; URL contains a comma - a delimiter-safety test case""},{""url"":""https://ecovillage.org/project/ecolonie-centre-ecologique-intern/"",""rank"":4,""source_class"":""S3"",""platform_type"":""directory listing"",""independence_group"":""G1"",""confidence"":""HIGH"",""quality_score"":0.6,""verification"":""search_index"",""evidence"":""Verified GEN project page with resident and visitor counts""},{""url"":""https://www.campingfrance.com/uk/find-your-campsite/great-east/vosges/hennezel/lecolonie-aire-naturelle"",""rank"":6,""source_class"":""S3"",""platform_type"":""booking or hosting"",""independence_group"":""G3"",""confidence"":""LOW"",""quality_score"":0.24,""verification"":""search_index"",""evidence"":""Campsite listing - land-use detail the main site omits""},{""url"":""https://ecovillage.org"",""rank"":7,""source_class"":""S3"",""platform_type"":""directory listing"",""independence_group"":""G1"",""confidence"":""HIGH"",""quality_score"":0.1,""verification"":""fixed_global_source"",""evidence"":""Mandatory Global Ecovillage Network network-level seed, present on every row; not evidence that this community is GEN-registered - see gen_community_status""}]",search_index,,,,,COMPLETE,HIGH,no,,"name repaired from a mis-encoded export; original preserved | TEXT REPAIR: the original cell held an HTML-escaped mojibake en dash; repaired to 'ECOlonie - Centre Ecologique International' and confirmed against the French association registry. Dutch-founded living community operating since 1989; ~17 permanent residents, ~150 volunteers and ~2,500 guests a year. A registered French association with SIREN 379340524, giving a dated legal-entity record.",2026-08-28,1.0.0
IC034,Matavenero y Poibueno,42.537166,-6.372006,Spain,FULL,,https://matavenero.net/ | https://ecoaldeas.org/wp-content/uploads/2020/08/Ficha_RIE_Matavenero.pdf | https://www.diariodeleon.es/bierzo/190908/1495251/matavenero-30-anos-utopia.html | https://es.wikipedia.org/wiki/Matavenero | https://ecovillage.org/map/community/matavenero-y-poibueno/ | https://ecoaldeas.org/matavenero/ | https://ecovillage.org,Matavenero y Poibueno,Matavenero y Poibueno,no,Matavenero; Matavenero y Poibueno; Poibueno,SETTLEMENT,35,single_source_row,1,0.000,"42.537166,-6.372006",SINGLE,42.537166,-6.372006,HIGH,,ES,ESP,Castile and Leon; Leon; El Bierzo; Torre del Bierzo,HIGH,coordinate_gazetteer+published_source,https://es.wikipedia.org/wiki/Matavenero,ES,UNANIMOUS,Ponferrada (18.4 km),https://ecovillage.org,FIXED_GLOBAL_SOURCE,https://ecovillage.org/map/community/matavenero-y-poibueno/,VERIFIED_COMMUNITY_SOURCE,search_index,site:ecovillage.org returned 'Matavenero y Poibueno - Global Ecovillage Network' directory entry plus a /project/matavenero-y-poibueno/ sub-page,G1,7,4,S2; S3; S4; S6,S2,"[{""url"":""https://matavenero.net/"",""rank"":1,""source_class"":""S4"",""platform_type"":""own website"",""independence_group"":""G1"",""confidence"":""HIGH"",""quality_score"":0.88,""verification"":""search_index"",""evidence"":""Official community site""},{""url"":""https://ecoaldeas.org/wp-content/uploads/2020/08/Ficha_RIE_Matavenero.pdf"",""rank"":2,""source_class"":""S2"",""platform_type"":""other"",""independence_group"":""G2"",""confidence"":""HIGH"",""quality_score"":0.86,""verification"":""search_index"",""evidence"":""Red Iberica de Ecoaldeas structured PDF record covering ecological, economic, social and cultural dimensions - a document, not a page""},{""url"":""https://ecoaldeas.org/matavenero/"",""rank"":6,""source_class"":""S3"",""platform_type"":""directory listing"",""independence_group"":""G2"",""confidence"":""HIGH"",""quality_score"":0.56,""verification"":""search_index"",""evidence"":""RIE directory entry""},{""url"":""https://ecovillage.org/map/community/matavenero-y-poibueno/"",""rank"":5,""source_class"":""S3"",""platform_type"":""directory listing"",""independence_group"":""G1"",""confidence"":""HIGH"",""quality_score"":0.6,""verification"":""search_index"",""evidence"":""Verified GEN directory entry""},{""url"":""https://www.diariodeleon.es/bierzo/190908/1495251/matavenero-30-anos-utopia.html"",""rank"":3,""source_class"":""S6"",""platform_type"":""news outlet"",""independence_group"":""G3"",""confidence"":""HIGH"",""quality_score"":0.72,""verification"":""search_index"",""evidence"":""Diario de Leon, '30 anos de utopia' - dated regional journalism marking the 1989 founding""},{""url"":""https://es.wikipedia.org/wiki/Matavenero"",""rank"":4,""source_class"":""S6"",""platform_type"":""other"",""independence_group"":""G4"",""confidence"":""HIGH"",""quality_score"":0.62,""verification"":""search_index"",""evidence"":""Spanish encyclopaedic article with administrative placement""},{""url"":""https://ecovillage.org"",""rank"":7,""source_class"":""S3"",""platform_type"":""directory listing"",""independence_group"":""G1"",""confidence"":""HIGH"",""quality_score"":0.1,""verification"":""fixed_global_source"",""evidence"":""Mandatory Global Ecovillage Network network-level seed, present on every row; not evidence that this community is GEN-registered - see gen_community_status""}]",search_index,,,,,COMPLETE,HIGH,no,,"Two abandoned Bierzo hamlets resettled from 1989 by people from the Rainbow movement, on land granted by the provincial administration; ~60 residents at 1,000 m in chestnut forest. The land grant is a dated institutional record worth pursuing.",2026-08-28,1.0.0
IC035,Communauté de l'Arche de Saint-Antoine,45.174990,5.216690,France,FULL,,https://archecom.org/a-propos/histoire | https://archecom.org/a-propos/l-arche-aujourd-hui | https://cooperative-oasis.org/oasis/l-arche-de-saint-antoine/ | https://ecovillage.org/project/communaute-de-larche-de-saint-antoine/ | https://fr.wikipedia.org/wiki/Communaut%C3%A9s_de_l'Arche_(Lanza_del_Vasto) | https://www.irenees.net/bdf_fiche-defis-214_fr.html | https://www.lanzadelvasto.com/en/action/the-ark/ | https://ecovillage.org,CommunautÃ© de lâ€™Arche de Saint-Antoine,Communauté de l'Arche de Saint-Antoine,yes,L'Arche de Saint-Antoine; Communautes de l'Arche; Arche de Lanza del Vasto; Ark Community,SETTLEMENT,36,single_source_row,1,0.000,"45.174990,5.216690",SINGLE,45.174990,5.216690,HIGH,,FR,FRA,Auvergne-Rhone-Alpes; Isere; Saint-Antoine-l'Abbaye,HIGH,coordinate_gazetteer+GEN_profile,https://ecovillage.org/project/communaute-de-larche-de-saint-antoine/,FR,UNANIMOUS,Romans-sur-Isère (18.3 km),https://ecovillage.org,FIXED_GLOBAL_SOURCE,https://ecovillage.org/project/communaute-de-larche-de-saint-antoine/,VERIFIED_COMMUNITY_SOURCE,search_index,"site:ecovillage.org returned the project page with the address 34 La Basse Cour, 38160 Saint Antoine l'Abbaye",G1,8,4,S1; S2; S3; S4; S6,S1,"[{""url"":""https://archecom.org/a-propos/histoire"",""rank"":1,""source_class"":""S4"",""platform_type"":""own website"",""independence_group"":""G1"",""confidence"":""HIGH"",""quality_score"":0.86,""verification"":""search_index"",""evidence"":""Movement history page - dated founding narrative""},{""url"":""https://archecom.org/a-propos/l-arche-aujourd-hui"",""rank"":2,""source_class"":""S4"",""platform_type"":""own website"",""independence_group"":""G1"",""confidence"":""HIGH"",""quality_score"":0.7,""verification"":""search_index"",""evidence"":""Present-day description of the communities""},{""url"":""https://ecovillage.org/project/communaute-de-larche-de-saint-antoine/"",""rank"":4,""source_class"":""S3"",""platform_type"":""directory listing"",""independence_group"":""G1"",""confidence"":""HIGH"",""quality_score"":0.64,""verification"":""search_index"",""evidence"":""Verified GEN project page with postal address""},{""url"":""https://cooperative-oasis.org/oasis/l-arche-de-saint-antoine/"",""rank"":3,""source_class"":""S2"",""platform_type"":""directory listing"",""independence_group"":""G2"",""confidence"":""HIGH"",""quality_score"":0.66,""verification"":""search_index"",""evidence"":""Cooperative Oasis record - independent accompaniment body""},{""url"":""https://fr.wikipedia.org/wiki/Communaut%C3%A9s_de_l'Arche_(Lanza_del_Vasto)"",""rank"":5,""source_class"":""S6"",""platform_type"":""other"",""independence_group"":""G3"",""confidence"":""HIGH"",""quality_score"":0.62,""verification"":""search_index"",""evidence"":""Encyclopaedic article; percent-encoded path with parentheses - URL-fidelity test case""},{""url"":""https://www.irenees.net/bdf_fiche-defis-214_fr.html"",""rank"":6,""source_class"":""S1"",""platform_type"":""other"",""independence_group"":""G4"",""confidence"":""MEDIUM"",""quality_score"":0.58,""verification"":""search_index"",""evidence"":""Irenees peace-research resource centre analysis of the Ark's current challenges""},{""url"":""https://www.lanzadelvasto.com/en/action/the-ark/"",""rank"":7,""source_class"":""S4"",""platform_type"":""secondary or former website"",""independence_group"":""G1"",""confidence"":""MEDIUM"",""quality_score"":0.48,""verification"":""search_index"",""evidence"":""Movement founder site, English edition""},{""url"":""https://ecovillage.org"",""rank"":8,""source_class"":""S3"",""platform_type"":""directory listing"",""independence_group"":""G1"",""confidence"":""HIGH"",""quality_score"":0.1,""verification"":""fixed_global_source"",""evidence"":""Mandatory Global Ecovillage Network network-level seed, present on every row; not evidence that this community is GEN-registered - see gen_community_status""}]",search_index,,,,,COMPLETE,HIGH,no,,"name repaired from a mis-encoded export; original preserved | Part of the Ark movement founded 1948 by Lanza del Vasto after meeting Gandhi; the Saint-Antoine house was founded 1987 by a team from Bonnecombe. Non-violence, manual work, welcome and training centre.",2026-08-28,1.0.0
IC036,Tamera,37.720593,-8.518849,Portugal,FULL,,https://www.tamera.org/water-retention-landscape/ | https://www.researchgate.net/publication/301199374_An_economic_analysis_of_rural_climate_change_adaptation_to_droughts_the_case_of_the_Tamera_Water_Retention_Landscape_Portugal | https://base-adaptation.eu/water-retention-landscape-restore-water-cycle-and-reduce-vulnerability-droughts-tamera-portugal.html | https://adaptecca.es/en/casos-practicos/tamera-water-retention-landscape-restore-water-cycle-and-reduce-vulnerability | https://blog.cei.iscte-iul.pt/power-to-the-people-or-new-enclosures-part-ii-tamera-healing-biotope-i/ | https://ecovillage.org/project/tamera-0/ | https://ecovillage.org,Tamera,Tamera,no,Tamera; Tamera Healing Biotope I; Tamera Heilungsbiotop; Terra Nova,SETTLEMENT,37,single_source_row,1,0.000,"37.720593,-8.518849",SINGLE,37.720593,-8.518849,HIGH,,PT,PRT,Alentejo; Beja District; Odemira; between Colos and Reliquias,HIGH,coordinate_gazetteer+official_site,https://www.tamera.org/water-retention-landscape/,PT,UNANIMOUS,Portimão (64.7 km),https://ecovillage.org,FIXED_GLOBAL_SOURCE,https://ecovillage.org/project/tamera-0/,VERIFIED_COMMUNITY_SOURCE,search_index,"site:ecovillage.org returned 'Tamera - Global Ecovillage Network' at /project/tamera-0/ - note the '-0' slug suffix, which is why GEN URLs must never be constructed",G1,7,5,S1; S2; S3; S4,S1,"[{""url"":""https://www.tamera.org/water-retention-landscape/"",""rank"":1,""source_class"":""S4"",""platform_type"":""own website"",""independence_group"":""G1"",""confidence"":""HIGH"",""quality_score"":0.95,""verification"":""search_index"",""evidence"":""Official account of the Water Retention Landscape - the central ecological intervention""},{""url"":""https://base-adaptation.eu/water-retention-landscape-restore-water-cycle-and-reduce-vulnerability-droughts-tamera-portugal.html"",""rank"":3,""source_class"":""S2"",""platform_type"":""other"",""independence_group"":""G2"",""confidence"":""HIGH"",""quality_score"":0.9,""verification"":""search_index"",""evidence"":""EU BASE adaptation platform case record with dated areas and figures""},{""url"":""https://adaptecca.es/en/casos-practicos/tamera-water-retention-landscape-restore-water-cycle-and-reduce-vulnerability"",""rank"":4,""source_class"":""S2"",""platform_type"":""other"",""independence_group"":""G3"",""confidence"":""HIGH"",""quality_score"":0.8,""verification"":""search_index"",""evidence"":""Spanish national climate-adaptation platform case record""},{""url"":""https://www.researchgate.net/publication/301199374_An_economic_analysis_of_rural_climate_change_adaptation_to_droughts_the_case_of_the_Tamera_Water_Retention_Landscape_Portugal"",""rank"":2,""source_class"":""S1"",""platform_type"":""other"",""independence_group"":""G4"",""confidence"":""HIGH"",""quality_score"":0.92,""verification"":""search_index"",""evidence"":""Peer-reviewed economic analysis of the Tamera WRL - register class S1""},{""url"":""https://blog.cei.iscte-iul.pt/power-to-the-people-or-new-enclosures-part-ii-tamera-healing-biotope-i/"",""rank"":5,""source_class"":""S1"",""platform_type"":""other"",""independence_group"":""G5"",""confidence"":""HIGH"",""quality_score"":0.74,""verification"":""search_index"",""evidence"":""ISCTE-IUL Centre for International Studies research blog - critical academic treatment""},{""url"":""https://ecovillage.org/project/tamera-0/"",""rank"":6,""source_class"":""S3"",""platform_type"":""directory listing"",""independence_group"":""G1"",""confidence"":""HIGH"",""quality_score"":0.58,""verification"":""search_index"",""evidence"":""Verified GEN project page""},{""url"":""https://ecovillage.org"",""rank"":7,""source_class"":""S3"",""platform_type"":""directory listing"",""independence_group"":""G1"",""confidence"":""HIGH"",""quality_score"":0.1,""verification"":""fixed_global_source"",""evidence"":""Mandatory Global Ecovillage Network network-level seed, present on every row; not evidence that this community is GEN-registered - see gen_community_status""}]",search_index,,,,,COMPLETE,HIGH,no,,"Founded in Germany 1978, moved to Portugal 1995; ~170 people on 330 acres. The Water Retention Landscape (29 lakes 2006-2015, water bodies from 0.62 ha to 8.32 ha) is exactly the kind of dated, measured earthwork the study is looking for, and it is documented in peer-reviewed and EU-platform sources.",2026-08-28,1.0.0
IC037,Cheiry,46.751193,6.836893,Switzerland,FULL,,https://ecopol.net/projet-cheri-cheiry/ | https://villenouvelle.ch/2018/02/21/inauguration-dun-ecovillage-a-cheiry-fr/ | https://www.lasmala.org/a-la-decouverte-des-ecovillages/ | https://ecovillage.org/project/smala-ecovillage-communities/ | https://www.passerelleco.info/article.php?id_article=2516 | https://www.youtube.com/watch?v=sqpz0UCmshc | https://ecovillage.org,Cheiry,Cheiry,no,Smala Cheri; Ecovillage Smala Cheri; Cheiry; La Smala,SETTLEMENT,38,single_source_row,1,0.000,"46.751193,6.836893",SINGLE,46.751193,6.836893,HIGH,,CH,CHE,Canton of Fribourg; Broye district; Cheiry (merged into Surpierre 2021),HIGH,coordinate_gazetteer+published_source,https://ecopol.net/projet-cheri-cheiry/,CH,UNANIMOUS,Yverdon-les-Bains (15.2 km),https://ecovillage.org,FIXED_GLOBAL_SOURCE,https://ecovillage.org/project/smala-ecovillage-communities/,VERIFIED_COMMUNITY_SOURCE_PARENT_ONLY,search_index,"site:ecovillage.org returned 'Smala Ecovillage Communities', the parent GEN entry covering the Cheiry site; no GEN page for Cheiry alone was found. Recorded as the parent listing, not as a site-specific profile.",G1,7,4,S2; S3; S4; S6; S7,S2,"[{""url"":""https://ecopol.net/projet-cheri-cheiry/"",""rank"":1,""source_class"":""S4"",""platform_type"":""own website"",""independence_group"":""G1"",""confidence"":""HIGH"",""quality_score"":0.86,""verification"":""search_index"",""evidence"":""Ecopol project page for the Cheiry site specifically""},{""url"":""https://www.lasmala.org/a-la-decouverte-des-ecovillages/"",""rank"":3,""source_class"":""S4"",""platform_type"":""own website"",""independence_group"":""G1"",""confidence"":""HIGH"",""quality_score"":0.68,""verification"":""search_index"",""evidence"":""La Smala's account of its ecovillage method since 1993""},{""url"":""https://villenouvelle.ch/2018/02/21/inauguration-dun-ecovillage-a-cheiry-fr/"",""rank"":2,""source_class"":""S2"",""platform_type"":""other"",""independence_group"":""G2"",""confidence"":""HIGH"",""quality_score"":0.76,""verification"":""search_index"",""evidence"":""Architects' dated record of the Cheiry inauguration - independent design documentation""},{""url"":""https://ecovillage.org/project/smala-ecovillage-communities/"",""rank"":4,""source_class"":""S3"",""platform_type"":""directory listing"",""independence_group"":""G1"",""confidence"":""MEDIUM"",""quality_score"":0.5,""verification"":""search_index"",""evidence"":""GEN parent listing for the Smala communities""},{""url"":""https://www.youtube.com/watch?v=sqpz0UCmshc"",""rank"":6,""source_class"":""S7"",""platform_type"":""YouTube"",""independence_group"":""G3"",""confidence"":""MEDIUM"",""quality_score"":0.4,""verification"":""search_index"",""evidence"":""Dated video of the 21 August 2016 inauguration - visual documentation (register V4)""},{""url"":""https://www.passerelleco.info/article.php?id_article=2516"",""rank"":5,""source_class"":""S6"",""platform_type"":""other"",""independence_group"":""G4"",""confidence"":""MEDIUM"",""quality_score"":0.44,""verification"":""search_index"",""evidence"":""Passerelle Eco feature on the Smala ecovillages; query-parameter URL""},{""url"":""https://ecovillage.org"",""rank"":7,""source_class"":""S3"",""platform_type"":""directory listing"",""independence_group"":""G1"",""confidence"":""HIGH"",""quality_score"":0.1,""verification"":""fixed_global_source"",""evidence"":""Mandatory Global Ecovillage Network network-level seed, present on every row; not evidence that this community is GEN-registered - see gen_community_status""}]",search_index,,,,,COMPLETE,MEDIUM,yes,gen_page_qualified; identity_confidence_below_high,"Inaugurated 21 August 2016; ~35 rooms, designed for 20 families; Minergie-certified timber-frame building, permaculture vegetable garden, river. Operated by La Smala / Ecopol, which runs several Swiss sites - identity must be pinned to the Cheiry site specifically. The municipality merged into Surpierre in 2021.",2026-08-28,1.0.0
IC038,Hallingelille Ecovillage,55.494351,11.819877,Denmark,FULL,,https://www.hallingelille.dk/ | https://www.hallingelille.dk/om-os/samfundet/ | https://ecovillage.org/project/hallingelille-ecovillage/ | https://nyerodder.dk/hallingelille/ | https://ecovillage.org/map/community/new-roots/ | https://okosamfund.dk/en/elementor-14152/medlemmer-en/ | https://ecovillage.org,Hallingelille Ecovillage,Hallingelille Ecovillage,no,Hallingelille; Okosamfundet Hallingelille,SETTLEMENT,39,single_source_row,1,0.000,"55.494351,11.819877",SINGLE,55.494351,11.819877,HIGH,,DK,DNK,Region Zealand; Ringsted municipality; Hallingelille,HIGH,coordinate_gazetteer+official_site,https://www.hallingelille.dk/,DK,UNANIMOUS,Ringsted (6.1 km),https://ecovillage.org,FIXED_GLOBAL_SOURCE,https://ecovillage.org/project/hallingelille-ecovillage/,VERIFIED_COMMUNITY_SOURCE,search_index,site:ecovillage.org returned 'Hallingelille Ecovillage - Global Ecovillage Network' and lists it among GEN Europe full members,G1,7,3,S2; S3; S4,S2,"[{""url"":""https://www.hallingelille.dk/"",""rank"":1,""source_class"":""S4"",""platform_type"":""own website"",""independence_group"":""G1"",""confidence"":""HIGH"",""quality_score"":0.92,""verification"":""search_index"",""evidence"":""Official site""},{""url"":""https://www.hallingelille.dk/om-os/samfundet/"",""rank"":2,""source_class"":""S4"",""platform_type"":""own website"",""independence_group"":""G1"",""confidence"":""HIGH"",""quality_score"":0.74,""verification"":""search_index"",""evidence"":""'Om os' community description with dates""},{""url"":""https://ecovillage.org/project/hallingelille-ecovillage/"",""rank"":3,""source_class"":""S3"",""platform_type"":""directory listing"",""independence_group"":""G1"",""confidence"":""HIGH"",""quality_score"":0.62,""verification"":""search_index"",""evidence"":""Verified GEN project page""},{""url"":""https://ecovillage.org/map/community/new-roots/"",""rank"":5,""source_class"":""S3"",""platform_type"":""directory listing"",""independence_group"":""G1"",""confidence"":""MEDIUM"",""quality_score"":0.48,""verification"":""search_index"",""evidence"":""GEN entry for the New Roots project hosted at Hallingelille, started 2014""},{""url"":""https://okosamfund.dk/en/elementor-14152/medlemmer-en/"",""rank"":6,""source_class"":""S3"",""platform_type"":""directory listing"",""independence_group"":""G2"",""confidence"":""MEDIUM"",""quality_score"":0.46,""verification"":""search_index"",""evidence"":""Danish national ecovillage association (LOS) member list - separately maintained""},{""url"":""https://nyerodder.dk/hallingelille/"",""rank"":4,""source_class"":""S2"",""platform_type"":""other"",""independence_group"":""G3"",""confidence"":""MEDIUM"",""quality_score"":0.52,""verification"":""search_index"",""evidence"":""Nye Rodder (New Roots) organisation page for the Hallingelille site""},{""url"":""https://ecovillage.org"",""rank"":7,""source_class"":""S3"",""platform_type"":""directory listing"",""independence_group"":""G1"",""confidence"":""HIGH"",""quality_score"":0.1,""verification"":""fixed_global_source"",""evidence"":""Mandatory Global Ecovillage Network network-level seed, present on every row; not evidence that this community is GEN-registered - see gen_community_status""}]",search_index,,,,,COMPLETE,HIGH,no,,"Community house completed October 2005; ~20 houses; 10 km outside Ringsted. Hosts the 'New Roots' nature-based rehabilitation project for traumatised refugees, started 2014 - a dated, externally funded programme worth chasing for grant records.",2026-08-28,1.0.0
IC039,Munksøgårds,55.657897,12.132336,Denmark,FULL,,https://www.nature.com/articles/s44168-024-00140-2 | https://www.munksoegaard.dk/en/about.html | https://www.munksoegaard.dk/ | https://backlund.dk/english/references/munksoegaard-ecovillage | https://ecovillage.org/project/munkesoegaard/ | https://da.wikipedia.org/wiki/Munks%C3%B8g%C3%A5rd | https://ecovillage.org,Munksøgårds,Munksøgårds,no,Munksogard; Munksoegaard; Munksogard okosamfund,SETTLEMENT,40,single_source_row,1,0.000,"55.657897,12.132336",SINGLE,55.657897,12.132336,HIGH,,DK,DNK,Region Zealand; Roskilde municipality; Trekroner,HIGH,coordinate_gazetteer+official_site,https://www.munksoegaard.dk/en/about.html,DK,UNANIMOUS,Roskilde (3.7 km),https://ecovillage.org,FIXED_GLOBAL_SOURCE,https://ecovillage.org/project/munkesoegaard/,VERIFIED_COMMUNITY_SOURCE,search_index,site:ecovillage.org returned 'Munksogards - Global Ecovillage Network' at /project/munkesoegaard/,G1,7,4,S1; S2; S3; S4; S6,S1,"[{""url"":""https://www.munksoegaard.dk/en/about.html"",""rank"":2,""source_class"":""S4"",""platform_type"":""own website"",""independence_group"":""G1"",""confidence"":""HIGH"",""quality_score"":0.9,""verification"":""search_index"",""evidence"":""Official English about page""},{""url"":""https://www.munksoegaard.dk/"",""rank"":3,""source_class"":""S4"",""platform_type"":""own website"",""independence_group"":""G1"",""confidence"":""HIGH"",""quality_score"":0.8,""verification"":""search_index"",""evidence"":""Official Danish site""},{""url"":""https://www.nature.com/articles/s44168-024-00140-2"",""rank"":1,""source_class"":""S1"",""platform_type"":""other"",""independence_group"":""G2"",""confidence"":""HIGH"",""quality_score"":0.94,""verification"":""search_index"",""evidence"":""npj Climate Action (2024), 'From countercultural ecovillages to mainstream green neighbourhoods' - peer-reviewed, names Danish cases""},{""url"":""https://ecovillage.org/project/munkesoegaard/"",""rank"":5,""source_class"":""S3"",""platform_type"":""directory listing"",""independence_group"":""G1"",""confidence"":""HIGH"",""quality_score"":0.6,""verification"":""search_index"",""evidence"":""Verified GEN project page""},{""url"":""https://backlund.dk/english/references/munksoegaard-ecovillage"",""rank"":4,""source_class"":""S2"",""platform_type"":""other"",""independence_group"":""G3"",""confidence"":""HIGH"",""quality_score"":0.7,""verification"":""search_index"",""evidence"":""Backlund Ecology engineering reference - independent technical documentation of the wastewater system""},{""url"":""https://da.wikipedia.org/wiki/Munks%C3%B8g%C3%A5rd"",""rank"":6,""source_class"":""S6"",""platform_type"":""other"",""independence_group"":""G4"",""confidence"":""HIGH"",""quality_score"":0.58,""verification"":""search_index"",""evidence"":""Danish encyclopaedic article; percent-encoded Nordic characters - URL-fidelity test case""},{""url"":""https://ecovillage.org"",""rank"":7,""source_class"":""S3"",""platform_type"":""directory listing"",""independence_group"":""G1"",""confidence"":""HIGH"",""quality_score"":0.1,""verification"":""fixed_global_source"",""evidence"":""Mandatory Global Ecovillage Network network-level seed, present on every row; not evidence that this community is GEN-registered - see gen_community_status""}]",search_index,,,,,COMPLETE,HIGH,no,,"Founded 2000; 100 homes in 5 groups, ~150-160 adults and ~75-100 children - Denmark's largest cohousing community. Own district heating and wastewater treatment. Appears in a 2024 npj Climate Action paper on Danish ecovillage trends - a peer-reviewed source.",2026-08-28,1.0.0
IC040,Lebensgarten Steyerberg,52.585216,9.023218,Germany,FULL,,https://lebensgarten.de/ | https://world-habitat.org/world-habitat-awards/winners-and-finalists/lebensgarten-steyerberg/ | https://www.steyerberg.de/info/poi/lebensgarten-steyerberg-und-permakulturpark-1003686-21600.html | https://lebensgarten.de/gemeinschaft/ | https://sdg21.eu/en/db/lebensgarten-steyerberg | https://de.wikipedia.org/wiki/Lebensgarten_Steyerberg | https://ecovillage.org/ecovillage/lebensgarten-steyerberg/ | https://ecovillage.org,Lebensgarten Steyerberg,Lebensgarten Steyerberg,no,Lebensgarten Steyerberg e.V.; Okodorf Lebensgarten; Permakulturpark Steyerberg,SETTLEMENT,41,single_source_row,1,0.000,"52.585216,9.023218",SINGLE,52.585216,9.023218,HIGH,,DE,DEU,Lower Saxony; Nienburg/Weser district; Steyerberg; Ginsterweg,HIGH,coordinate_gazetteer+municipal_source,https://www.steyerberg.de/portal/seiten/lebensgarten-steyerberg-12000061-21600.html,DE,UNANIMOUS,Nienburg (14.6 km),https://ecovillage.org,FIXED_GLOBAL_SOURCE,https://ecovillage.org/ecovillage/lebensgarten-steyerberg/,VERIFIED_COMMUNITY_SOURCE,search_index,site:ecovillage.org returned 'Lebensgarten Steyerberg - Global Ecovillage Network' community page,G1,8,5,S2; S3; S4; S6,S2,"[{""url"":""https://lebensgarten.de/"",""rank"":1,""source_class"":""S4"",""platform_type"":""own website"",""independence_group"":""G1"",""confidence"":""HIGH"",""quality_score"":0.92,""verification"":""search_index"",""evidence"":""Official site""},{""url"":""https://lebensgarten.de/gemeinschaft/"",""rank"":4,""source_class"":""S4"",""platform_type"":""own website"",""independence_group"":""G1"",""confidence"":""HIGH"",""quality_score"":0.72,""verification"":""search_index"",""evidence"":""Community page""},{""url"":""https://world-habitat.org/world-habitat-awards/winners-and-finalists/lebensgarten-steyerberg/"",""rank"":2,""source_class"":""S2"",""platform_type"":""other"",""independence_group"":""G2"",""confidence"":""HIGH"",""quality_score"":0.86,""verification"":""search_index"",""evidence"":""World Habitat Awards record - independent assessed institutional source""},{""url"":""https://www.steyerberg.de/info/poi/lebensgarten-steyerberg-und-permakulturpark-1003686-21600.html"",""rank"":3,""source_class"":""S2"",""platform_type"":""other"",""independence_group"":""G3"",""confidence"":""HIGH"",""quality_score"":0.76,""verification"":""search_index"",""evidence"":""Municipality of Steyerberg official page naming the permaculture park - government source""},{""url"":""https://sdg21.eu/en/db/lebensgarten-steyerberg"",""rank"":5,""source_class"":""S2"",""platform_type"":""other"",""independence_group"":""G4"",""confidence"":""HIGH"",""quality_score"":0.68,""verification"":""search_index"",""evidence"":""sdg21 sustainable-settlements database record - independently compiled technical profile""},{""url"":""https://ecovillage.org/ecovillage/lebensgarten-steyerberg/"",""rank"":7,""source_class"":""S3"",""platform_type"":""directory listing"",""independence_group"":""G1"",""confidence"":""HIGH"",""quality_score"":0.58,""verification"":""search_index"",""evidence"":""Verified GEN community page""},{""url"":""https://de.wikipedia.org/wiki/Lebensgarten_Steyerberg"",""rank"":6,""source_class"":""S6"",""platform_type"":""other"",""independence_group"":""G5"",""confidence"":""HIGH"",""quality_score"":0.6,""verification"":""search_index"",""evidence"":""German encyclopaedic article with settlement history""},{""url"":""https://ecovillage.org"",""rank"":8,""source_class"":""S3"",""platform_type"":""directory listing"",""independence_group"":""G1"",""confidence"":""HIGH"",""quality_score"":0.1,""verification"":""fixed_global_source"",""evidence"":""Mandatory Global Ecovillage Network network-level seed, present on every row; not evidence that this community is GEN-registered - see gen_community_status""}]",search_index,,,,,COMPLETE,HIGH,no,,"Registered association founded 1986 in a 1938 terraced settlement built for armaments-industry workers; 62 houses, ~115 members in 58 houses. A GEN founder member. Holds a World Habitat Award record and a municipal page - two independent institutional sources. A dedicated permaculture park (permakulturpark.de) is a second domain.",2026-08-28,1.0.0
IC041,Braziers Park,51.554450,-1.084837,United Kingdom,FULL,,https://research.brighton.ac.uk/en/publications/stories-from-braziers-park-archive-reflections-on-networks-and-co/ | https://www.braziers.org.uk/about-us/ | https://web.braziers.org.uk/archive | https://web.braziers.org.uk/celebrating-75th-anniversary | https://ecovillage.org/project/braziers-park/ | https://en.wikipedia.org/wiki/Braziers_Park | https://www.permaculture.org.uk/people-projects-places/project/braziers-park-school-integrative-social-research | https://www.ic.org/directory/braziers-park/ | https://ecovillage.org,Braziers Park,Braziers Park,no,Braziers Park; Braziers Park School of Integrative Social Research,SETTLEMENT,42,single_source_row,1,0.000,"51.554450,-1.084837",SINGLE,51.554450,-1.084837,HIGH,,GB,GBR,England; Oxfordshire; South Oxfordshire; Ipsden near Wallingford,HIGH,coordinate_gazetteer+official_site,https://www.braziers.org.uk/about-us/,GB,UNANIMOUS,Didcot (12.5 km),https://ecovillage.org,FIXED_GLOBAL_SOURCE,https://ecovillage.org/project/braziers-park/,VERIFIED_COMMUNITY_SOURCE,search_index,site:ecovillage.org returned 'Braziers Park - Global Ecovillage Network' project page,G1,9,4,S1; S3; S4; S5; S6,S1,"[{""url"":""https://www.braziers.org.uk/about-us/"",""rank"":2,""source_class"":""S4"",""platform_type"":""own website"",""independence_group"":""G1"",""confidence"":""HIGH"",""quality_score"":0.9,""verification"":""search_index"",""evidence"":""Official about page""},{""url"":""https://web.braziers.org.uk/archive"",""rank"":3,""source_class"":""S5"",""platform_type"":""secondary or former website"",""independence_group"":""G1"",""confidence"":""HIGH"",""quality_score"":0.82,""verification"":""search_index"",""evidence"":""Community archive index on a second domain - the richest dating route""},{""url"":""https://research.brighton.ac.uk/en/publications/stories-from-braziers-park-archive-reflections-on-networks-and-co/"",""rank"":1,""source_class"":""S1"",""platform_type"":""other"",""independence_group"":""G2"",""confidence"":""HIGH"",""quality_score"":0.92,""verification"":""search_index"",""evidence"":""University of Brighton research publication drawing on the Braziers Park archive - register class S1""},{""url"":""https://web.braziers.org.uk/celebrating-75th-anniversary"",""rank"":4,""source_class"":""S4"",""platform_type"":""secondary or former website"",""independence_group"":""G1"",""confidence"":""HIGH"",""quality_score"":0.62,""verification"":""search_index"",""evidence"":""Dated anniversary page anchoring the 1950 founding""},{""url"":""https://ecovillage.org/project/braziers-park/"",""rank"":5,""source_class"":""S3"",""platform_type"":""directory listing"",""independence_group"":""G1"",""confidence"":""HIGH"",""quality_score"":0.58,""verification"":""search_index"",""evidence"":""Verified GEN project page""},{""url"":""https://www.permaculture.org.uk/people-projects-places/project/braziers-park-school-integrative-social-research"",""rank"":7,""source_class"":""S3"",""platform_type"":""directory listing"",""independence_group"":""G3"",""confidence"":""MEDIUM"",""quality_score"":0.52,""verification"":""search_index"",""evidence"":""Permaculture Association project record""},{""url"":""https://www.ic.org/directory/braziers-park/"",""rank"":8,""source_class"":""S3"",""platform_type"":""directory listing"",""independence_group"":""G1"",""confidence"":""MEDIUM"",""quality_score"":0.44,""verification"":""search_index"",""evidence"":""Foundation for Intentional Community directory entry""},{""url"":""https://en.wikipedia.org/wiki/Braziers_Park"",""rank"":6,""source_class"":""S6"",""platform_type"":""other"",""independence_group"":""G4"",""confidence"":""HIGH"",""quality_score"":0.58,""verification"":""search_index"",""evidence"":""Encyclopaedic article on the house and community""},{""url"":""https://ecovillage.org"",""rank"":9,""source_class"":""S3"",""platform_type"":""directory listing"",""independence_group"":""G1"",""confidence"":""HIGH"",""quality_score"":0.1,""verification"":""fixed_global_source"",""evidence"":""Mandatory Global Ecovillage Network network-level seed, present on every row; not evidence that this community is GEN-registered - see gen_community_status""}]",search_index,,,,,COMPLETE,HIGH,no,,Founded 1950 by Norman and Dorothy Glaister as an educational trust; ~30 residents in a Grade II* listed house in an AONB; one of Europe's oldest secular intentional communities. A University of Brighton research output uses the Braziers Park ARCHIVE - unusually strong academic and archival material.,2026-08-28,1.0.0
IC042,Sólheimar Iceland,64.066438,-20.641830,Iceland,FULL,,https://stayinsolheimar.is/ | https://en.wikipedia.org/wiki/S%C3%B3lheimar_Ecovillage | https://ecovillage.org/project/solheimar-eco-village/ | https://planeterra.org/solheimar-ecovillage/ | https://www.south.is/en/destinations/towns/solheimar-eco-village | https://inhabitat.com/icelandic-eco-village/ | https://ecovillage.org,SÃ³lheimar Iceland,Sólheimar Iceland,yes,Solheimar; Solheimar Ecovillage; Home of the Sun; Sesseljuhus,SETTLEMENT,43,single_source_row,1,0.000,"64.066438,-20.641830",SINGLE,64.066438,-20.641830,HIGH,,IS,ISL,Southern Region; Grimsnes og Grafningshreppur; 801 Selfoss,HIGH,coordinate_gazetteer+official_site,https://ecovillage.org/project/solheimar-eco-village/,IS,UNANIMOUS,Reykjavík (61.4 km),https://ecovillage.org,FIXED_GLOBAL_SOURCE,https://ecovillage.org/project/solheimar-eco-village/,VERIFIED_COMMUNITY_SOURCE,search_index,site:ecovillage.org returned 'Solheimar Iceland - Global Ecovillage Network' at /project/solheimar-eco-village/,G1,7,5,S2; S3; S4; S6,S2,"[{""url"":""https://ecovillage.org/project/solheimar-eco-village/"",""rank"":3,""source_class"":""S3"",""platform_type"":""directory listing"",""independence_group"":""G1"",""confidence"":""HIGH"",""quality_score"":0.66,""verification"":""search_index"",""evidence"":""Verified GEN project page""},{""url"":""https://stayinsolheimar.is/"",""rank"":1,""source_class"":""S4"",""platform_type"":""own website"",""independence_group"":""G1"",""confidence"":""HIGH"",""quality_score"":0.72,""verification"":""search_index"",""evidence"":""Community-operated guesthouse site - the village's own current web presence""},{""url"":""https://en.wikipedia.org/wiki/S%C3%B3lheimar_Ecovillage"",""rank"":2,""source_class"":""S6"",""platform_type"":""other"",""independence_group"":""G2"",""confidence"":""HIGH"",""quality_score"":0.68,""verification"":""search_index"",""evidence"":""Encyclopaedic article; percent-encoded Icelandic character - URL-fidelity test case""},{""url"":""https://www.south.is/en/destinations/towns/solheimar-eco-village"",""rank"":5,""source_class"":""S2"",""platform_type"":""other"",""independence_group"":""G3"",""confidence"":""MEDIUM"",""quality_score"":0.54,""verification"":""search_index"",""evidence"":""Visit South Iceland regional tourism-board record""},{""url"":""https://planeterra.org/solheimar-ecovillage/"",""rank"":4,""source_class"":""S2"",""platform_type"":""other"",""independence_group"":""G4"",""confidence"":""MEDIUM"",""quality_score"":0.56,""verification"":""search_index"",""evidence"":""Planeterra Foundation project record - NGO source""},{""url"":""https://inhabitat.com/icelandic-eco-village/"",""rank"":6,""source_class"":""S6"",""platform_type"":""news outlet"",""independence_group"":""G5"",""confidence"":""MEDIUM"",""quality_score"":0.44,""verification"":""search_index"",""evidence"":""Dated feature marking the community's longevity""},{""url"":""https://ecovillage.org"",""rank"":7,""source_class"":""S3"",""platform_type"":""directory listing"",""independence_group"":""G1"",""confidence"":""HIGH"",""quality_score"":0.1,""verification"":""fixed_global_source"",""evidence"":""Mandatory Global Ecovillage Network network-level seed, present on every row; not evidence that this community is GEN-registered - see gen_community_status""}]",search_index,,,,,COMPLETE,HIGH,no,,"name repaired from a mis-encoded export; original preserved | TEXT REPAIR: original cell 'SA3lheimar Iceland' repaired to 'Solheimar Iceland'. Established 1930 by Sesselja Sigmundsdottir - by a wide margin the oldest community in the cohort; ~100 residents, 40 with disabilities, ~250 ha. Organic horticulture and forestry (Olur) are long-running, well-documented land interventions.",2026-08-28,1.0.0
IC043,Sieben Linden Ecovillage,52.689416,11.143641,Germany,FULL,,https://siebenlinden.org/en/ | https://moderndenken.sachsen-anhalt.de/moderne-denker/oekodorf-modellsiedlung-in-der-altmark | https://de.wikipedia.org/wiki/%C3%96kodorf_Sieben_Linden | https://youth.europa.eu/volunteering/organisation/51633_de | https://ecovillage.org/project/sieben-linden-ecovillage | https://www.permakultur.de/ort/oekodorf-sieben-linden | https://www.kosa21.de/projekte-entdecken/sachsen-anhalt-nachhaltig/249-lebensstil/46-oekodorf-sieben-linden-oekologisch-sozial-und-global-gerecht | https://ecovillage.org,Sieben Linden Ecovillage,Sieben Linden Ecovillage,no,Okodorf Sieben Linden; Sieben Linden; Siebenlinden,SETTLEMENT,44,single_source_row,1,0.000,"52.689416,11.143641",SINGLE,52.689416,11.143641,HIGH,,DE,DEU,Saxony-Anhalt; Altmark; Beetzendorf; Poppau,HIGH,coordinate_gazetteer+official_site,https://siebenlinden.org/en/,DE,UNANIMOUS,Hansestadt Salzwedel (18.2 km),https://ecovillage.org,FIXED_GLOBAL_SOURCE,https://ecovillage.org/project/sieben-linden-ecovillage,VERIFIED_COMMUNITY_SOURCE,search_index,site:ecovillage.org returned 'Sieben Linden Ecovillage - Global Ecovillage Network' project page,G1,8,6,S2; S3; S4; S6,S2,"[{""url"":""https://siebenlinden.org/en/"",""rank"":1,""source_class"":""S4"",""platform_type"":""own website"",""independence_group"":""G1"",""confidence"":""HIGH"",""quality_score"":0.92,""verification"":""search_index"",""evidence"":""Official site, English edition""},{""url"":""https://ecovillage.org/project/sieben-linden-ecovillage"",""rank"":5,""source_class"":""S3"",""platform_type"":""directory listing"",""independence_group"":""G1"",""confidence"":""HIGH"",""quality_score"":0.62,""verification"":""search_index"",""evidence"":""Verified GEN project page with the 1997 date and 22 ha figure""},{""url"":""https://de.wikipedia.org/wiki/%C3%96kodorf_Sieben_Linden"",""rank"":3,""source_class"":""S6"",""platform_type"":""other"",""independence_group"":""G2"",""confidence"":""HIGH"",""quality_score"":0.66,""verification"":""search_index"",""evidence"":""German encyclopaedic article; percent-encoded umlaut - URL-fidelity test case""},{""url"":""https://www.permakultur.de/ort/oekodorf-sieben-linden"",""rank"":6,""source_class"":""S3"",""platform_type"":""directory listing"",""independence_group"":""G3"",""confidence"":""MEDIUM"",""quality_score"":0.52,""verification"":""search_index"",""evidence"":""German Permaculture Association site record""},{""url"":""https://moderndenken.sachsen-anhalt.de/moderne-denker/oekodorf-modellsiedlung-in-der-altmark"",""rank"":2,""source_class"":""S2"",""platform_type"":""other"",""independence_group"":""G4"",""confidence"":""HIGH"",""quality_score"":0.72,""verification"":""search_index"",""evidence"":""Saxony-Anhalt state government feature on the model settlement - government source""},{""url"":""https://youth.europa.eu/volunteering/organisation/51633_de"",""rank"":4,""source_class"":""S2"",""platform_type"":""other"",""independence_group"":""G5"",""confidence"":""HIGH"",""quality_score"":0.64,""verification"":""search_index"",""evidence"":""European Youth Portal accreditation record""},{""url"":""https://www.kosa21.de/projekte-entdecken/sachsen-anhalt-nachhaltig/249-lebensstil/46-oekodorf-sieben-linden-oekologisch-sozial-und-global-gerecht"",""rank"":7,""source_class"":""S2"",""platform_type"":""other"",""independence_group"":""G6"",""confidence"":""MEDIUM"",""quality_score"":0.48,""verification"":""search_index"",""evidence"":""Netzwerk Zukunft Sachsen-Anhalt sustainability record""},{""url"":""https://ecovillage.org"",""rank"":8,""source_class"":""S3"",""platform_type"":""directory listing"",""independence_group"":""G1"",""confidence"":""HIGH"",""quality_score"":0.1,""verification"":""fixed_global_source"",""evidence"":""Mandatory Global Ecovillage Network network-level seed, present on every row; not evidence that this community is GEN-registered - see gen_community_status""}]",search_index,,,,,COMPLETE,HIGH,no,,"Settlement begun 1997 on 22 ha outside Poppau; 100+ adults and 40 children; nine large straw-bale houses plus ~40 insulated trailers; explicitly a model AND RESEARCH project, so the academic yield should be high. Two domains in use (siebenlinden.org and siebenlinden.de).",2026-08-28,1.0.0
IC044,Schloss Glarisegg,47.654734,8.956555,Switzerland,FULL,,https://schloss-glarisegg.ch/ | https://map.geo.tg.ch/apps/denkmaldatenbank/services/Bauwerk/createAndOutputPDF?id=368248 | https://ecovillage.org/ecovillage/schloss-glarisegg/ | https://ecovillage.org/project/permaculture-schloss-glarisegg | https://de.wikipedia.org/wiki/Glarisegg | https://www.moneyhouse.ch/en/company/schloss-glarisegg-ag-11135270971 | https://ecovillage.org,Schloss Glarisegg,Schloss Glarisegg,no,Schloss Glarisegg; Glarisegg; Akademie fur Gemeinschaftsbildung Schloss Glarisegg,SETTLEMENT,45,single_source_row,1,0.000,"47.654734,8.956555",SINGLE,47.654734,8.956555,HIGH,,CH,CHE,Canton of Thurgau; Steckborn; Lake Constance Untersee,MEDIUM,published_source_overrides_gazetteer,https://ecovillage.org/ecovillage/schloss-glarisegg/,DE,MAJORITY,Radolfzell (9.8 km),https://ecovillage.org,FIXED_GLOBAL_SOURCE,https://ecovillage.org/ecovillage/schloss-glarisegg/,VERIFIED_COMMUNITY_SOURCE,search_index,"site:ecovillage.org returned 'Schloss Glarisegg - Global Ecovillage Network' placing it in Steckborn, Thurgau, Switzerland, and a separate /project/permaculture-schloss-glarisegg page",G1,7,4,S2; S3; S4; S6,S2,"[{""url"":""https://schloss-glarisegg.ch/"",""rank"":1,""source_class"":""S4"",""platform_type"":""own website"",""independence_group"":""G1"",""confidence"":""HIGH"",""quality_score"":0.9,""verification"":""search_index"",""evidence"":""Official site""},{""url"":""https://ecovillage.org/ecovillage/schloss-glarisegg/"",""rank"":3,""source_class"":""S3"",""platform_type"":""directory listing"",""independence_group"":""G1"",""confidence"":""HIGH"",""quality_score"":0.64,""verification"":""search_index"",""evidence"":""Verified GEN community page with the 2003 date and 5 ha figure""},{""url"":""https://ecovillage.org/project/permaculture-schloss-glarisegg"",""rank"":4,""source_class"":""S3"",""platform_type"":""directory listing"",""independence_group"":""G1"",""confidence"":""HIGH"",""quality_score"":0.6,""verification"":""search_index"",""evidence"":""GEN page dedicated to the permaculture work - the land intervention itself""},{""url"":""https://map.geo.tg.ch/apps/denkmaldatenbank/services/Bauwerk/createAndOutputPDF?id=368248"",""rank"":2,""source_class"":""S2"",""platform_type"":""other"",""independence_group"":""G2"",""confidence"":""HIGH"",""quality_score"":0.8,""verification"":""search_index"",""evidence"":""Canton Thurgau heritage database PDF for Schloss Glarisegg - government record; query-parameter URL returning a document""},{""url"":""https://www.moneyhouse.ch/en/company/schloss-glarisegg-ag-11135270971"",""rank"":6,""source_class"":""S2"",""platform_type"":""other"",""independence_group"":""G3"",""confidence"":""MEDIUM"",""quality_score"":0.56,""verification"":""search_index"",""evidence"":""Swiss commercial-register record for Schloss Glarisegg AG - dated legal entity""},{""url"":""https://de.wikipedia.org/wiki/Glarisegg"",""rank"":5,""source_class"":""S6"",""platform_type"":""other"",""independence_group"":""G4"",""confidence"":""HIGH"",""quality_score"":0.58,""verification"":""search_index"",""evidence"":""Encyclopaedic article with the building history back to 1774""},{""url"":""https://ecovillage.org"",""rank"":7,""source_class"":""S3"",""platform_type"":""directory listing"",""independence_group"":""G1"",""confidence"":""HIGH"",""quality_score"":0.1,""verification"":""fixed_global_source"",""evidence"":""Mandatory Global Ecovillage Network network-level seed, present on every row; not evidence that this community is GEN-registered - see gen_community_status""}]",search_index,,,,,COMPLETE,HIGH,yes,country_corrected_from_gazetteer,"country corrected from the gazetteer's Germany to Switzerland on published evidence; the nearest large town lies across a border, a coast or a lake | COUNTRY CORRECTION: the gazetteer vote returned Germany because Radolfzell lies across the Untersee; every published source places Glarisegg in Steckborn, Canton Thurgau, SWITZERLAND. Property acquired October 2003; ~60 people on 5 ha with listed buildings and a beach. A cantonal heritage-database record exists.",2026-08-28,1.0.0
IC045,Villaggio Verde,45.650872,8.413166,Italy,FULL,,https://www.italiachecambia.org/mappa/villaggio_verde_comunita_acquariana/ | https://ecovillage.org/project/villaggio-verde/ | https://ecovillaggi.it/comunita-e-progetticomunita/ecovillaggi-rive/7-villaggioverde.html | https://static.terranuova.it/MappaEcovillaggi/Ecovillaggi3/VILLAGGIO-VERDE-COMUNITA-ACQUARIANA | https://www.piemontegiovani.it/uffici/villaggio-verde | https://ecovillage.org,Villaggio Verde,Villaggio Verde,no,Villaggio Verde; Villaggio Verde Comunita Acquariana; Cooperativa Viveca; Associazione Amici del Villaggio Verde,SETTLEMENT,46,single_source_row,1,0.000,"45.650872,8.413166",SINGLE,45.650872,8.413166,HIGH,,IT,ITA,Piedmont; Novara; Cavallirio; Loc. San Germano,HIGH,coordinate_gazetteer+official_site,https://ecovillage.org/project/villaggio-verde/,IT,UNANIMOUS,Borgomanero (6.5 km),https://ecovillage.org,FIXED_GLOBAL_SOURCE,https://ecovillage.org/project/villaggio-verde/,VERIFIED_COMMUNITY_SOURCE,search_index,site:ecovillage.org returned 'Villaggio Verde - Global Ecovillage Network' project page,G1,6,5,S2; S3; S6,S2,"[{""url"":""https://ecovillage.org/project/villaggio-verde/"",""rank"":2,""source_class"":""S3"",""platform_type"":""directory listing"",""independence_group"":""G1"",""confidence"":""HIGH"",""quality_score"":0.66,""verification"":""search_index"",""evidence"":""Verified GEN project page""},{""url"":""https://www.italiachecambia.org/mappa/villaggio_verde_comunita_acquariana/"",""rank"":1,""source_class"":""S6"",""platform_type"":""other"",""independence_group"":""G2"",""confidence"":""HIGH"",""quality_score"":0.68,""verification"":""search_index"",""evidence"":""Italia Che Cambia map record - independently edited national platform""},{""url"":""https://ecovillaggi.it/comunita-e-progetticomunita/ecovillaggi-rive/7-villaggioverde.html"",""rank"":3,""source_class"":""S3"",""platform_type"":""directory listing"",""independence_group"":""G3"",""confidence"":""HIGH"",""quality_score"":0.62,""verification"":""search_index"",""evidence"":""RIVE (Rete Italiana Villaggi Ecologici) national network record""},{""url"":""https://static.terranuova.it/MappaEcovillaggi/Ecovillaggi3/VILLAGGIO-VERDE-COMUNITA-ACQUARIANA"",""rank"":4,""source_class"":""S6"",""platform_type"":""other"",""independence_group"":""G4"",""confidence"":""MEDIUM"",""quality_score"":0.52,""verification"":""search_index"",""evidence"":""Terra Nuova ecovillage map entry with cooperative and land detail""},{""url"":""https://www.piemontegiovani.it/uffici/villaggio-verde"",""rank"":5,""source_class"":""S2"",""platform_type"":""other"",""independence_group"":""G5"",""confidence"":""MEDIUM"",""quality_score"":0.48,""verification"":""search_index"",""evidence"":""Piedmont regional youth-office record - regional government source""},{""url"":""https://ecovillage.org"",""rank"":6,""source_class"":""S3"",""platform_type"":""directory listing"",""independence_group"":""G1"",""confidence"":""HIGH"",""quality_score"":0.1,""verification"":""fixed_global_source"",""evidence"":""Mandatory Global Ecovillage Network network-level seed, present on every row; not evidence that this community is GEN-registered - see gen_community_status""}]",search_index,,,,,COMPLETE,HIGH,no,,"Conceived early 1980s by Bernardino del Boca, founded 1988 - one of Italy's oldest ecovillages. The Viveca cooperative holds undivided title to 12 houses around a small lake plus 8 ha of land, which is an unusually clear tenure record (register E block).",2026-08-28,1.0.0
IC046,hagaby,59.148556,15.116483,Sweden,FULL,,https://ecovillage.org/project/hagaby-2/ | https://blog.zaramis.se/2026/07/29/haga-by-sveriges-storsta-ekoby/ | https://sv.wikipedia.org/wiki/Ekoby | https://ekobyggportalen.se/socialt-byggande/ekobyar/ | https://ecovillage.org,hagaby,hagaby,no,Hagaby; Haga by; Hagaby Uppsala; Ekeby-Hagaby (Kumla),SETTLEMENT,47,single_source_row,1,0.000,"59.148556,15.116483",SINGLE,59.148556,15.116483,HIGH,,SE,SWE,"CONFLICT: GEN places Hagaby (Hagaby/Haga by) at Uppsala; the supplied coordinate falls near Ekeby-Hagaby, Kumla, Orebro County",HIGH,coordinate_gazetteer+GEN_profile_CONFLICTING,https://ecovillage.org/project/hagaby-2/,SE,UNANIMOUS,Kumla (2.8 km),https://ecovillage.org,FIXED_GLOBAL_SOURCE,https://ecovillage.org/project/hagaby-2/,VERIFIED_COMMUNITY_SOURCE_IDENTITY_UNCERTAIN,search_index,"site:ecovillage.org returned 'Hagaby - Global Ecovillage Network' at /project/hagaby-2/, describing an ecovillage of ~250 people next to UPPSALA with a Steiner school, three preschools and a holistic medicine centre",G1,5,4,S3; S6,S3,"[{""url"":""https://ecovillage.org/project/hagaby-2/"",""rank"":1,""source_class"":""S3"",""platform_type"":""directory listing"",""independence_group"":""G1"",""confidence"":""MEDIUM"",""quality_score"":0.6,""verification"":""search_index"",""evidence"":""GEN project page for Hagaby - describes the UPPSALA community, which the coordinate does not match""},{""url"":""https://blog.zaramis.se/2026/07/29/haga-by-sveriges-storsta-ekoby/"",""rank"":2,""source_class"":""S6"",""platform_type"":""blog platform"",""independence_group"":""G2"",""confidence"":""MEDIUM"",""quality_score"":0.52,""verification"":""search_index"",""evidence"":""Dated feature on Haga by as Sweden's largest ekoby, placing it at Uppsala""},{""url"":""https://sv.wikipedia.org/wiki/Ekoby"",""rank"":3,""source_class"":""S6"",""platform_type"":""other"",""independence_group"":""G3"",""confidence"":""MEDIUM"",""quality_score"":0.36,""verification"":""search_index"",""evidence"":""Swedish encyclopaedic overview of ekobyar - context for disambiguation""},{""url"":""https://ekobyggportalen.se/socialt-byggande/ekobyar/"",""rank"":4,""source_class"":""S3"",""platform_type"":""directory listing"",""independence_group"":""G4"",""confidence"":""LOW"",""quality_score"":0.3,""verification"":""search_index"",""evidence"":""Swedish eco-building portal ekoby index - a route to identify any Kumla-area ekoby""},{""url"":""https://ecovillage.org"",""rank"":5,""source_class"":""S3"",""platform_type"":""directory listing"",""independence_group"":""G1"",""confidence"":""HIGH"",""quality_score"":0.1,""verification"":""fixed_global_source"",""evidence"":""Mandatory Global Ecovillage Network network-level seed, present on every row; not evidence that this community is GEN-registered - see gen_community_status""}]",search_index,,,,,COMPLETE,LOW,yes,gen_page_qualified; identity_confidence_below_high,"IDENTITY AND COORDINATE CONFLICT - the most serious in this cohort so far. The GEN ecovillage named Hagaby is at Haga outside UPPSALA (about 59.84N 17.58E). The supplied coordinate 59.1486N 15.1165E is near Kumla in Orebro County, roughly 190 km away, where an Ekeby-Hagaby property association exists but no ecovillage was found. Country (Sweden) is not in doubt; WHICH Hagaby this row denotes is. Neither reading is asserted: the coordinate is preserved unchanged, the GEN page is recorded, and the row is flagged for the researcher to resolve before coding.",2026-08-28,1.0.0
IC047,La Città della Luce,43.662751,13.123505,Italy,FULL,,https://ecovillage.org/project/la-citta-della-luce/ | https://www.italiachecambia.org/2021/06/citta-della-luce-comunita/ | https://www.agricolturaconsapevole.it/it/chi-siamo/la-citt%C3%A0-della-luce | https://www.italiachecambia.org/mappa/citta_della_luce/ | https://chakruna.org/la-citta-della-luce-una-comunita-di-crescita-interiore-nel-cuore-delle-marche/ | https://ecovillage.org,La CittÃ  della Luce,La Città della Luce,yes,La Citta della Luce; Citta della Luce; Associazione La Citta della Luce,SETTLEMENT,48,single_source_row,1,0.000,"43.662751,13.123505",SINGLE,43.662751,13.123505,HIGH,,IT,ITA,Marche; Ancona; Trecastelli; Passo Ripe near Senigallia,HIGH,coordinate_gazetteer+official_site,https://ecovillage.org/project/la-citta-della-luce/,IT,UNANIMOUS,Senigallia (9.1 km),https://ecovillage.org,FIXED_GLOBAL_SOURCE,https://ecovillage.org/project/la-citta-della-luce/,VERIFIED_COMMUNITY_SOURCE,search_index,site:ecovillage.org returned 'La Citta della Luce - Global Ecovillage Network' project page,G1,6,4,S3; S6,S3,"[{""url"":""https://ecovillage.org/project/la-citta-della-luce/"",""rank"":1,""source_class"":""S3"",""platform_type"":""directory listing"",""independence_group"":""G1"",""confidence"":""HIGH"",""quality_score"":0.68,""verification"":""search_index"",""evidence"":""Verified GEN project page with area and practice detail""},{""url"":""https://www.italiachecambia.org/2021/06/citta-della-luce-comunita/"",""rank"":2,""source_class"":""S6"",""platform_type"":""other"",""independence_group"":""G2"",""confidence"":""HIGH"",""quality_score"":0.66,""verification"":""search_index"",""evidence"":""Italia Che Cambia feature, dated 2021""},{""url"":""https://www.italiachecambia.org/mappa/citta_della_luce/"",""rank"":4,""source_class"":""S6"",""platform_type"":""other"",""independence_group"":""G2"",""confidence"":""MEDIUM"",""quality_score"":0.48,""verification"":""search_index"",""evidence"":""Italia Che Cambia map record""},{""url"":""https://www.agricolturaconsapevole.it/it/chi-siamo/la-citt%C3%A0-della-luce"",""rank"":3,""source_class"":""S3"",""platform_type"":""other"",""independence_group"":""G3"",""confidence"":""MEDIUM"",""quality_score"":0.54,""verification"":""search_index"",""evidence"":""Agricoltura Consapevole profile - the agricultural side; percent-encoded accent in path""},{""url"":""https://chakruna.org/la-citta-della-luce-una-comunita-di-crescita-interiore-nel-cuore-delle-marche/"",""rank"":5,""source_class"":""S6"",""platform_type"":""other"",""independence_group"":""G4"",""confidence"":""MEDIUM"",""quality_score"":0.44,""verification"":""search_index"",""evidence"":""Independent long-form account""},{""url"":""https://ecovillage.org"",""rank"":6,""source_class"":""S3"",""platform_type"":""directory listing"",""independence_group"":""G1"",""confidence"":""HIGH"",""quality_score"":0.1,""verification"":""fixed_global_source"",""evidence"":""Mandatory Global Ecovillage Network network-level seed, present on every row; not evidence that this community is GEN-registered - see gen_community_status""}]",search_index,,,,,COMPLETE,HIGH,no,,"name repaired from a mis-encoded export; original preserved | TEXT REPAIR: original cell 'La CittA  della Luce' repaired to 'La Citta della Luce'. Project originated 1995-96 with Umberto Carmignani (Akshara), founded 1996; members moved to the Marche site in 2006. ~35 members; a 2,000 sqm historic structure and 8 ha of partly cultivated fields; synergic agriculture, biodynamics, permaculture, olive groves, beehives.",2026-08-28,1.0.0
IC048,Sunseed Desert Technology,37.088377,-2.073451,Spain,FULL,,https://www.sunseed.org.uk/about/ | https://ecolise.eu/sunseed-desert-technology-and-the-river-that-holds-the-community-together/ | https://www.sunseed.org.uk/news/ | https://ecovillage.org/project/sunseed-desert-technology/ | https://eco-villages.eu/en/2017/08/14/sunseed-desert-technology-young-people-fight-against-desertification-in-spain/ | https://ecovillage.org/map/organization/los-molinos-del-rio-aguas/ | https://sites.ecovillage.org/sunseed-tecnologia-del-desierto/ | https://ecovillage.org,Sunseed Desert Technology,Sunseed Desert Technology,no,Sunseed Desert Technology; Sunseed Tecnologia del Desierto; Green Deserts,SETTLEMENT,49,single_source_row,1,0.000,"37.088377,-2.073451",SINGLE,37.088377,-2.073451,HIGH,,ES,ESP,Andalusia; Almeria; Sorbas; Los Molinos del Rio Aguas,HIGH,coordinate_gazetteer+official_site,https://www.sunseed.org.uk/about/,ES,UNANIMOUS,Níjar (17.9 km),https://ecovillage.org,FIXED_GLOBAL_SOURCE,https://ecovillage.org/project/sunseed-desert-technology/,VERIFIED_COMMUNITY_SOURCE,search_index,"site:ecovillage.org returned 'Sunseed Desert Technology - Global Ecovillage Network' project page, plus a Spanish-language legacy page at sites.ecovillage.org",G1,8,3,S2; S3; S4; S6,S2,"[{""url"":""https://www.sunseed.org.uk/about/"",""rank"":1,""source_class"":""S4"",""platform_type"":""own website"",""independence_group"":""G1"",""confidence"":""HIGH"",""quality_score"":0.92,""verification"":""search_index"",""evidence"":""Official about page with the 1982/2002 dates""},{""url"":""https://www.sunseed.org.uk/news/"",""rank"":3,""source_class"":""S4"",""platform_type"":""own website"",""independence_group"":""G1"",""confidence"":""HIGH"",""quality_score"":0.66,""verification"":""search_index"",""evidence"":""Dated news index - continuity evidence""},{""url"":""https://ecolise.eu/sunseed-desert-technology-and-the-river-that-holds-the-community-together/"",""rank"":2,""source_class"":""S2"",""platform_type"":""other"",""independence_group"":""G2"",""confidence"":""HIGH"",""quality_score"":0.78,""verification"":""search_index"",""evidence"":""ECOLISE (European network of community-led initiatives) feature on the river restoration - institutional""},{""url"":""https://ecovillage.org/project/sunseed-desert-technology/"",""rank"":4,""source_class"":""S3"",""platform_type"":""directory listing"",""independence_group"":""G1"",""confidence"":""HIGH"",""quality_score"":0.6,""verification"":""search_index"",""evidence"":""Verified GEN project page""},{""url"":""https://sites.ecovillage.org/sunseed-tecnologia-del-desierto/"",""rank"":7,""source_class"":""S3"",""platform_type"":""directory listing"",""independence_group"":""G1"",""confidence"":""MEDIUM"",""quality_score"":0.4,""verification"":""search_index"",""evidence"":""Legacy GEN Spanish-language page - useful for the older record""},{""url"":""https://eco-villages.eu/en/2017/08/14/sunseed-desert-technology-young-people-fight-against-desertification-in-spain/"",""rank"":5,""source_class"":""S6"",""platform_type"":""news outlet"",""independence_group"":""G3"",""confidence"":""MEDIUM"",""quality_score"":0.54,""verification"":""search_index"",""evidence"":""Dated 2017 feature on the anti-desertification work""},{""url"":""https://ecovillage.org/map/organization/los-molinos-del-rio-aguas/"",""rank"":6,""source_class"":""S3"",""platform_type"":""directory listing"",""independence_group"":""G1"",""confidence"":""MEDIUM"",""quality_score"":0.42,""verification"":""search_index"",""evidence"":""GEN organisation entry for the village itself""},{""url"":""https://ecovillage.org"",""rank"":8,""source_class"":""S3"",""platform_type"":""directory listing"",""independence_group"":""G1"",""confidence"":""HIGH"",""quality_score"":0.1,""verification"":""fixed_global_source"",""evidence"":""Mandatory Global Ecovillage Network network-level seed, present on every row; not evidence that this community is GEN-registered - see gen_community_status""}]",search_index,,,,,COMPLETE,HIGH,no,,Conceived 1982 as Green Deserts; present mission since 2002; 20-25 people; off-grid in the Rio Aguas valley inside the Karst en Yesos de Sorbas nature reserve. FORMER NAME 'Green Deserts' is a distinct archive and academic search string (register A2). Desertification and river-valley restoration make this a strong land-intervention case.,2026-08-28,1.0.0
IC049,ZEGG,52.157004,12.590874,Germany,FULL,,https://www.zegg.de/en/ | https://ecovillagebook.org/ecovillages/zegg/ | https://en.wikipedia.org/wiki/ZEGG_(community) | https://ecovillage.org/project/zegg | https://youth.europa.eu/volunteering/organisation/56581_en | https://communesinthenewworld.com/ZEGG | https://ecovillage.org,ZEGG,ZEGG,no,ZEGG; Zentrum fuer experimentelle Gesellschaftsgestaltung; Centre for Experimental Cultural Design; ZEGG gGmbH,SETTLEMENT,50,single_source_row,1,0.000,"52.157004,12.590874",SINGLE,52.157004,12.590874,HIGH,,DE,DEU,Brandenburg; Potsdam-Mittelmark; Bad Belzig; Rosa-Luxemburg-Strasse,HIGH,coordinate_gazetteer+official_site,https://www.zegg.de/en/,DE,UNANIMOUS,Brandenburg an der Havel (29.0 km),https://ecovillage.org,FIXED_GLOBAL_SOURCE,https://ecovillage.org/project/zegg,VERIFIED_COMMUNITY_SOURCE,search_index,site:ecovillage.org returned 'ZEGG - Global Ecovillage Network' project page,G1,7,5,S1; S2; S3; S4; S6,S1,"[{""url"":""https://www.zegg.de/en/"",""rank"":1,""source_class"":""S4"",""platform_type"":""own website"",""independence_group"":""G1"",""confidence"":""HIGH"",""quality_score"":0.92,""verification"":""search_index"",""evidence"":""Official site, English edition""},{""url"":""https://ecovillage.org/project/zegg"",""rank"":4,""source_class"":""S3"",""platform_type"":""directory listing"",""independence_group"":""G1"",""confidence"":""HIGH"",""quality_score"":0.64,""verification"":""search_index"",""evidence"":""Verified GEN project page with the 15 ha figure and infrastructure list""},{""url"":""https://en.wikipedia.org/wiki/ZEGG_(community)"",""rank"":3,""source_class"":""S6"",""platform_type"":""other"",""independence_group"":""G2"",""confidence"":""HIGH"",""quality_score"":0.66,""verification"":""search_index"",""evidence"":""Encyclopaedic article with site history""},{""url"":""https://ecovillagebook.org/ecovillages/zegg/"",""rank"":2,""source_class"":""S1"",""platform_type"":""other"",""independence_group"":""G3"",""confidence"":""HIGH"",""quality_score"":0.74,""verification"":""search_index"",""evidence"":""Companion site to Litfin's 'Ecovillages: Lessons for Sustainable Community' - academic monograph material""},{""url"":""https://youth.europa.eu/volunteering/organisation/56581_en"",""rank"":5,""source_class"":""S2"",""platform_type"":""other"",""independence_group"":""G4"",""confidence"":""HIGH"",""quality_score"":0.62,""verification"":""search_index"",""evidence"":""European Youth Portal accreditation record""},{""url"":""https://communesinthenewworld.com/ZEGG"",""rank"":6,""source_class"":""S6"",""platform_type"":""other"",""independence_group"":""G5"",""confidence"":""MEDIUM"",""quality_score"":0.44,""verification"":""search_index"",""evidence"":""Independent comparative account of the community""},{""url"":""https://ecovillage.org"",""rank"":7,""source_class"":""S3"",""platform_type"":""directory listing"",""independence_group"":""G1"",""confidence"":""HIGH"",""quality_score"":0.1,""verification"":""fixed_global_source"",""evidence"":""Mandatory Global Ecovillage Network network-level seed, present on every row; not evidence that this community is GEN-registered - see gen_community_status""}]",search_index,,,,,COMPLETE,HIGH,no,,"Founded 1991 on a 15 ha former Nazi sports camp and later Stasi facility; ~100 residents. Ecological sewage plant, CO2-neutral heating, organic gardens. The site's prior institutional history means German federal and Brandenburg state records may carry dated land documentation.",2026-08-28,1.0.0
IC050,Green Commune Belica,41.401714,20.952099,North Macedonia,FULL,,https://www.rescoop.eu/news-and-events/stories/success-story-north-macedonias-first-energy-community-takes-root-in-a-small-village | https://energycommunityplatform.eu/communities/association-for-belica-community-development/ | https://maps.transitionnetwork.org/group/green-commune-belica/ | https://www.workaway.info/en/host/178613323315 | https://www.smart-village-network.eu/network | https://ecovillage.org,Green Commune Belica,Green Commune Belica,no,Green Commune Belica; Association for Belica Community Development; ABCD; Eco Center for Development Belica,SETTLEMENT,51,single_source_row,1,0.000,"41.401714,20.952099",SINGLE,41.401714,20.952099,HIGH,,MK,MKD,Kicevo Municipality; Belica village,HIGH,coordinate_gazetteer+institutional_record,https://energycommunityplatform.eu/communities/association-for-belica-community-development/,MK,UNANIMOUS,Kičevo (12.4 km),https://ecovillage.org,FIXED_GLOBAL_SOURCE,,NOT_FOUND,search_index_negative,site:ecovillage.org returned only GEN index and tag pages (including a solar-power project tag) and no community page for Belica. No GEN community URL is recorded rather than constructing one.,G1,6,5,S2; S3,S2,"[{""url"":""https://www.rescoop.eu/news-and-events/stories/success-story-north-macedonias-first-energy-community-takes-root-in-a-small-village"",""rank"":1,""source_class"":""S2"",""platform_type"":""other"",""independence_group"":""G2"",""confidence"":""HIGH"",""quality_score"":0.84,""verification"":""search_index"",""evidence"":""REScoop.eu (European federation of energy cooperatives) success-story record - institutional, dated, specific""},{""url"":""https://energycommunityplatform.eu/communities/association-for-belica-community-development/"",""rank"":2,""source_class"":""S2"",""platform_type"":""other"",""independence_group"":""G3"",""confidence"":""HIGH"",""quality_score"":0.82,""verification"":""search_index"",""evidence"":""EU Energy Community Platform register entry for ABCD - institutional""},{""url"":""https://maps.transitionnetwork.org/group/green-commune-belica/"",""rank"":3,""source_class"":""S3"",""platform_type"":""directory listing"",""independence_group"":""G4"",""confidence"":""MEDIUM"",""quality_score"":0.5,""verification"":""search_index"",""evidence"":""Transition Network group record""},{""url"":""https://www.workaway.info/en/host/178613323315"",""rank"":4,""source_class"":""S3"",""platform_type"":""booking or hosting"",""independence_group"":""G1"",""confidence"":""MEDIUM"",""quality_score"":0.34,""verification"":""search_index"",""evidence"":""Workaway host listing describing the permaculture and ecology work on site""},{""url"":""https://www.smart-village-network.eu/network"",""rank"":5,""source_class"":""S2"",""platform_type"":""other"",""independence_group"":""G5"",""confidence"":""LOW"",""quality_score"":0.28,""verification"":""search_index"",""evidence"":""Smart Village Network membership index""},{""url"":""https://ecovillage.org"",""rank"":6,""source_class"":""S3"",""platform_type"":""directory listing"",""independence_group"":""G1"",""confidence"":""HIGH"",""quality_score"":0.1,""verification"":""fixed_global_source"",""evidence"":""Mandatory Global Ecovillage Network network-level seed, present on every row; not evidence that this community is GEN-registered - see gen_community_status""}]",search_index,,,,,COMPLETE,HIGH,no,,"ABCD founded 2006 to renovate a ruined school and rebuild the village; the 'Green Commune Belica' project dates from 2023 (20 kW rooftop PV, inverters, weather station), making it North Macedonia's first energy community. Part of the Kicevo Just Transition process. Onset dating will need care: village-development onset 2006 versus the 2023 energy project.",2026-08-28,1.0.0
IC051,"The Park, Ecovillage Findhorn",57.653174,-3.593418,United Kingdom,FULL,,https://www.findhorn.org/ | https://parkecovillagetrust.co.uk/park-ecovillage-findhorn/ | https://www.ecovillagefindhorn.com/index.php/46-findhorn-ecovillage/137-findhorn-foundation | https://ecoarc.co.uk/findhorn-ecovillage-a-nearly-zero-carbon-pioneering-settlement-in-moray-scotland/ | https://en.wikipedia.org/wiki/Findhorn_Ecovillage | https://ecovillage.org/ecovillage/thepark-ecovillagefindhorn/ | https://ecovillage.org/ecovillage-findhorn-is-alive-and-radiant-a-new-chapter-of-community-ownership-spirit-and-celebration/ | https://ecovillage.org,"The Park, Ecovillage Findhorn","The Park, Ecovillage Findhorn",no,Findhorn Ecovillage; The Park; Findhorn Foundation; Park Ecovillage Trust,SETTLEMENT,52,single_source_row,1,0.000,"57.653174,-3.593418",SINGLE,57.653174,-3.593418,HIGH,,GB,GBR,"Scotland; Moray; The Park, Findhorn near Forres",HIGH,coordinate_gazetteer+official_site,https://ecovillage.org/ecovillage/thepark-ecovillagefindhorn/,GB,UNANIMOUS,Elgin (16.4 km),https://ecovillage.org,FIXED_GLOBAL_SOURCE,https://ecovillage.org/ecovillage/thepark-ecovillagefindhorn/,VERIFIED_COMMUNITY_SOURCE,search_index,"site:ecovillage.org returned 'Findhorn Foundation Community Eco-village Project - Findhorn, UK' and a /map/community/thepark-ecovillagefindhorn/ directory entry",G1,8,4,S2; S3; S4; S6,S2,"[{""url"":""https://www.findhorn.org/"",""rank"":1,""source_class"":""S4"",""platform_type"":""own website"",""independence_group"":""G1"",""confidence"":""HIGH"",""quality_score"":0.9,""verification"":""search_index"",""evidence"":""Findhorn Foundation official site""},{""url"":""https://www.ecovillagefindhorn.com/index.php/46-findhorn-ecovillage/137-findhorn-foundation"",""rank"":3,""source_class"":""S4"",""platform_type"":""secondary or former website"",""independence_group"":""G1"",""confidence"":""HIGH"",""quality_score"":0.76,""verification"":""search_index"",""evidence"":""Dedicated ecovillage site - an older domain, likely the richer archive""},{""url"":""https://parkecovillagetrust.co.uk/park-ecovillage-findhorn/"",""rank"":2,""source_class"":""S2"",""platform_type"":""other"",""independence_group"":""G2"",""confidence"":""HIGH"",""quality_score"":0.82,""verification"":""search_index"",""evidence"":""Park EcoVillage Trust - the separate land-holding charity; tenure and affordable-housing records""},{""url"":""https://en.wikipedia.org/wiki/Findhorn_Ecovillage"",""rank"":5,""source_class"":""S6"",""platform_type"":""other"",""independence_group"":""G3"",""confidence"":""HIGH"",""quality_score"":0.7,""verification"":""search_index"",""evidence"":""Encyclopaedic article, heavily referenced""},{""url"":""https://ecovillage.org/ecovillage/thepark-ecovillagefindhorn/"",""rank"":6,""source_class"":""S3"",""platform_type"":""directory listing"",""independence_group"":""G1"",""confidence"":""HIGH"",""quality_score"":0.58,""verification"":""search_index"",""evidence"":""Verified GEN community page""},{""url"":""https://ecoarc.co.uk/findhorn-ecovillage-a-nearly-zero-carbon-pioneering-settlement-in-moray-scotland/"",""rank"":4,""source_class"":""S2"",""platform_type"":""other"",""independence_group"":""G4"",""confidence"":""HIGH"",""quality_score"":0.72,""verification"":""search_index"",""evidence"":""Ecoarc architects' technical account of the settlement - independent design documentation""},{""url"":""https://ecovillage.org/ecovillage-findhorn-is-alive-and-radiant-a-new-chapter-of-community-ownership-spirit-and-celebration/"",""rank"":7,""source_class"":""S3"",""platform_type"":""directory listing"",""independence_group"":""G1"",""confidence"":""HIGH"",""quality_score"":0.56,""verification"":""search_index"",""evidence"":""GEN article recording the November 2024 land purchase""},{""url"":""https://ecovillage.org"",""rank"":8,""source_class"":""S3"",""platform_type"":""directory listing"",""independence_group"":""G1"",""confidence"":""HIGH"",""quality_score"":0.1,""verification"":""fixed_global_source"",""evidence"":""Mandatory Global Ecovillage Network network-level seed, present on every row; not evidence that this community is GEN-registered - see gen_community_status""}]",search_index,,,,,COMPLETE,HIGH,no,,"Begun 1962; Foundation created early 1970s; ~300-350 residents on roughly an 800-acre estate. A FOUNDING MEMBER of GEN - the 1995 conference here established the network. Community land purchase completed November 2024 with over 415,000 GBP raised, a dated tenure event. Among the most heavily studied communities in the cohort; expect a large academic yield.",2026-08-28,1.0.0
IC052,Holistic Center Manas,45.992388,14.658149,Slovenia,FULL,,https://ecovillage.org/ecovillage/holistic-center-manas/energijski_park_012a/ | https://www.facebook.com/CenterManas/ | https://ecovillage.org/gen_country/slovenia/?post_type=gen_project | https://www.ecovillagetours.com/slovenia | https://ecovillage.org,Holistic Center Manas,Holistic Center Manas,no,Center Manas; Holisticni center Manas; MANAS,SETTLEMENT,53,single_source_row,1,0.000,"45.992388,14.658149",SINGLE,45.992388,14.658149,HIGH,,SI,SVN,Central Slovenia; near Ljubljana,HIGH,coordinate_gazetteer+GEN_profile,https://ecovillage.org/ecovillage/holistic-center-manas/energijski_park_012a/,SI,UNANIMOUS,Ljubljana (13.5 km),https://ecovillage.org,FIXED_GLOBAL_SOURCE,https://ecovillage.org/ecovillage/holistic-center-manas/energijski_park_012a/,VERIFIED_COMMUNITY_SOURCE_SUBPAGE_ONLY,search_index,site:ecovillage.org returned a GEN page under /ecovillage/holistic-center-manas/ (the 'Energijski park' sub-page). The parent community page was not returned directly by search; the sub-page URL is recorded exactly as found rather than truncating it to a guessed parent URL.,G1,5,2,S3; S7,S3,"[{""url"":""https://ecovillage.org/ecovillage/holistic-center-manas/energijski_park_012a/"",""rank"":1,""source_class"":""S3"",""platform_type"":""directory listing"",""independence_group"":""G1"",""confidence"":""MEDIUM"",""quality_score"":0.56,""verification"":""search_index"",""evidence"":""GEN sub-page for the Manas energy park - the only GEN URL search returned""},{""url"":""https://www.facebook.com/CenterManas/"",""rank"":2,""source_class"":""S7"",""platform_type"":""Facebook"",""independence_group"":""G1"",""confidence"":""MEDIUM"",""quality_score"":0.4,""verification"":""search_index"",""evidence"":""Center Manas page - the community's main current channel""},{""url"":""https://ecovillage.org/gen_country/slovenia/?post_type=gen_project"",""rank"":3,""source_class"":""S3"",""platform_type"":""directory listing"",""independence_group"":""G1"",""confidence"":""MEDIUM"",""quality_score"":0.34,""verification"":""search_index"",""evidence"":""GEN Slovenia project index - route to the parent listing""},{""url"":""https://www.ecovillagetours.com/slovenia"",""rank"":4,""source_class"":""S3"",""platform_type"":""booking or hosting"",""independence_group"":""G2"",""confidence"":""LOW"",""quality_score"":0.24,""verification"":""search_index"",""evidence"":""Third-party tour operator page naming the Slovenian communities""},{""url"":""https://ecovillage.org"",""rank"":5,""source_class"":""S3"",""platform_type"":""directory listing"",""independence_group"":""G1"",""confidence"":""HIGH"",""quality_score"":0.1,""verification"":""fixed_global_source"",""evidence"":""Mandatory Global Ecovillage Network network-level seed, present on every row; not evidence that this community is GEN-registered - see gen_community_status""}]",search_index,,,,,COMPLETE,MEDIUM,yes,gen_page_qualified; identity_confidence_below_high,"Small cohousing eco-village outside Ljubljana; all adult members are holistic practitioners; features an Energy & Healing Park. Little independent documentation located - a thin-evidence community, flagged so that thinness is recorded as a finding rather than as absence of effort (register I12).",2026-08-28,1.0.0
IC053,Hertha Levefællesskab/Hertha Living,56.181872,9.971224,Denmark,FULL,,https://hertha.dk/ | https://www.hertha.dk/images/HerthaBrochure2016_DK_Stor.pdf | https://ecovillage.org/project/hertha-levefaellesskab/ | https://da.wikipedia.org/wiki/Hertha_Levef%C3%A6llesskab | https://www.information.dk/kultur/2009/01/ligger-andet | https://www.kristeligt-dagblad.dk/seniorliv/udviklingsh%C3%A6mmede-naboer-giver-hverdagen-kvalitet | https://helsepaedagogik.dk/hertha-levefaellesskab/ | https://ecovillage.org,Hertha LevefÃ¦llesskab/Hertha Living,Hertha Levefællesskab/Hertha Living,yes,Hertha Levefaellesskab; Hertha Living Community; Hertha Herskind,SETTLEMENT,54,single_source_row,1,0.000,"56.181872,9.971224",SINGLE,56.181872,9.971224,HIGH,,DK,DNK,Central Denmark Region; Skanderborg/Aarhus area; Herskind,HIGH,coordinate_gazetteer+official_site,https://hertha.dk/,DK,UNANIMOUS,Tilst (8.9 km),https://ecovillage.org,FIXED_GLOBAL_SOURCE,https://ecovillage.org/project/hertha-levefaellesskab/,VERIFIED_COMMUNITY_SOURCE,search_index,site:ecovillage.org returned 'Hertha Levefaellesskab/Hertha Living Community - Global Ecovillage Network' at both /project/ and /ecovillage/ paths,G1,8,5,S2; S3; S4; S6,S2,"[{""url"":""https://hertha.dk/"",""rank"":1,""source_class"":""S4"",""platform_type"":""own website"",""independence_group"":""G1"",""confidence"":""HIGH"",""quality_score"":0.92,""verification"":""search_index"",""evidence"":""Official site""},{""url"":""https://www.hertha.dk/images/HerthaBrochure2016_DK_Stor.pdf"",""rank"":2,""source_class"":""S4"",""platform_type"":""own website"",""independence_group"":""G1"",""confidence"":""HIGH"",""quality_score"":0.84,""verification"":""search_index"",""evidence"":""Community brochure PDF (2016) - a dated document with the farm and workshop detail""},{""url"":""https://ecovillage.org/project/hertha-levefaellesskab/"",""rank"":3,""source_class"":""S3"",""platform_type"":""directory listing"",""independence_group"":""G1"",""confidence"":""HIGH"",""quality_score"":0.62,""verification"":""search_index"",""evidence"":""Verified GEN project page""},{""url"":""https://da.wikipedia.org/wiki/Hertha_Levef%C3%A6llesskab"",""rank"":4,""source_class"":""S6"",""platform_type"":""other"",""independence_group"":""G2"",""confidence"":""HIGH"",""quality_score"":0.62,""verification"":""search_index"",""evidence"":""Danish encyclopaedic article with the 1987/1995/1996 dates""},{""url"":""https://www.information.dk/kultur/2009/01/ligger-andet"",""rank"":5,""source_class"":""S6"",""platform_type"":""news outlet"",""independence_group"":""G3"",""confidence"":""MEDIUM"",""quality_score"":0.56,""verification"":""search_index"",""evidence"":""Dagbladet Information feature, dated 2009""},{""url"":""https://www.kristeligt-dagblad.dk/seniorliv/udviklingsh%C3%A6mmede-naboer-giver-hverdagen-kvalitet"",""rank"":6,""source_class"":""S6"",""platform_type"":""news outlet"",""independence_group"":""G4"",""confidence"":""MEDIUM"",""quality_score"":0.5,""verification"":""search_index"",""evidence"":""Kristeligt Dagblad feature; percent-encoded Danish characters""},{""url"":""https://helsepaedagogik.dk/hertha-levefaellesskab/"",""rank"":7,""source_class"":""S2"",""platform_type"":""other"",""independence_group"":""G5"",""confidence"":""MEDIUM"",""quality_score"":0.46,""verification"":""search_index"",""evidence"":""Danish curative-education association record""},{""url"":""https://ecovillage.org"",""rank"":8,""source_class"":""S3"",""platform_type"":""directory listing"",""independence_group"":""G1"",""confidence"":""HIGH"",""quality_score"":0.1,""verification"":""fixed_global_source"",""evidence"":""Mandatory Global Ecovillage Network network-level seed, present on every row; not evidence that this community is GEN-registered - see gen_community_status""}]",search_index,,,,,COMPLETE,HIGH,no,,"name repaired from a mis-encoded export; original preserved | TEXT REPAIR: original cell 'Hertha LevefA|llesskab/Hertha Living' repaired to 'Hertha Levefaellesskab/Hertha Living'. Idea from August 1987, practical work 1995, first residents 1996; ~150 people of whom ~27-30 are adults with developmental disabilities ('reverse integration'), anthroposophical basis. Biodynamic farm, market garden, dairy and bakery - substantive documented land use. The community publishes its own brochure PDF.",2026-08-28,1.0.0
IC054,Bowden House Community,50.417254,-3.688328,United Kingdom,FULL,,http://www.bowdenhouse.co.uk/ | https://www.uk.coop/directory/bowden-housing-co-operative | https://ecovillage.org/project/bowden-house-community/ | https://diggersanddreamers.org.uk/community/bowden-house-community | https://www.uk.coop/directory/bowden-pillars-future | https://wikishire.co.uk/wiki/Bowden_House | https://ecovillage.org,Bowden House Community,Bowden House Community,no,Bowden House Community; Bowden Housing Co-operative; Bowden Pillars,SETTLEMENT,55,single_source_row,1,0.000,"50.417254,-3.688328",SINGLE,50.417254,-3.688328,HIGH,,GB,GBR,England; Devon; near Totnes; Ashprington road TQ9 7PW,HIGH,coordinate_gazetteer+official_site,http://www.bowdenhouse.co.uk/,GB,UNANIMOUS,Paignton (8.8 km),https://ecovillage.org,FIXED_GLOBAL_SOURCE,https://ecovillage.org/project/bowden-house-community/,VERIFIED_COMMUNITY_SOURCE,search_index,site:ecovillage.org returned 'Bowden House Community - Global Ecovillage Network' project page with the TQ9 7PW address,G1,7,5,S2; S3; S4; S6,S2,"[{""url"":""http://www.bowdenhouse.co.uk/"",""rank"":1,""source_class"":""S4"",""platform_type"":""own website"",""independence_group"":""G1"",""confidence"":""HIGH"",""quality_score"":0.9,""verification"":""search_index"",""evidence"":""Official site (http scheme - a scheme-fidelity test case)""},{""url"":""https://ecovillage.org/project/bowden-house-community/"",""rank"":3,""source_class"":""S3"",""platform_type"":""directory listing"",""independence_group"":""G1"",""confidence"":""HIGH"",""quality_score"":0.66,""verification"":""search_index"",""evidence"":""Verified GEN project page with land and planting detail""},{""url"":""https://diggersanddreamers.org.uk/community/bowden-house-community"",""rank"":4,""source_class"":""S3"",""platform_type"":""directory listing"",""independence_group"":""G2"",""confidence"":""HIGH"",""quality_score"":0.64,""verification"":""search_index"",""evidence"":""Diggers and Dreamers - the long-running independently edited UK communities directory""},{""url"":""https://www.uk.coop/directory/bowden-housing-co-operative"",""rank"":2,""source_class"":""S2"",""platform_type"":""other"",""independence_group"":""G3"",""confidence"":""HIGH"",""quality_score"":0.72,""verification"":""search_index"",""evidence"":""Co-operatives UK register entry for the housing co-operative - dated legal entity""},{""url"":""https://www.uk.coop/directory/bowden-pillars-future"",""rank"":5,""source_class"":""S2"",""platform_type"":""other"",""independence_group"":""G4"",""confidence"":""MEDIUM"",""quality_score"":0.52,""verification"":""search_index"",""evidence"":""Co-operatives UK record for the related Bowden Pillars land initiative""},{""url"":""https://wikishire.co.uk/wiki/Bowden_House"",""rank"":6,""source_class"":""S6"",""platform_type"":""other"",""independence_group"":""G5"",""confidence"":""LOW"",""quality_score"":0.3,""verification"":""search_index"",""evidence"":""Topographic reference for the house itself""},{""url"":""https://ecovillage.org"",""rank"":7,""source_class"":""S3"",""platform_type"":""directory listing"",""independence_group"":""G1"",""confidence"":""HIGH"",""quality_score"":0.1,""verification"":""fixed_global_source"",""evidence"":""Mandatory Global Ecovillage Network network-level seed, present on every row; not evidence that this community is GEN-registered - see gen_community_status""}]",search_index,,,,,COMPLETE,HIGH,no,,"Established 2005 one mile from Totnes; ~10 acres, ~35 adults and 15 children; orchard, walled garden, herb and vegetable gardens, two polytunnels, ~1 acre of replanted woodland. Mixed tenure: private leases plus a housing co-operative owning the manor house and a shared freehold for the land - a clear tenure case for register block E.",2026-08-28,1.0.0
IC055,Vlierhof,51.846842,6.081005,Germany,FULL,,https://ecovillage.org/project/vlierhof-community | https://wwoof.de/en/host/49827-vlierhof-is-a-ecological-community-with-an-demeter-vegetable-herbgarden-and-a-greenhouse | https://www.voluntouring.org/2019/05/27/international-community-vierhof-volunteer-call/ | https://en.wikipedia.org/wiki/Zyfflich | https://ecovillage.org,Vlierhof,Vlierhof,no,Vlierhof; Vlierhof Community; Vlierhof ECO-Community and Retreat Center,SETTLEMENT,56,single_source_row,1,0.000,"51.846842,6.081005",SINGLE,51.846842,6.081005,HIGH,,DE,DEU,"North Rhine-Westphalia; Kreis Kleve; Kleve-Keeken (near Zyfflich/Kranenburg, on the Dutch border)",MEDIUM,published_source_overrides_gazetteer,https://ecovillage.org/project/vlierhof-community,NL,SPLIT,Kleve (7.6 km),https://ecovillage.org,FIXED_GLOBAL_SOURCE,https://ecovillage.org/project/vlierhof-community,VERIFIED_COMMUNITY_SOURCE,search_index,site:ecovillage.org returned 'Vlierhof - Global Ecovillage Network' at /project/vlierhof-community and /ecovillage/vlierhof-community/; listed among GEN Europe full members,G1,5,4,S3; S6,S3,"[{""url"":""https://ecovillage.org/project/vlierhof-community"",""rank"":1,""source_class"":""S3"",""platform_type"":""directory listing"",""independence_group"":""G1"",""confidence"":""HIGH"",""quality_score"":0.68,""verification"":""search_index"",""evidence"":""Verified GEN project page - source of the site address that settles the country""},{""url"":""https://wwoof.de/en/host/49827-vlierhof-is-a-ecological-community-with-an-demeter-vegetable-herbgarden-and-a-greenhouse"",""rank"":2,""source_class"":""S3"",""platform_type"":""booking or hosting"",""independence_group"":""G2"",""confidence"":""HIGH"",""quality_score"":0.56,""verification"":""search_index"",""evidence"":""WWOOF Germany host record naming the Demeter garden and greenhouse - hosted in Germany, corroborating placement""},{""url"":""https://www.voluntouring.org/2019/05/27/international-community-vierhof-volunteer-call/"",""rank"":3,""source_class"":""S6"",""platform_type"":""other"",""independence_group"":""G3"",""confidence"":""MEDIUM"",""quality_score"":0.44,""verification"":""search_index"",""evidence"":""Dated 2019 volunteer call describing the community""},{""url"":""https://en.wikipedia.org/wiki/Zyfflich"",""rank"":4,""source_class"":""S6"",""platform_type"":""other"",""independence_group"":""G4"",""confidence"":""MEDIUM"",""quality_score"":0.34,""verification"":""search_index"",""evidence"":""Encyclopaedic entry for the neighbouring village - administrative context""},{""url"":""https://ecovillage.org"",""rank"":5,""source_class"":""S3"",""platform_type"":""directory listing"",""independence_group"":""G1"",""confidence"":""HIGH"",""quality_score"":0.1,""verification"":""fixed_global_source"",""evidence"":""Mandatory Global Ecovillage Network network-level seed, present on every row; not evidence that this community is GEN-registered - see gen_community_status""}]",search_index,,,,,COMPLETE,HIGH,yes,country_corrected_from_gazetteer; gazetteer_split,"country corrected from the gazetteer's Netherlands to Germany on published evidence; the nearest large town lies across a border, a coast or a lake | COUNTRY CORRECTION: the gazetteer leaned Netherlands. GEN gives the site address Kleverstrasse 115, Kleve-Keeken 47533, GERMANY, with only a Dutch PO box for post; founded 2002 by four members of the GEN Netherlands chapter. Country recorded as Germany, postal ambiguity noted. 12 long-term residents, up to 25 in summer; 1 ha biodynamic garden, Demeter certified.",2026-08-28,1.0.0
IC056,Charlottendals Farm and EcoVillage,59.090864,17.532511,Sweden,FULL,,https://charlottendal.se/ | https://charlottendal.se/about-charlottendal/ | https://ecovillage.org/project/charlottendals-farm-and-ecovillage/ | https://www.bopalantgard.se/gardar/charlottendals-gard/ | https://www.facebook.com/Charlottendal/ | https://ecovillage.org,Charlottendals Farm and EcoVillage,Charlottendals Farm and EcoVillage,no,Charlottendal; Charlottendals Gard; Charlottendals Ekogard,SETTLEMENT,57,single_source_row,1,0.000,"59.090864,17.532511",SINGLE,59.090864,17.532511,HIGH,,SE,SWE,Stockholm County; Sodertalje municipality; near Jarna,HIGH,coordinate_gazetteer+official_site,https://charlottendal.se/about-charlottendal/,SE,UNANIMOUS,Södertälje (12.8 km),https://ecovillage.org,FIXED_GLOBAL_SOURCE,https://ecovillage.org/project/charlottendals-farm-and-ecovillage/,VERIFIED_COMMUNITY_SOURCE,search_index,"site:ecovillage.org returned 'Charlottendals Farm and EcoVillage - Global Ecovillage Network' project page, established 1995",G1,6,2,S3; S4; S7,S3,"[{""url"":""https://charlottendal.se/"",""rank"":1,""source_class"":""S4"",""platform_type"":""own website"",""independence_group"":""G1"",""confidence"":""HIGH"",""quality_score"":0.9,""verification"":""search_index"",""evidence"":""Official site""},{""url"":""https://charlottendal.se/about-charlottendal/"",""rank"":2,""source_class"":""S4"",""platform_type"":""own website"",""independence_group"":""G1"",""confidence"":""HIGH"",""quality_score"":0.76,""verification"":""search_index"",""evidence"":""About page with the farm and ecoby description""},{""url"":""https://ecovillage.org/project/charlottendals-farm-and-ecovillage/"",""rank"":3,""source_class"":""S3"",""platform_type"":""directory listing"",""independence_group"":""G1"",""confidence"":""HIGH"",""quality_score"":0.62,""verification"":""search_index"",""evidence"":""Verified GEN project page with the 1995 date""},{""url"":""https://www.bopalantgard.se/gardar/charlottendals-gard/"",""rank"":4,""source_class"":""S3"",""platform_type"":""booking or hosting"",""independence_group"":""G2"",""confidence"":""MEDIUM"",""quality_score"":0.4,""verification"":""search_index"",""evidence"":""Swedish farm-stay network listing with land detail""},{""url"":""https://www.facebook.com/Charlottendal/"",""rank"":5,""source_class"":""S7"",""platform_type"":""Facebook"",""independence_group"":""G1"",""confidence"":""MEDIUM"",""quality_score"":0.3,""verification"":""search_index"",""evidence"":""Official page""},{""url"":""https://ecovillage.org"",""rank"":6,""source_class"":""S3"",""platform_type"":""directory listing"",""independence_group"":""G1"",""confidence"":""HIGH"",""quality_score"":0.1,""verification"":""fixed_global_source"",""evidence"":""Mandatory Global Ecovillage Network network-level seed, present on every row; not evidence that this community is GEN-registered - see gen_community_status""}]",search_index,,,,,COMPLETE,HIGH,no,,"Established 1995 as a building association; ~20 people; small ecoby of 6 households with alternative energy and sewage technology, clay-built kindergarten; sheep, hens, horses, permaculture and own firewood production. Close to the Jarna anthroposophic cluster.",2026-08-28,1.0.0
IC057,LUMEN Ecovillage,45.035623,9.933535,Italy,FULL,,https://ecovillaggiolumen.it/ | https://ecovillaggiolumen.it/ecovillaggio-lumen/ | https://www.terranuova.it/news/ecovillaggi-e-cohousing/l-esperienza-trentennale-di-lumen-ecovillaggio-e-scuola-di-naturopatia | https://www.naturopatia.org/ecovillaggio/ | https://ecovillage.org/project/lumen-ecovillage/ | https://www.italiachecambia.org/mappa/ecovillaggio_lumen/ | https://ecovillage.org,LUMEN Ecovillage,LUMEN Ecovillage,no,Lumen; Ecovillaggio Lumen; Associazione Lumen; LUMEN APS,SETTLEMENT,58,single_source_row,1,0.000,"45.035623,9.933535",SINGLE,45.035623,9.933535,HIGH,,IT,ITA,Emilia-Romagna; Piacenza; San Pietro in Cerro,HIGH,coordinate_gazetteer+official_site,https://ecovillaggiolumen.it/ecovillaggio-lumen/,IT,UNANIMOUS,Cremona (12.9 km),https://ecovillage.org,FIXED_GLOBAL_SOURCE,https://ecovillage.org/project/lumen-ecovillage/,VERIFIED_COMMUNITY_SOURCE,search_index,site:ecovillage.org returned 'LUMEN Ecovillage - Global Ecovillage Network' project page plus an /ecovillage/lumen-ecovillage/ecovillaggio-1/ sub-page,G1,7,3,S3; S4; S6,S3,"[{""url"":""https://ecovillaggiolumen.it/"",""rank"":1,""source_class"":""S4"",""platform_type"":""own website"",""independence_group"":""G1"",""confidence"":""HIGH"",""quality_score"":0.9,""verification"":""search_index"",""evidence"":""Official site""},{""url"":""https://ecovillaggiolumen.it/ecovillaggio-lumen/"",""rank"":2,""source_class"":""S4"",""platform_type"":""own website"",""independence_group"":""G1"",""confidence"":""HIGH"",""quality_score"":0.76,""verification"":""search_index"",""evidence"":""Ecovillage description page""},{""url"":""https://www.naturopatia.org/ecovillaggio/"",""rank"":4,""source_class"":""S4"",""platform_type"":""secondary or former website"",""independence_group"":""G1"",""confidence"":""HIGH"",""quality_score"":0.64,""verification"":""search_index"",""evidence"":""Second organisational domain (LUMEN APS) covering sustainability practices""},{""url"":""https://ecovillage.org/project/lumen-ecovillage/"",""rank"":5,""source_class"":""S3"",""platform_type"":""directory listing"",""independence_group"":""G1"",""confidence"":""HIGH"",""quality_score"":0.62,""verification"":""search_index"",""evidence"":""Verified GEN project page""},{""url"":""https://www.terranuova.it/news/ecovillaggi-e-cohousing/l-esperienza-trentennale-di-lumen-ecovillaggio-e-scuola-di-naturopatia"",""rank"":3,""source_class"":""S6"",""platform_type"":""news outlet"",""independence_group"":""G2"",""confidence"":""HIGH"",""quality_score"":0.66,""verification"":""search_index"",""evidence"":""Terra Nuova feature on LUMEN's thirty years - dated independent journalism""},{""url"":""https://www.italiachecambia.org/mappa/ecovillaggio_lumen/"",""rank"":6,""source_class"":""S6"",""platform_type"":""other"",""independence_group"":""G3"",""confidence"":""MEDIUM"",""quality_score"":0.48,""verification"":""search_index"",""evidence"":""Italia Che Cambia map record""},{""url"":""https://ecovillage.org"",""rank"":7,""source_class"":""S3"",""platform_type"":""directory listing"",""independence_group"":""G1"",""confidence"":""HIGH"",""quality_score"":0.1,""verification"":""fixed_global_source"",""evidence"":""Mandatory Global Ecovillage Network network-level seed, present on every row; not evidence that this community is GEN-registered - see gen_community_status""}]",search_index,,,,,COMPLETE,HIGH,no,,"ADMIN NOTE: the gazetteer's nearest city was Cremona (Lombardy); published sources place LUMEN at San Pietro in Cerro in the province of PIACENZA, Emilia-Romagna, on the other bank. Founded 1992 by Davide Pirovano and Milena Simeoni in an abandoned rural hamlet; 60+ members; runs a naturopathy school across three cities.",2026-08-28,1.0.0
IC058,The Hollies Centre for Practical Sustainability,51.761673,-8.954811,Ireland,FULL,,https://thehollies.ie/ | https://www.sfi.ie/engagement/discover-primary-science-and-maths/discover-centres/find-a-discover-centre/cork/the-hollies-centre-for-pr/index.xml | https://ecovillage.org/project/hollies-centre/ | https://www.southernstar.ie/premium-exclusives/finding-happiness-in-the-hollies-4281652 | https://www.facebook.com/theholliescentre/ | https://ecovillage.org,The Hollies Centre for Practical Sustainability,The Hollies Centre for Practical Sustainability,no,The Hollies; The Hollies Centre for Sustainability; An Baile Dulra Teoranta,SETTLEMENT,59,single_source_row,1,0.000,"51.761673,-8.954811",SINGLE,51.761673,-8.954811,HIGH,,IE,IRL,County Cork; Enniskeane; West Cork,HIGH,coordinate_gazetteer+official_site,https://thehollies.ie/,IE,UNANIMOUS,Ballincollig (28.9 km),https://ecovillage.org,FIXED_GLOBAL_SOURCE,https://ecovillage.org/project/hollies-centre/,VERIFIED_COMMUNITY_SOURCE,search_index,site:ecovillage.org returned 'Ecovillage Cork - Hollies Centre for Practical Sustainability' project page giving 24 acres and 19 adults / 3 children as of 2020,G1,6,3,S2; S3; S4; S6; S7,S2,"[{""url"":""https://thehollies.ie/"",""rank"":1,""source_class"":""S4"",""platform_type"":""own website"",""independence_group"":""G1"",""confidence"":""HIGH"",""quality_score"":0.92,""verification"":""search_index"",""evidence"":""Official site""},{""url"":""https://ecovillage.org/project/hollies-centre/"",""rank"":3,""source_class"":""S3"",""platform_type"":""directory listing"",""independence_group"":""G1"",""confidence"":""HIGH"",""quality_score"":0.68,""verification"":""search_index"",""evidence"":""Verified GEN project page with area, population and the landholding entity""},{""url"":""https://www.sfi.ie/engagement/discover-primary-science-and-maths/discover-centres/find-a-discover-centre/cork/the-hollies-centre-for-pr/index.xml"",""rank"":2,""source_class"":""S2"",""platform_type"":""other"",""independence_group"":""G2"",""confidence"":""HIGH"",""quality_score"":0.74,""verification"":""search_index"",""evidence"":""Science Foundation Ireland Discover Centre record - national institutional source; .xml path is a URL-fidelity test case""},{""url"":""https://www.southernstar.ie/premium-exclusives/finding-happiness-in-the-hollies-4281652"",""rank"":4,""source_class"":""S6"",""platform_type"":""news outlet"",""independence_group"":""G3"",""confidence"":""MEDIUM"",""quality_score"":0.52,""verification"":""search_index"",""evidence"":""Southern Star regional feature""},{""url"":""https://www.facebook.com/theholliescentre/"",""rank"":5,""source_class"":""S7"",""platform_type"":""Facebook"",""independence_group"":""G1"",""confidence"":""MEDIUM"",""quality_score"":0.3,""verification"":""search_index"",""evidence"":""Official page""},{""url"":""https://ecovillage.org"",""rank"":6,""source_class"":""S3"",""platform_type"":""directory listing"",""independence_group"":""G1"",""confidence"":""HIGH"",""quality_score"":0.1,""verification"":""fixed_global_source"",""evidence"":""Mandatory Global Ecovillage Network network-level seed, present on every row; not evidence that this community is GEN-registered - see gen_community_status""}]",search_index,,,,,COMPLETE,HIGH,no,,"Developing since 1999; 24 acres (10 ha); land held by An Baile Dulra Teoranta, a non-profit with charitable status - a clean tenure record. Known as the principal site of the cob-building revival in Ireland; organic no-chemical market garden and woodlands.",2026-08-28,1.0.0
IC059,Selba – Artosilla,42.425796,-0.262284,Spain,FULL,,http://www.selba.org/artosilla/artosilla.html | https://ecovillage.org/project/selba/ | https://en.wikipedia.org/wiki/Artosilla | https://ecovillage.org/event/artosilla-1999/ | https://ecovillage.org/network/red-iberica-de-ecoaldeas-rie/ | https://ecovillage.org,Selba – Artosilla,Selba – Artosilla,no,Artosilla; Selba; Selba Vida Sostenible; Asociacion Artiborain; La Carrucha,SETTLEMENT,60,single_source_row,1,0.000,"42.425796,-0.262284",SINGLE,42.425796,-0.262284,HIGH,,ES,ESP,Aragon; Huesca; Sabinanigo; Artosilla,HIGH,coordinate_gazetteer+official_site,http://www.selba.org/artosilla/artosilla.html,ES,MAJORITY,Huesca (34.4 km),https://ecovillage.org,FIXED_GLOBAL_SOURCE,https://ecovillage.org/project/selba/,VERIFIED_COMMUNITY_SOURCE,search_index,"site:ecovillage.org returned 'Selba - Artosilla - Global Ecovillage Network' project page, plus an 'Artosilla, 1999' GEN event page",G1,6,2,S3; S4; S6,S3,"[{""url"":""http://www.selba.org/artosilla/artosilla.html"",""rank"":1,""source_class"":""S4"",""platform_type"":""own website"",""independence_group"":""G1"",""confidence"":""HIGH"",""quality_score"":0.84,""verification"":""search_index"",""evidence"":""Selba's own Artosilla page (http scheme, .html path)""},{""url"":""https://ecovillage.org/project/selba/"",""rank"":2,""source_class"":""S3"",""platform_type"":""directory listing"",""independence_group"":""G1"",""confidence"":""HIGH"",""quality_score"":0.66,""verification"":""search_index"",""evidence"":""Verified GEN project page recording the reconstruction and the RIE role""},{""url"":""https://en.wikipedia.org/wiki/Artosilla"",""rank"":3,""source_class"":""S6"",""platform_type"":""other"",""independence_group"":""G2"",""confidence"":""HIGH"",""quality_score"":0.62,""verification"":""search_index"",""evidence"":""Encyclopaedic article recording the 1986 transfer by the Aragon government""},{""url"":""https://ecovillage.org/network/red-iberica-de-ecoaldeas-rie/"",""rank"":5,""source_class"":""S3"",""platform_type"":""directory listing"",""independence_group"":""G1"",""confidence"":""MEDIUM"",""quality_score"":0.38,""verification"":""search_index"",""evidence"":""GEN page for the Iberian ecovillage network Selba co-founded""},{""url"":""https://ecovillage.org/event/artosilla-1999/"",""rank"":4,""source_class"":""S3"",""platform_type"":""directory listing"",""independence_group"":""G1"",""confidence"":""MEDIUM"",""quality_score"":0.42,""verification"":""search_index"",""evidence"":""GEN event record dated 1999 - an early dated trace""},{""url"":""https://ecovillage.org"",""rank"":6,""source_class"":""S3"",""platform_type"":""directory listing"",""independence_group"":""G1"",""confidence"":""HIGH"",""quality_score"":0.1,""verification"":""fixed_global_source"",""evidence"":""Mandatory Global Ecovillage Network network-level seed, present on every row; not evidence that this community is GEN-registered - see gen_community_status""}]",search_index,,,,,COMPLETE,HIGH,no,,"Abandoned Pyrenean village transferred by the GOVERNMENT OF ARAGON to the Artiborain Association in 1986 for reconstruction and repopulation - a dated public land transfer, register rank 1 material. ~20 adults; bioconstruction and organic agriculture; RIE co-founder.",2026-08-28,1.0.0
IC060,Ecoaldea Los Portales,37.784434,-5.956900,Spain,FULL,,https://losportales.net/ | https://ecovillage.org/project/los-portales | https://youth.europa.eu/volunteering/organisation/52349_es | https://ecoaldeas.org/los-portales/ | https://periodicodigital.eusa.es/2018/07/10/ecoaldeas-conociendo-los-portales/ | https://comunidadlosportales.com/cursos/ | https://www.youtube.com/watch?v=oZgqXr9uDK8 | https://ecovillage.org,Ecoaldea Los Portales,Ecoaldea Los Portales,no,Los Portales; Ecoaldea Los Portales; Comunidad Los Portales; Crealliance (Madrid extension),SETTLEMENT,61,single_source_row,1,0.000,"37.784434,-5.956900",SINGLE,37.784434,-5.956900,HIGH,,ES,ESP,Andalusia; Seville; Castilblanco de los Arroyos; Sierra Morena foothills,HIGH,coordinate_gazetteer+official_site,https://losportales.net/,ES,UNANIMOUS,La Rinconada (33.2 km),https://ecovillage.org,FIXED_GLOBAL_SOURCE,https://ecovillage.org/project/los-portales,VERIFIED_COMMUNITY_SOURCE,search_index,site:ecovillage.org returned 'Los Portales' project page and an ecovillage.org/los-portales-spain/ feature,G1,8,5,S2; S3; S4; S6; S7,S2,"[{""url"":""https://losportales.net/"",""rank"":1,""source_class"":""S4"",""platform_type"":""own website"",""independence_group"":""G1"",""confidence"":""HIGH"",""quality_score"":0.92,""verification"":""search_index"",""evidence"":""Official site""},{""url"":""https://comunidadlosportales.com/cursos/"",""rank"":6,""source_class"":""S4"",""platform_type"":""secondary or former website"",""independence_group"":""G1"",""confidence"":""MEDIUM"",""quality_score"":0.5,""verification"":""search_index"",""evidence"":""Second community domain - courses programme""},{""url"":""https://ecovillage.org/project/los-portales"",""rank"":2,""source_class"":""S3"",""platform_type"":""directory listing"",""independence_group"":""G1"",""confidence"":""HIGH"",""quality_score"":0.68,""verification"":""search_index"",""evidence"":""Verified GEN project page with the 200 ha figure and founding dates""},{""url"":""https://ecoaldeas.org/los-portales/"",""rank"":4,""source_class"":""S3"",""platform_type"":""directory listing"",""independence_group"":""G2"",""confidence"":""HIGH"",""quality_score"":0.58,""verification"":""search_index"",""evidence"":""Red Iberica de Ecoaldeas record - independently maintained""},{""url"":""https://periodicodigital.eusa.es/2018/07/10/ecoaldeas-conociendo-los-portales/"",""rank"":5,""source_class"":""S6"",""platform_type"":""news outlet"",""independence_group"":""G3"",""confidence"":""MEDIUM"",""quality_score"":0.52,""verification"":""search_index"",""evidence"":""EUSA (university journalism school) dated 2018 report""},{""url"":""https://youth.europa.eu/volunteering/organisation/52349_es"",""rank"":3,""source_class"":""S2"",""platform_type"":""other"",""independence_group"":""G4"",""confidence"":""HIGH"",""quality_score"":0.6,""verification"":""search_index"",""evidence"":""European Youth Portal accreditation record""},{""url"":""https://www.youtube.com/watch?v=oZgqXr9uDK8"",""rank"":7,""source_class"":""S7"",""platform_type"":""YouTube"",""independence_group"":""G5"",""confidence"":""MEDIUM"",""quality_score"":0.32,""verification"":""search_index"",""evidence"":""Independent video documentation of the ecoaldea""},{""url"":""https://ecovillage.org"",""rank"":8,""source_class"":""S3"",""platform_type"":""directory listing"",""independence_group"":""G1"",""confidence"":""HIGH"",""quality_score"":0.1,""verification"":""fixed_global_source"",""evidence"":""Mandatory Global Ecovillage Network network-level seed, present on every row; not evidence that this community is GEN-registered - see gen_community_status""}]",search_index,,,,,COMPLETE,HIGH,no,,"Born 1978 in Brussels, established in Andalusia 1984; 200 ha mostly natural rockrose and holm-oak, 30+ residents; olive oil, bread, goat cheese, wine, vegetables, cereals, medicinal plants; energy independent on solar, wind and water. The 200 ha holding versus actively managed area is exactly the register's 'total holding vs managed extent' distinction.",2026-08-28,1.0.0
IC061,Herzfeld Sennrueti,47.376031,9.192655,Switzerland,FULL,,https://sennrueti.ch/ | https://sennrueti.ch/ueber-uns/ | https://ecovillage.org/project/herzfeld-sennrueti/ | https://sennrueti.ch/english-summary/ | https://www.relinfo.ch/lexikon/theosophie-und-esoterik/esoterik/gemeinschaft-herzfeld-sennrueti/ | https://ecovillage.org/project/oekodorf-sennrueti/ | https://ecovillage.org,Herzfeld Sennrueti,Herzfeld Sennrueti,no,Herzfeld Sennrueti; Gemeinschaft Herzfeld Sennrueti; Oekodorf Sennrueti; Genossenschaft Oekodorf Sennrueti,SETTLEMENT,62,single_source_row,1,0.000,"47.376031,9.192655",SINGLE,47.376031,9.192655,HIGH,,CH,CHE,Canton of St. Gallen; Degersheim; Sennruetistrasse,HIGH,coordinate_gazetteer+official_site,https://sennrueti.ch/kontakt/,CH,UNANIMOUS,Gossau (6.4 km),https://ecovillage.org,FIXED_GLOBAL_SOURCE,https://ecovillage.org/project/herzfeld-sennrueti/,VERIFIED_COMMUNITY_SOURCE,search_index,site:ecovillage.org returned both 'Herzfeld Sennrueti' and 'oekodorf sennrueti' project pages,G1,7,2,S2; S3; S4,S2,"[{""url"":""https://sennrueti.ch/"",""rank"":1,""source_class"":""S4"",""platform_type"":""own website"",""independence_group"":""G1"",""confidence"":""HIGH"",""quality_score"":0.92,""verification"":""search_index"",""evidence"":""Official site""},{""url"":""https://sennrueti.ch/ueber-uns/"",""rank"":2,""source_class"":""S4"",""platform_type"":""own website"",""independence_group"":""G1"",""confidence"":""HIGH"",""quality_score"":0.74,""verification"":""search_index"",""evidence"":""About page with the 2008/2009 dates""},{""url"":""https://sennrueti.ch/english-summary/"",""rank"":4,""source_class"":""S4"",""platform_type"":""own website"",""independence_group"":""G1"",""confidence"":""MEDIUM"",""quality_score"":0.56,""verification"":""search_index"",""evidence"":""English summary - useful for cross-language checking""},{""url"":""https://ecovillage.org/project/herzfeld-sennrueti/"",""rank"":3,""source_class"":""S3"",""platform_type"":""directory listing"",""independence_group"":""G1"",""confidence"":""HIGH"",""quality_score"":0.62,""verification"":""search_index"",""evidence"":""Verified GEN project page""},{""url"":""https://ecovillage.org/project/oekodorf-sennrueti/"",""rank"":6,""source_class"":""S3"",""platform_type"":""directory listing"",""independence_group"":""G1"",""confidence"":""MEDIUM"",""quality_score"":0.46,""verification"":""search_index"",""evidence"":""Second GEN project page for the same community - same independence group""},{""url"":""https://www.relinfo.ch/lexikon/theosophie-und-esoterik/esoterik/gemeinschaft-herzfeld-sennrueti/"",""rank"":5,""source_class"":""S2"",""platform_type"":""other"",""independence_group"":""G2"",""confidence"":""MEDIUM"",""quality_score"":0.54,""verification"":""search_index"",""evidence"":""Relinfo (Swiss Protestant church information service) independent profile""},{""url"":""https://ecovillage.org"",""rank"":7,""source_class"":""S3"",""platform_type"":""directory listing"",""independence_group"":""G1"",""confidence"":""HIGH"",""quality_score"":0.1,""verification"":""fixed_global_source"",""evidence"":""Mandatory Global Ecovillage Network network-level seed, present on every row; not evidence that this community is GEN-registered - see gen_community_status""}]",search_index,,,,,COMPLETE,HIGH,no,,"Empty guest house found 2008; the Cooperative Oekodorf Sennrueti founded 2009 to finance it; GEN dates the holistic life concept to 2006. ~45 adults and ~25 children. Full GEN member. Two GEN project pages exist for the same community - the same source family, not two sources.",2026-08-28,1.0.0
IC062,Lebenstraumgemeinschaft Jahnishausen,51.273941,13.285410,Germany,FULL,,https://ltgj.de/ | https://ecovillage.org/project/lebenstraumgemeinschaft-jahnishausen/ | https://youth.europa.eu/volunteering/organisation/83097_bg | https://www.dezentrale-sachsen.de/anzeigen/lebenstraumgemeinschaft-jahnishausen/ | https://www.bettundbike.de/unterkunft/lebenstraumgemeinschaft-jahnishausen-1009748 | https://ecovillage.org,Lebenstraumgemeinschaft Jahnishausen,Lebenstraumgemeinschaft Jahnishausen,no,LebensTraum Gemeinschaft Jahnishausen; LTGJ; Gut Jahnishausen eG,SETTLEMENT,63,single_source_row,1,0.000,"51.273941,13.285410",SINGLE,51.273941,13.285410,HIGH,,DE,DEU,Saxony; Riesa; Jahnishausen; Jahnatalstrasse,HIGH,coordinate_gazetteer+official_site,https://ltgj.de/,DE,UNANIMOUS,Riesa (3.8 km),https://ecovillage.org,FIXED_GLOBAL_SOURCE,https://ecovillage.org/project/lebenstraumgemeinschaft-jahnishausen/,VERIFIED_COMMUNITY_SOURCE,search_index,"site:ecovillage.org returned 'Lebenstraumgemeinschaft Jahnishausen - Global Ecovillage Network' with the Jahnatalstr. 4a, 01594 Riesa address",G1,6,4,S2; S3; S4,S2,"[{""url"":""https://ltgj.de/"",""rank"":1,""source_class"":""S4"",""platform_type"":""own website"",""independence_group"":""G1"",""confidence"":""HIGH"",""quality_score"":0.92,""verification"":""search_index"",""evidence"":""Official site""},{""url"":""https://ecovillage.org/project/lebenstraumgemeinschaft-jahnishausen/"",""rank"":2,""source_class"":""S3"",""platform_type"":""directory listing"",""independence_group"":""G1"",""confidence"":""HIGH"",""quality_score"":0.62,""verification"":""search_index"",""evidence"":""Verified GEN project page with the postal address""},{""url"":""https://www.dezentrale-sachsen.de/anzeigen/lebenstraumgemeinschaft-jahnishausen/"",""rank"":4,""source_class"":""S3"",""platform_type"":""directory listing"",""independence_group"":""G2"",""confidence"":""MEDIUM"",""quality_score"":0.5,""verification"":""search_index"",""evidence"":""Dezentrale Sachsen regional network record""},{""url"":""https://youth.europa.eu/volunteering/organisation/83097_bg"",""rank"":3,""source_class"":""S2"",""platform_type"":""other"",""independence_group"":""G3"",""confidence"":""HIGH"",""quality_score"":0.58,""verification"":""search_index"",""evidence"":""European Youth Portal accreditation record""},{""url"":""https://www.bettundbike.de/unterkunft/lebenstraumgemeinschaft-jahnishausen-1009748"",""rank"":5,""source_class"":""S3"",""platform_type"":""booking or hosting"",""independence_group"":""G4"",""confidence"":""LOW"",""quality_score"":0.24,""verification"":""search_index"",""evidence"":""Bett+Bike accommodation record - site detail""},{""url"":""https://ecovillage.org"",""rank"":6,""source_class"":""S3"",""platform_type"":""directory listing"",""independence_group"":""G1"",""confidence"":""HIGH"",""quality_score"":0.1,""verification"":""fixed_global_source"",""evidence"":""Mandatory Global Ecovillage Network network-level seed, present on every row; not evidence that this community is GEN-registered - see gen_community_status""}]",search_index,,,,,COMPLETE,HIGH,no,,"Seven women bought the Jahnishausen manor estate in 2001 - an unusually precise, dated land-acquisition event. ~50 residents including 13 children (2025). All members are joint owners through the cooperative Gut Jahnishausen eG, a clean tenure record.",2026-08-28,1.0.0
IC063,Zonca Ecovillage Italy,46.057074,8.205941,Italy,FULL,,https://www.zonca.info/ | https://ecovillage.org/map/community/zonca-ecovillage-italy-2/ | https://voluntouring.org/2020/03/22/zonca-ecovillage-italy-call-for-volunteers/ | https://www.in-montagna.it/Zonca.php | https://www.habitante.it/ecovillaggi-in-italia-la-lista-delle-comunita-sostenibili-dove-vivere/ | https://ecovillage.org,Zonca Ecovillage Italy,Zonca Ecovillage Italy,no,Zonca; Zonca Ecovillage; Zonca Valle Antrona,SETTLEMENT,64,single_source_row,1,0.000,"46.057074,8.205941",SINGLE,46.057074,8.205941,HIGH,,IT,ITA,Piedmont; Verbano-Cusio-Ossola; Valle Antrona near Villadossola,HIGH,coordinate_gazetteer+official_site,https://www.zonca.info/,IT,MAJORITY,Domodossola (9.4 km),https://ecovillage.org,FIXED_GLOBAL_SOURCE,https://ecovillage.org/map/community/zonca-ecovillage-italy-2/,VERIFIED_COMMUNITY_SOURCE,search_index,"site:ecovillage.org returned 'Zonca Ecovillage Italy' as a /map/community/ entry, plus /project/zonca-ecovillage-italy-2/ and an /ecovillage/.../zonca-header/ sub-page",G1,6,4,S3; S4; S6,S3,"[{""url"":""https://www.zonca.info/"",""rank"":1,""source_class"":""S4"",""platform_type"":""own website"",""independence_group"":""G1"",""confidence"":""HIGH"",""quality_score"":0.88,""verification"":""search_index"",""evidence"":""Official site - volunteering, permaculture, village restoration""},{""url"":""https://ecovillage.org/map/community/zonca-ecovillage-italy-2/"",""rank"":2,""source_class"":""S3"",""platform_type"":""directory listing"",""independence_group"":""G1"",""confidence"":""HIGH"",""quality_score"":0.62,""verification"":""search_index"",""evidence"":""Verified GEN directory entry""},{""url"":""https://voluntouring.org/2020/03/22/zonca-ecovillage-italy-call-for-volunteers/"",""rank"":3,""source_class"":""S6"",""platform_type"":""other"",""independence_group"":""G2"",""confidence"":""MEDIUM"",""quality_score"":0.52,""verification"":""search_index"",""evidence"":""Dated 2020 call for volunteers describing the restoration need""},{""url"":""https://www.in-montagna.it/Zonca.php"",""rank"":4,""source_class"":""S6"",""platform_type"":""other"",""independence_group"":""G3"",""confidence"":""MEDIUM"",""quality_score"":0.5,""verification"":""search_index"",""evidence"":""Alpine topographic and historical account of Zonca and its depopulation""},{""url"":""https://www.habitante.it/ecovillaggi-in-italia-la-lista-delle-comunita-sostenibili-dove-vivere/"",""rank"":5,""source_class"":""S6"",""platform_type"":""other"",""independence_group"":""G4"",""confidence"":""LOW"",""quality_score"":0.26,""verification"":""search_index"",""evidence"":""National ecovillage listing - context only""},{""url"":""https://ecovillage.org"",""rank"":6,""source_class"":""S3"",""platform_type"":""directory listing"",""independence_group"":""G1"",""confidence"":""HIGH"",""quality_score"":0.1,""verification"":""fixed_global_source"",""evidence"":""Mandatory Global Ecovillage Network network-level seed, present on every row; not evidence that this community is GEN-registered - see gen_community_status""}]",search_index,,,,,COMPLETE,HIGH,no,,"Alpine hamlet at 650 m largely abandoned in the 1960s (once ~350 inhabitants), resettled informally; ~20 residents including 3 children; no access road until 2009 - a dated infrastructure event. GEN itself notes Zonca 'is not an official community', so settlement-type eligibility (E2) needs a coder decision. Building repair and roof collapse risk make dated visual evidence valuable.",2026-08-28,1.0.0
IC064,Suderbyn Permaculture Eco-village,57.573741,18.208672,Sweden,FULL,,https://suderbyn.se/ | https://european-social-fund-plus.ec.europa.eu/en/social-innovation-match/case-study/suderbyn-ecovillage | https://wiki.communitiesforfuture.org/wiki/Suderbyn_ecovillage | https://en.wikipedia.org/wiki/Suderbyn_Ecovillage | https://ecovillage.org/project/suderbyn-permaculture-eco-village/ | https://youth.europa.eu/volunteering/organisation/47526_en | https://suderbyn.se/greenskills/ | https://ecovillage.org/tim-report-on-suderbyn/ | https://ecovillage.org,Suderbyn Permaculture Eco-village,Suderbyn Permaculture Eco-village,no,Suderbyn; Suderbyn Ecovillage; RELEARN Suderbyn; Relearn,SETTLEMENT,65,single_source_row,1,0.000,"57.573741,18.208672",SINGLE,57.573741,18.208672,HIGH,,SE,SWE,Gotland County; south of Visby,HIGH,coordinate_gazetteer+official_site,https://suderbyn.se/,SE,UNANIMOUS,Visby (9.1 km),https://ecovillage.org,FIXED_GLOBAL_SOURCE,https://ecovillage.org/project/suderbyn-permaculture-eco-village/,VERIFIED_COMMUNITY_SOURCE,search_index,site:ecovillage.org returned 'Suderbyn Permaculture Eco-village - Global Ecovillage Network' project page plus a GEN field report,G1,9,5,S1; S2; S3; S4; S6,S1,"[{""url"":""https://suderbyn.se/"",""rank"":1,""source_class"":""S4"",""platform_type"":""own website"",""independence_group"":""G1"",""confidence"":""HIGH"",""quality_score"":0.92,""verification"":""search_index"",""evidence"":""Official site""},{""url"":""https://suderbyn.se/greenskills/"",""rank"":7,""source_class"":""S4"",""platform_type"":""own website"",""independence_group"":""G1"",""confidence"":""MEDIUM"",""quality_score"":0.54,""verification"":""search_index"",""evidence"":""Green Skills programme page""},{""url"":""https://european-social-fund-plus.ec.europa.eu/en/social-innovation-match/case-study/suderbyn-ecovillage"",""rank"":2,""source_class"":""S2"",""platform_type"":""other"",""independence_group"":""G2"",""confidence"":""HIGH"",""quality_score"":0.86,""verification"":""search_index"",""evidence"":""European Social Fund Plus case study - EU institutional source""},{""url"":""https://ecovillage.org/project/suderbyn-permaculture-eco-village/"",""rank"":5,""source_class"":""S3"",""platform_type"":""directory listing"",""independence_group"":""G1"",""confidence"":""HIGH"",""quality_score"":0.62,""verification"":""search_index"",""evidence"":""Verified GEN project page""},{""url"":""https://en.wikipedia.org/wiki/Suderbyn_Ecovillage"",""rank"":4,""source_class"":""S6"",""platform_type"":""other"",""independence_group"":""G3"",""confidence"":""HIGH"",""quality_score"":0.66,""verification"":""search_index"",""evidence"":""Encyclopaedic article with founding dates and population""},{""url"":""https://wiki.communitiesforfuture.org/wiki/Suderbyn_ecovillage"",""rank"":3,""source_class"":""S1"",""platform_type"":""other"",""independence_group"":""G4"",""confidence"":""HIGH"",""quality_score"":0.7,""verification"":""search_index"",""evidence"":""Communities for Future wiki (ECOLISE research network) entry""},{""url"":""https://youth.europa.eu/volunteering/organisation/47526_en"",""rank"":6,""source_class"":""S2"",""platform_type"":""other"",""independence_group"":""G5"",""confidence"":""HIGH"",""quality_score"":0.6,""verification"":""search_index"",""evidence"":""European Youth Portal accreditation for RELEARN Suderbyn""},{""url"":""https://ecovillage.org/tim-report-on-suderbyn/"",""rank"":8,""source_class"":""S3"",""platform_type"":""directory listing"",""independence_group"":""G1"",""confidence"":""MEDIUM"",""quality_score"":0.44,""verification"":""search_index"",""evidence"":""GEN field report on Suderbyn""},{""url"":""https://ecovillage.org"",""rank"":9,""source_class"":""S3"",""platform_type"":""directory listing"",""independence_group"":""G1"",""confidence"":""HIGH"",""quality_score"":0.1,""verification"":""fixed_global_source"",""evidence"":""Mandatory Global Ecovillage Network network-level seed, present on every row; not evidence that this community is GEN-registered - see gen_community_status""}]",search_index,,,,,COMPLETE,HIGH,no,,"NGO Relearn founded 2007; the ecovillage started officially July 2008. 15-30 people at a time. Reported to have built Sweden's largest permaculture forest and food garden - a specific, datable land intervention. Unusually well documented for a small community: an EU Social Fund case study, a European Youth Portal record, and an encyclopaedic article.",2026-08-28,1.0.0
IC065,DNS The Necessary Teacher Training,56.257160,8.278040,Denmark,FULL,,https://www.dns-tvind.dk/learn-more/ | https://en.wikipedia.org/wiki/Det_N%C3%B8dvendige_Seminarium | https://www.mastersportal.com/universities/1917/dns-international-teacher-training-college.html | https://www.linkedin.com/company/dns-the-necessary-teacher-training-college | https://ecovillage.org,DNS The Necessary Teacher Training,DNS The Necessary Teacher Training,no,DNS; Det Noedvendige Seminarium; The Necessary Teacher Training College; Tvind,SETTLEMENT,66,single_source_row,1,0.000,"56.257160,8.278040",SINGLE,56.257160,8.278040,HIGH,,DK,DNK,Central Denmark Region; Holstebro municipality; Ulfborg; Skorkaervej,HIGH,coordinate_gazetteer+official_site,https://www.dns-tvind.dk/learn-more/,DK,UNANIMOUS,Holstebro (23.8 km),https://ecovillage.org,FIXED_GLOBAL_SOURCE,,NOT_FOUND,search_index_negative,site:ecovillage.org returned no GEN page for DNS; results were EU education-policy documents and an encyclopaedic article. No GEN URL recorded.,G1,5,3,S2; S4; S6; S7,S2,"[{""url"":""https://www.dns-tvind.dk/learn-more/"",""rank"":1,""source_class"":""S4"",""platform_type"":""own website"",""independence_group"":""G1"",""confidence"":""HIGH"",""quality_score"":0.88,""verification"":""search_index"",""evidence"":""Official college site""},{""url"":""https://en.wikipedia.org/wiki/Det_N%C3%B8dvendige_Seminarium"",""rank"":2,""source_class"":""S6"",""platform_type"":""other"",""independence_group"":""G2"",""confidence"":""HIGH"",""quality_score"":0.66,""verification"":""search_index"",""evidence"":""Encyclopaedic article on the college and the Tvind context; percent-encoded Danish character""},{""url"":""https://www.mastersportal.com/universities/1917/dns-international-teacher-training-college.html"",""rank"":3,""source_class"":""S2"",""platform_type"":""other"",""independence_group"":""G3"",""confidence"":""MEDIUM"",""quality_score"":0.44,""verification"":""search_index"",""evidence"":""Higher-education directory record""},{""url"":""https://www.linkedin.com/company/dns-the-necessary-teacher-training-college"",""rank"":4,""source_class"":""S7"",""platform_type"":""LinkedIn"",""independence_group"":""G1"",""confidence"":""MEDIUM"",""quality_score"":0.24,""verification"":""search_index"",""evidence"":""Organisation page; expect BLOCKED to automated reading""},{""url"":""https://ecovillage.org"",""rank"":5,""source_class"":""S3"",""platform_type"":""directory listing"",""independence_group"":""G1"",""confidence"":""HIGH"",""quality_score"":0.1,""verification"":""fixed_global_source"",""evidence"":""Mandatory Global Ecovillage Network network-level seed, present on every row; not evidence that this community is GEN-registered - see gen_community_status""}]",search_index,,,,,COMPLETE,HIGH,no,,Founded 1 September 1972; part of the Tvind school complex at Ulfborg. A teacher-training college run by consensus with students and teachers together rather than a residential ecovillage - settlement-type eligibility (E2) needs a coder decision. Not GEN-listed.,2026-08-28,1.0.0
IC066,Bhakti Tirtha Dhama,49.809769,29.514843,Ukraine,FULL,,https://ecovillage.org/project/bhakti-tirtha-dhama/impact-assessment | https://ecovillage.org/gen_country/ukraine/ | https://ecovillage.org,Bhakti Tirtha Dhama,Bhakti Tirtha Dhama,no,Bhakti Tirtha Dhama; Bhakti Tirtha Dham; Mali Lysivtsi,SETTLEMENT,67,single_source_row,1,0.000,"49.809769,29.514843",SINGLE,49.809769,29.514843,HIGH,,UA,UKR,Kyiv Oblast; village of Mali Lysivtsi (~160 km from Kyiv),HIGH,coordinate_gazetteer+GEN_profile,https://ecovillage.org/project/bhakti-tirtha-dhama/impact-assessment,UA,UNANIMOUS,Skvyra (13.6 km),https://ecovillage.org,FIXED_GLOBAL_SOURCE,https://ecovillage.org/project/bhakti-tirtha-dhama/impact-assessment,VERIFIED_COMMUNITY_SOURCE_SUBPAGE_ONLY,search_index,site:ecovillage.org returned the GEN impact-assessment sub-page for Bhakti Tirtha Dhama. The parent project URL was not returned by search and is NOT constructed; the sub-page is recorded exactly as found.,G1,3,1,S3,S3,"[{""url"":""https://ecovillage.org/project/bhakti-tirtha-dhama/impact-assessment"",""rank"":1,""source_class"":""S3"",""platform_type"":""directory listing"",""independence_group"":""G1"",""confidence"":""MEDIUM"",""quality_score"":0.6,""verification"":""search_index"",""evidence"":""GEN impact-assessment sub-page - the only GEN URL search returned""},{""url"":""https://ecovillage.org/gen_country/ukraine/"",""rank"":2,""source_class"":""S3"",""platform_type"":""directory listing"",""independence_group"":""G1"",""confidence"":""MEDIUM"",""quality_score"":0.32,""verification"":""search_index"",""evidence"":""GEN Ukraine index - route to the parent listing""},{""url"":""https://ecovillage.org"",""rank"":3,""source_class"":""S3"",""platform_type"":""directory listing"",""independence_group"":""G1"",""confidence"":""HIGH"",""quality_score"":0.1,""verification"":""fixed_global_source"",""evidence"":""Mandatory Global Ecovillage Network network-level seed, present on every row; not evidence that this community is GEN-registered - see gen_community_status""}]",search_index,,,,,COMPLETE,MEDIUM,yes,gen_page_qualified; single_independence_group; identity_confidence_below_high,Vaishnava community in Kyiv Oblast named after Bhakti Tirtha Swami (John Edwin Favors); since 2014 its 'Mother.Fund' works in cow protection; publishes translations on Vedic agriculture and community organisation. General web search failed transiently and should be repeated. Note the ongoing war: site status and accessibility need checking before coding.,2026-08-28,1.0.0
IC067,Ecovillage Torri Superiore,43.840361,7.551118,Italy,FULL,,https://www.torri-superiore.org/en/ecovillage/about-us/ | https://www.torri-superiore.org/en/home/ | https://ecovillage.org/project/torri-superiore/ | https://italy.viaggiemiraggi.org/travels/ecovillaggio-torri-superiore-an-italian-experience/ | https://www.facebook.com/EcovillaggioTorriSuperiore/ | https://ecovillage.org,Ecovillage Torri Superiore,Ecovillage Torri Superiore,no,Torri Superiore; Ecovillaggio Torri Superiore; Associazione Culturale Torri Superiore,SETTLEMENT,68,single_source_row,1,0.000,"43.840361,7.551118",SINGLE,43.840361,7.551118,HIGH,,IT,ITA,"Liguria; Imperia; Ventimiglia; Torri Superiore, Bevera valley",HIGH,coordinate_gazetteer+official_site,https://www.torri-superiore.org/en/ecovillage/about-us/,IT,SPLIT,Ventimiglia (7.3 km),https://ecovillage.org,FIXED_GLOBAL_SOURCE,https://ecovillage.org/project/torri-superiore/,VERIFIED_COMMUNITY_SOURCE,search_index,site:ecovillage.org returned 'Ecovillage Torri Superiore - Global Ecovillage Network' project page,G1,6,2,S3; S4; S6; S7,S3,"[{""url"":""https://www.torri-superiore.org/en/ecovillage/about-us/"",""rank"":1,""source_class"":""S4"",""platform_type"":""own website"",""independence_group"":""G1"",""confidence"":""HIGH"",""quality_score"":0.92,""verification"":""search_index"",""evidence"":""Official about page with the village and association history""},{""url"":""https://www.torri-superiore.org/en/home/"",""rank"":2,""source_class"":""S4"",""platform_type"":""own website"",""independence_group"":""G1"",""confidence"":""HIGH"",""quality_score"":0.74,""verification"":""search_index"",""evidence"":""Official home page""},{""url"":""https://ecovillage.org/project/torri-superiore/"",""rank"":3,""source_class"":""S3"",""platform_type"":""directory listing"",""independence_group"":""G1"",""confidence"":""HIGH"",""quality_score"":0.64,""verification"":""search_index"",""evidence"":""Verified GEN project page with the 1989 founding and resident count""},{""url"":""https://italy.viaggiemiraggi.org/travels/ecovillaggio-torri-superiore-an-italian-experience/"",""rank"":4,""source_class"":""S6"",""platform_type"":""other"",""independence_group"":""G2"",""confidence"":""MEDIUM"",""quality_score"":0.46,""verification"":""search_index"",""evidence"":""Responsible-tourism cooperative account""},{""url"":""https://www.facebook.com/EcovillaggioTorriSuperiore/"",""rank"":5,""source_class"":""S7"",""platform_type"":""Facebook"",""independence_group"":""G1"",""confidence"":""MEDIUM"",""quality_score"":0.3,""verification"":""search_index"",""evidence"":""Official page""},{""url"":""https://ecovillage.org"",""rank"":6,""source_class"":""S3"",""platform_type"":""directory listing"",""independence_group"":""G1"",""confidence"":""HIGH"",""quality_score"":0.1,""verification"":""fixed_global_source"",""evidence"":""Mandatory Global Ecovillage Network network-level seed, present on every row; not evidence that this community is GEN-registered - see gen_community_status""}]",search_index,,,,,COMPLETE,HIGH,yes,gazetteer_split,"COUNTRY CONFIRMED against a border-ambiguous coordinate: the gazetteer split IT/FR/MC; the village is 11 km from Ventimiglia and 16 km from the French border, in ITALY. A 13th/14th-century single-building village of 162 rooms; the cultural association was founded 1989 to restore it; ~20 residents. The restoration itself is a long, dated, physically visible intervention.",2026-08-28,1.0.0
IC068,Freedom Village Georgia,33.360134,-82.863336,United States,FULL,,https://ecovillage.org/project/freedom-village-georgia/ | https://www.gen-us.net/ecovillages/freedom-village-georgia/ | https://www.ic.org/directory/freedom-village/ | https://ecovillage.org,Freedom Village Georgia,Freedom Village Georgia,no,Freedom Village; Freedom Village Georgia; Freedom Nation,SETTLEMENT,69,single_source_row,1,0.000,"33.360134,-82.863336",SINGLE,33.360134,-82.863336,HIGH,,US,USA,"Georgia; central Georgia (between Atlanta, Augusta, Macon, Savannah and Athens)",HIGH,coordinate_gazetteer+GEN_profile,https://ecovillage.org/project/freedom-village-georgia/,US,UNANIMOUS,Milledgeville (46.3 km),https://ecovillage.org,FIXED_GLOBAL_SOURCE,https://ecovillage.org/project/freedom-village-georgia/,VERIFIED_COMMUNITY_SOURCE,search_index,site:ecovillage.org returned 'Freedom Village Georgia - Georgia's First Smart Ecovillage' project page; GEN-US also carries a listing,G1,4,2,S3,S3,"[{""url"":""https://ecovillage.org/project/freedom-village-georgia/"",""rank"":1,""source_class"":""S3"",""platform_type"":""directory listing"",""independence_group"":""G1"",""confidence"":""HIGH"",""quality_score"":0.66,""verification"":""search_index"",""evidence"":""Verified GEN project page with acreage and programme""},{""url"":""https://www.gen-us.net/ecovillages/freedom-village-georgia/"",""rank"":2,""source_class"":""S3"",""platform_type"":""directory listing"",""independence_group"":""G1"",""confidence"":""HIGH"",""quality_score"":0.52,""verification"":""search_index"",""evidence"":""GEN-US national listing - same GEN source family""},{""url"":""https://www.ic.org/directory/freedom-village/"",""rank"":3,""source_class"":""S3"",""platform_type"":""directory listing"",""independence_group"":""G2"",""confidence"":""MEDIUM"",""quality_score"":0.48,""verification"":""search_index"",""evidence"":""Foundation for Intentional Community directory entry""},{""url"":""https://ecovillage.org"",""rank"":4,""source_class"":""S3"",""platform_type"":""directory listing"",""independence_group"":""G1"",""confidence"":""HIGH"",""quality_score"":0.1,""verification"":""fixed_global_source"",""evidence"":""Mandatory Global Ecovillage Network network-level seed, present on every row; not evidence that this community is GEN-registered - see gen_community_status""}]",search_index,,,,,COMPLETE,MEDIUM,yes,identity_confidence_below_high,"205 acres; planned 60 tiny homes, makerspace complex, 30-acre communal farm; co-founder Faruq Hunter. Much of the published description is PLANNED rather than built - activity verification (register block D) and E5 'active currently' need care, and the satellite record may show little construction.",2026-08-28,1.0.0
IC069,Hearthstone Village,49.781734,-124.337462,Canada,FULL,,https://www.prpeak.com/in-the-community/hearthstone-village-begins-building-a-community-south-of-powell-river-3413161 | https://ecovillage.org/project/hearthstone-village/ | https://www.prpeak.com/in-the-community/cohousing-developers-seek-farmland-in-powell-river-area-3407373 | https://cohousing.ca/directory/communities/hearthstone-village-cooperative/ | https://www.ic.org/directory/hearthstone-village/ | https://www.hipcamp.com/en-CA/land/british-columbia-hearthstone-village-ozxho7q0 | https://ecovillage.org,Hearthstone Village,Hearthstone Village,no,Hearthstone Village; Hearthstone Village Cooperative,SETTLEMENT,70,single_source_row,1,0.000,"49.781734,-124.337462",SINGLE,49.781734,-124.337462,HIGH,,CA,CAN,British Columbia; qathet Regional District; ~20 min south of Powell River,HIGH,coordinate_gazetteer+GEN_profile,https://ecovillage.org/project/hearthstone-village/,CA,UNANIMOUS,Courtenay (48.3 km),https://ecovillage.org,FIXED_GLOBAL_SOURCE,https://ecovillage.org/project/hearthstone-village/,VERIFIED_COMMUNITY_SOURCE,search_index,site:ecovillage.org returned 'Hearthstone Village - Global Ecovillage Network' at /project/ and /ecovillage/ paths,G1,7,4,S3; S6,S3,"[{""url"":""https://ecovillage.org/project/hearthstone-village/"",""rank"":2,""source_class"":""S3"",""platform_type"":""directory listing"",""independence_group"":""G1"",""confidence"":""HIGH"",""quality_score"":0.68,""verification"":""search_index"",""evidence"":""Verified GEN project page with the precise move-in date""},{""url"":""https://www.prpeak.com/in-the-community/hearthstone-village-begins-building-a-community-south-of-powell-river-3413161"",""rank"":1,""source_class"":""S6"",""platform_type"":""news outlet"",""independence_group"":""G2"",""confidence"":""HIGH"",""quality_score"":0.74,""verification"":""search_index"",""evidence"":""Powell River Peak, dated report on the build - independent local journalism""},{""url"":""https://www.prpeak.com/in-the-community/cohousing-developers-seek-farmland-in-powell-river-area-3407373"",""rank"":3,""source_class"":""S6"",""platform_type"":""news outlet"",""independence_group"":""G2"",""confidence"":""HIGH"",""quality_score"":0.62,""verification"":""search_index"",""evidence"":""Earlier Peak report on the land search - dates the pre-acquisition phase""},{""url"":""https://cohousing.ca/directory/communities/hearthstone-village-cooperative/"",""rank"":4,""source_class"":""S3"",""platform_type"":""directory listing"",""independence_group"":""G3"",""confidence"":""HIGH"",""quality_score"":0.56,""verification"":""search_index"",""evidence"":""Canadian Cohousing Network directory record""},{""url"":""https://www.ic.org/directory/hearthstone-village/"",""rank"":5,""source_class"":""S3"",""platform_type"":""directory listing"",""independence_group"":""G4"",""confidence"":""MEDIUM"",""quality_score"":0.44,""verification"":""search_index"",""evidence"":""Foundation for Intentional Community entry""},{""url"":""https://www.hipcamp.com/en-CA/land/british-columbia-hearthstone-village-ozxho7q0"",""rank"":6,""source_class"":""S3"",""platform_type"":""booking or hosting"",""independence_group"":""G1"",""confidence"":""MEDIUM"",""quality_score"":0.34,""verification"":""search_index"",""evidence"":""Hipcamp land listing describing the ponds and site features""},{""url"":""https://ecovillage.org"",""rank"":7,""source_class"":""S3"",""platform_type"":""directory listing"",""independence_group"":""G1"",""confidence"":""HIGH"",""quality_score"":0.1,""verification"":""fixed_global_source"",""evidence"":""Mandatory Global Ecovillage Network network-level seed, present on every row; not evidence that this community is GEN-registered - see gen_community_status""}]",search_index,,,,,COMPLETE,HIGH,no,,Group formed 2015; purchased a 42-acre parcel and moved in 8 JANUARY 2019 - an exceptionally precise dated land-acquisition and first-residence event (register C2/C3). Incorporated as a housing cooperative. Three ponds on site; local newspaper covered the purchase and build.,2026-08-28,1.0.0
IC070,Windekind Commons Vermont Cohousing,44.315808,-72.941782,United States,FULL,,https://windekindcommons.com/ | https://windekind.org/faqs | https://www.sevendaysvt.com/news/a-huntington-couple-plan-to-turn-their-land-into-a-cohousing-community-4585095/ | https://www.cohousing.org/directory/windekind-commons-cohousing/ | https://www.ic.org/directory/windekind-commons/ | https://ecovillage.org,Windekind Commons Vermont Cohousing,Windekind Commons Vermont Cohousing,no,Windekind Commons; The Commons at Windekind; Windekind Commons Vermont Cohousing,SETTLEMENT,71,single_source_row,1,0.000,"44.315808,-72.941782",SINGLE,44.315808,-72.941782,HIGH,,US,USA,Vermont; Chittenden County; Huntington,HIGH,coordinate_gazetteer+official_site,https://windekind.org/faqs,US,UNANIMOUS,South Burlington (24.8 km),https://ecovillage.org,FIXED_GLOBAL_SOURCE,,NOT_FOUND,search_index_negative,"site:ecovillage.org returned only GEN index, impact-assessment and resilience-tracker pages; no community page URL for Windekind was returned. No GEN URL recorded.",G1,6,4,S3; S4; S6,S3,"[{""url"":""https://windekindcommons.com/"",""rank"":1,""source_class"":""S4"",""platform_type"":""own website"",""independence_group"":""G1"",""confidence"":""HIGH"",""quality_score"":0.88,""verification"":""search_index"",""evidence"":""Official site""},{""url"":""https://windekind.org/faqs"",""rank"":2,""source_class"":""S4"",""platform_type"":""secondary or former website"",""independence_group"":""G1"",""confidence"":""HIGH"",""quality_score"":0.72,""verification"":""search_index"",""evidence"":""Second domain FAQ with tenure and acreage detail""},{""url"":""https://www.cohousing.org/directory/windekind-commons-cohousing/"",""rank"":4,""source_class"":""S3"",""platform_type"":""directory listing"",""independence_group"":""G2"",""confidence"":""HIGH"",""quality_score"":0.58,""verification"":""search_index"",""evidence"":""Cohousing Association of the US directory record""},{""url"":""https://www.sevendaysvt.com/news/a-huntington-couple-plan-to-turn-their-land-into-a-cohousing-community-4585095/"",""rank"":3,""source_class"":""S6"",""platform_type"":""news outlet"",""independence_group"":""G3"",""confidence"":""HIGH"",""quality_score"":0.68,""verification"":""search_index"",""evidence"":""Seven Days Vermont feature - dated independent journalism on the land conversion""},{""url"":""https://www.ic.org/directory/windekind-commons/"",""rank"":5,""source_class"":""S3"",""platform_type"":""directory listing"",""independence_group"":""G4"",""confidence"":""MEDIUM"",""quality_score"":0.42,""verification"":""search_index"",""evidence"":""Foundation for Intentional Community entry""},{""url"":""https://ecovillage.org"",""rank"":6,""source_class"":""S3"",""platform_type"":""directory listing"",""independence_group"":""G1"",""confidence"":""HIGH"",""quality_score"":0.1,""verification"":""fixed_global_source"",""evidence"":""Mandatory Global Ecovillage Network network-level seed, present on every row; not evidence that this community is GEN-registered - see gen_community_status""}]",search_index,,,,,COMPLETE,HIGH,no,,"ADMIN CORRECTION: located in HUNTINGTON, Vermont (~35-40 min from Burlington), not Middlesex. 150+ acres; nine parcels each of about one acre with ~131 acres held in common; an LLC, membership by building on a parcel. As of late 2025, 5 homes built and 3 under construction - a young, partly built site.",2026-08-28,1.0.0
IC071,HawaiiSPACE,19.408572,-154.927618,United States,FULL,,https://ecovillage.org/ecovillage/seaview-performing-arts-center/ | https://www.gen-us.net/ecovillages/hawaiispace/ | https://www.hawaiiecoliving.com/intentional-communities-hawaii/ | https://ecovillage.org,HawaiiSPACE,HawaiiSPACE,no,HawaiiSPACE; SPACE; Seaview Performing Arts Center for Education; HICCUP,SETTLEMENT,72,single_source_row,1,0.000,"19.408572,-154.927618",SINGLE,19.408572,-154.927618,HIGH,,US,USA,Hawaii; Hawaii County; Puna district; Seaview/Kalapana area,HIGH,coordinate_gazetteer+GEN_profile,https://ecovillage.org/ecovillage/seaview-performing-arts-center/,US,UNANIMOUS,Hilo (39.6 km),https://ecovillage.org,FIXED_GLOBAL_SOURCE,https://ecovillage.org/ecovillage/seaview-performing-arts-center/,VERIFIED_COMMUNITY_SOURCE,search_index,"site:ecovillage.org returned 'HawaiiSPACE - Global Ecovillage Network' under the slug /ecovillage/seaview-performing-arts-center/ - the GEN slug does not resemble the community name, a clear demonstration of why GEN URLs must be found rather than constructed",G1,4,2,S3,S3,"[{""url"":""https://ecovillage.org/ecovillage/seaview-performing-arts-center/"",""rank"":1,""source_class"":""S3"",""platform_type"":""directory listing"",""independence_group"":""G1"",""confidence"":""HIGH"",""quality_score"":0.7,""verification"":""search_index"",""evidence"":""Verified GEN community page with the 1987 purchase and 2007 opening""},{""url"":""https://www.gen-us.net/ecovillages/hawaiispace/"",""rank"":2,""source_class"":""S3"",""platform_type"":""directory listing"",""independence_group"":""G1"",""confidence"":""HIGH"",""quality_score"":0.54,""verification"":""search_index"",""evidence"":""GEN-US listing - same GEN source family""},{""url"":""https://www.hawaiiecoliving.com/intentional-communities-hawaii/"",""rank"":3,""source_class"":""S3"",""platform_type"":""directory listing"",""independence_group"":""G2"",""confidence"":""LOW"",""quality_score"":0.28,""verification"":""search_index"",""evidence"":""Regional intentional-communities index""},{""url"":""https://ecovillage.org"",""rank"":4,""source_class"":""S3"",""platform_type"":""directory listing"",""independence_group"":""G1"",""confidence"":""HIGH"",""quality_score"":0.1,""verification"":""fixed_global_source"",""evidence"":""Mandatory Global Ecovillage Network network-level seed, present on every row; not evidence that this community is GEN-registered - see gen_community_status""}]",search_index,,,,,COMPLETE,HIGH,no,,"12-acre kipuka bought 1987 by ~35 founding members (largely jugglers and performing artists); the SPACE performing-arts facility opened November 2007; ~17 adults and 6 children plus volunteers, with an organic farm. Note the Puna district's 2018 lava flows - land-cover change here has a large non-community driver that the satellite analysis must account for.",2026-08-28,1.0.0
IC072,Greenbriar Community School,30.249293,-97.346087,United States,FULL,,https://greenbriarschool.org/about-us/ | https://greenbriarschool.org/ | https://ecovillage.org/project/greenbriar-community-school/ | https://www.ic.org/directory/community/greenbriar/ | https://find.coop/organizations/21758-greenbriar | https://ecovillage.org,Greenbriar Community School,Greenbriar Community School,no,Greenbriar; Greenbriar Community School; Marsalom Inc.,SETTLEMENT,73,single_source_row,1,0.000,"30.249293,-97.346087",SINGLE,30.249293,-97.346087,HIGH,,US,USA,Texas; Bastrop County; between Elgin and Bastrop; Old Sayers Rd,HIGH,coordinate_gazetteer+official_site,https://greenbriarschool.org/about-us/,US,UNANIMOUS,Pflugerville (33.7 km),https://ecovillage.org,FIXED_GLOBAL_SOURCE,https://ecovillage.org/project/greenbriar-community-school/,VERIFIED_COMMUNITY_SOURCE,search_index,site:ecovillage.org returned 'Greenbriar Community School - Global Ecovillage Network' project page,G1,6,3,S3; S4,S3,"[{""url"":""https://greenbriarschool.org/about-us/"",""rank"":1,""source_class"":""S4"",""platform_type"":""own website"",""independence_group"":""G1"",""confidence"":""HIGH"",""quality_score"":0.9,""verification"":""search_index"",""evidence"":""Official about page with the 1969 date and acreage""},{""url"":""https://greenbriarschool.org/"",""rank"":2,""source_class"":""S4"",""platform_type"":""own website"",""independence_group"":""G1"",""confidence"":""HIGH"",""quality_score"":0.74,""verification"":""search_index"",""evidence"":""Official site""},{""url"":""https://ecovillage.org/project/greenbriar-community-school/"",""rank"":3,""source_class"":""S3"",""platform_type"":""directory listing"",""independence_group"":""G1"",""confidence"":""HIGH"",""quality_score"":0.62,""verification"":""search_index"",""evidence"":""Verified GEN project page""},{""url"":""https://www.ic.org/directory/community/greenbriar/"",""rank"":4,""source_class"":""S3"",""platform_type"":""directory listing"",""independence_group"":""G2"",""confidence"":""MEDIUM"",""quality_score"":0.48,""verification"":""search_index"",""evidence"":""Foundation for Intentional Community entry""},{""url"":""https://find.coop/organizations/21758-greenbriar"",""rank"":5,""source_class"":""S3"",""platform_type"":""directory listing"",""independence_group"":""G3"",""confidence"":""MEDIUM"",""quality_score"":0.34,""verification"":""search_index"",""evidence"":""Find.coop cooperative-economy record""},{""url"":""https://ecovillage.org"",""rank"":6,""source_class"":""S3"",""platform_type"":""directory listing"",""independence_group"":""G1"",""confidence"":""HIGH"",""quality_score"":0.1,""verification"":""fixed_global_source"",""evidence"":""Mandatory Global Ecovillage Network network-level seed, present on every row; not evidence that this community is GEN-registered - see gen_community_status""}]",search_index,,,,,COMPLETE,HIGH,no,,"Established 1969 out of the free-school movement; 170-174 wooded acres east of Austin; a 501(c)(3) school supported by a surrounding intentional community; land-stewardship programme covering permaculture, natural building, land management and native/invasive species. Legal entity Marsalom Inc. is a distinct search string.",2026-08-28,1.0.0
IC073,White Hawk Ecovillage,42.362704,-76.493173,United States,FULL,,https://whitehawkecovillage.org/ | https://whitehawkecovillage.org/land/ | https://ccetompkins.org/your-home/green-building/ithaca-area-green-buildings/white-hawk-ecovillage | https://www.ithaca.com/news/local_news/white-hawk-close-to-landing/article_25e45abd-5625-5824-8e33-65bf72304b02.html | https://ecovillage.org/project/white-hawk-ecovillage | https://www.cohousing.org/directory/white-hawk-ecovillage-2/ | https://ecovillage.org,White Hawk Ecovillage,White Hawk Ecovillage,no,White Hawk; White Hawk Ecovillage; Whitehawk,SETTLEMENT,74,single_source_row,1,0.000,"42.362704,-76.493173",SINGLE,42.362704,-76.493173,HIGH,,US,USA,New York; Tompkins County; Danby (~6 miles south of Ithaca),HIGH,coordinate_gazetteer+official_site,https://whitehawkecovillage.org/land/,US,UNANIMOUS,Ithaca (8.7 km),https://ecovillage.org,FIXED_GLOBAL_SOURCE,https://ecovillage.org/project/white-hawk-ecovillage,VERIFIED_COMMUNITY_SOURCE,search_index,site:ecovillage.org returned 'White Hawk Ecovillage - Global Ecovillage Network' project page,G1,7,4,S2; S3; S4; S6,S2,"[{""url"":""https://whitehawkecovillage.org/"",""rank"":1,""source_class"":""S4"",""platform_type"":""own website"",""independence_group"":""G1"",""confidence"":""HIGH"",""quality_score"":0.9,""verification"":""search_index"",""evidence"":""Official site""},{""url"":""https://whitehawkecovillage.org/land/"",""rank"":2,""source_class"":""S4"",""platform_type"":""own website"",""independence_group"":""G1"",""confidence"":""HIGH"",""quality_score"":0.82,""verification"":""search_index"",""evidence"":""Land page - directly relevant to the land-use coding""},{""url"":""https://ccetompkins.org/your-home/green-building/ithaca-area-green-buildings/white-hawk-ecovillage"",""rank"":3,""source_class"":""S2"",""platform_type"":""other"",""independence_group"":""G2"",""confidence"":""HIGH"",""quality_score"":0.8,""verification"":""search_index"",""evidence"":""Cornell Cooperative Extension green-building record - institutional and technical""},{""url"":""https://ecovillage.org/project/white-hawk-ecovillage"",""rank"":5,""source_class"":""S3"",""platform_type"":""directory listing"",""independence_group"":""G1"",""confidence"":""HIGH"",""quality_score"":0.62,""verification"":""search_index"",""evidence"":""Verified GEN project page with build progress""},{""url"":""https://www.ithaca.com/news/local_news/white-hawk-close-to-landing/article_25e45abd-5625-5824-8e33-65bf72304b02.html"",""rank"":4,""source_class"":""S6"",""platform_type"":""news outlet"",""independence_group"":""G3"",""confidence"":""HIGH"",""quality_score"":0.64,""verification"":""search_index"",""evidence"":""Ithaca Times report - dated local journalism""},{""url"":""https://www.cohousing.org/directory/white-hawk-ecovillage-2/"",""rank"":6,""source_class"":""S3"",""platform_type"":""directory listing"",""independence_group"":""G4"",""confidence"":""MEDIUM"",""quality_score"":0.42,""verification"":""search_index"",""evidence"":""Cohousing Association directory record""},{""url"":""https://ecovillage.org"",""rank"":7,""source_class"":""S3"",""platform_type"":""directory listing"",""independence_group"":""G1"",""confidence"":""HIGH"",""quality_score"":0.1,""verification"":""fixed_global_source"",""evidence"":""Mandatory Global Ecovillage Network network-level seed, present on every row; not evidence that this community is GEN-registered - see gen_community_status""}]",search_index,,,,,COMPLETE,HIGH,no,,"120 acres in Danby, six miles south of Ithaca; 30 planned homesites of which 18 built as of autumn 2024; lot-development model with green-building parameters; membership paused December 2024. Cornell Cooperative Extension documents the green-building features independently - a rare technical external source.",2026-08-28,1.0.0
IC074,The Farm,35.479582,-87.328645,United States,FULL,,https://thefarmcommunity.com/ | https://en.wikipedia.org/wiki/The_Farm_(Tennessee) | https://en.wikipedia.org/wiki/Ecovillage_Training_Center | https://ecovillage.org/project/thefarm | https://www.ic.org/directory/the-farm/ | https://ecovillage.org/ecovillage/summertown-gardens-summertown-tennessee/ | https://ecovillage.org,The Farm,The Farm,no,The Farm; The Farm Community; The Farm Tennessee; Ecovillage Training Center,SETTLEMENT,75,single_source_row,1,0.000,"35.479582,-87.328645",SINGLE,35.479582,-87.328645,HIGH,,US,USA,Tennessee; Lewis County; near Summertown,HIGH,coordinate_gazetteer+official_site,https://thefarmcommunity.com/,US,UNANIMOUS,Columbia (30.5 km),https://ecovillage.org,FIXED_GLOBAL_SOURCE,https://ecovillage.org/project/thefarm,VERIFIED_COMMUNITY_SOURCE,search_index,site:ecovillage.org returned 'The Farm - Global Ecovillage Network' at /project/thefarm,G1,7,3,S3; S4; S6,S3,"[{""url"":""https://thefarmcommunity.com/"",""rank"":1,""source_class"":""S4"",""platform_type"":""own website"",""independence_group"":""G1"",""confidence"":""HIGH"",""quality_score"":0.92,""verification"":""search_index"",""evidence"":""Official community site""},{""url"":""https://en.wikipedia.org/wiki/The_Farm_(Tennessee)"",""rank"":2,""source_class"":""S6"",""platform_type"":""other"",""independence_group"":""G2"",""confidence"":""HIGH"",""quality_score"":0.74,""verification"":""search_index"",""evidence"":""Encyclopaedic article, heavily referenced; parentheses in path - URL-fidelity test case""},{""url"":""https://en.wikipedia.org/wiki/Ecovillage_Training_Center"",""rank"":3,""source_class"":""S6"",""platform_type"":""other"",""independence_group"":""G2"",""confidence"":""HIGH"",""quality_score"":0.62,""verification"":""search_index"",""evidence"":""Encyclopaedic article on the on-site training centre, founded July 1994""},{""url"":""https://ecovillage.org/project/thefarm"",""rank"":4,""source_class"":""S3"",""platform_type"":""directory listing"",""independence_group"":""G1"",""confidence"":""HIGH"",""quality_score"":0.58,""verification"":""search_index"",""evidence"":""Verified GEN project page""},{""url"":""https://www.ic.org/directory/the-farm/"",""rank"":5,""source_class"":""S3"",""platform_type"":""directory listing"",""independence_group"":""G3"",""confidence"":""MEDIUM"",""quality_score"":0.48,""verification"":""search_index"",""evidence"":""Foundation for Intentional Community entry""},{""url"":""https://ecovillage.org/ecovillage/summertown-gardens-summertown-tennessee/"",""rank"":6,""source_class"":""S3"",""platform_type"":""directory listing"",""independence_group"":""G1"",""confidence"":""MEDIUM"",""quality_score"":0.38,""verification"":""search_index"",""evidence"":""GEN page for Summertown Gardens at the same locality - check whether it is the same land""},{""url"":""https://ecovillage.org"",""rank"":7,""source_class"":""S3"",""platform_type"":""directory listing"",""independence_group"":""G1"",""confidence"":""HIGH"",""quality_score"":0.1,""verification"":""fixed_global_source"",""evidence"":""Mandatory Global Ecovillage Network network-level seed, present on every row; not evidence that this community is GEN-registered - see gen_community_status""}]",search_index,,,,,COMPLETE,HIGH,no,,"Founded 1971 by Stephen Gaskin and ~320 people arriving in a bus caravan; 1,750 acres - among the largest and longest-running intentional communities in the US. The Ecovillage Training Center (Albert Bates, from July 1994) is on site and is separately documented. Very large expected academic yield.",2026-08-28,1.0.0
IC075,Camphill Village Minnesota,45.848562,-94.911001,United States,FULL,,https://www.camphillmn.org/aboutus | https://mn.gov/adresources/search/955ba859-cf1d-588a-8dee-260f9708d3e4/ | https://ecovillage.org/ecovillage/camphill-village-minnesota/ | https://carefarmingnetwork.org/directory-member_farms/listing/camphill-village-minnesota/ | https://www.ic.org/directory/camphill-village-minnesota-inc/ | https://ecovillage.org,Camphill Village Minnesota,Camphill Village Minnesota,no,Camphill Village Minnesota; CVM; Camphill Village,SETTLEMENT,76,single_source_row,1,0.000,"45.848562,-94.911001",SINGLE,45.848562,-94.911001,HIGH,,US,USA,Minnesota; Stearns County; ~10 miles north of Sauk Centre,HIGH,coordinate_gazetteer+official_site,https://www.camphillmn.org/aboutus,US,UNANIMOUS,Sartell (60.2 km),https://ecovillage.org,FIXED_GLOBAL_SOURCE,https://ecovillage.org/ecovillage/camphill-village-minnesota/,VERIFIED_COMMUNITY_SOURCE,search_index,site:ecovillage.org returned 'Camphill Village Minnesota - Global Ecovillage Network' community page,G1,6,4,S2; S3; S4,S2,"[{""url"":""https://www.camphillmn.org/aboutus"",""rank"":1,""source_class"":""S4"",""platform_type"":""own website"",""independence_group"":""G1"",""confidence"":""HIGH"",""quality_score"":0.9,""verification"":""search_index"",""evidence"":""Official about page with the 500-acre biodynamic farm description""},{""url"":""https://ecovillage.org/ecovillage/camphill-village-minnesota/"",""rank"":3,""source_class"":""S3"",""platform_type"":""directory listing"",""independence_group"":""G1"",""confidence"":""HIGH"",""quality_score"":0.64,""verification"":""search_index"",""evidence"":""Verified GEN community page giving 525 acres""},{""url"":""https://mn.gov/adresources/search/955ba859-cf1d-588a-8dee-260f9708d3e4/"",""rank"":2,""source_class"":""S2"",""platform_type"":""other"",""independence_group"":""G2"",""confidence"":""HIGH"",""quality_score"":0.72,""verification"":""search_index"",""evidence"":""Minnesota state disability-services register record - government source""},{""url"":""https://carefarmingnetwork.org/directory-member_farms/listing/camphill-village-minnesota/"",""rank"":4,""source_class"":""S3"",""platform_type"":""directory listing"",""independence_group"":""G3"",""confidence"":""MEDIUM"",""quality_score"":0.5,""verification"":""search_index"",""evidence"":""Care Farming Network member record - agricultural framing""},{""url"":""https://www.ic.org/directory/camphill-village-minnesota-inc/"",""rank"":5,""source_class"":""S3"",""platform_type"":""directory listing"",""independence_group"":""G4"",""confidence"":""MEDIUM"",""quality_score"":0.42,""verification"":""search_index"",""evidence"":""Foundation for Intentional Community entry""},{""url"":""https://ecovillage.org"",""rank"":6,""source_class"":""S3"",""platform_type"":""directory listing"",""independence_group"":""G1"",""confidence"":""HIGH"",""quality_score"":0.1,""verification"":""fixed_global_source"",""evidence"":""Mandatory Global Ecovillage Network network-level seed, present on every row; not evidence that this community is GEN-registered - see gen_community_status""}]",search_index,,,,,COMPLETE,HIGH,no,,"A 500-525 acre BIODYNAMIC farm; ~45-50 residents living family-style in seven homes, including adults with developmental disabilities; part of the worldwide Camphill movement (Karl Koenig, Scotland, pre-WWII). Minnesota state records (mn.gov Aurora) carry licensed-facility entries - an institutional source.",2026-08-28,1.0.0
IC076,eastwind community,36.558903,-92.308975,United States,FULL,,https://www.eastwind.org/ | https://rootstalk.grinnell.edu/issues/volume-vii-issue-1/ohlenbusch/ | https://en.wikipedia.org/wiki/East_Wind_Community | https://www.417mag.com/issues/september-2016/inside-east-wind-tecumsehs-intentional-community/ | https://ecovillage.org/project/east-wind-community | https://www.ic.org/directory/east-wind-community/ | https://ecovillage.org,eastwind community,eastwind community,no,East Wind; East Wind Community; eastwind,SETTLEMENT,77,single_source_row,1,0.000,"36.558903,-92.308975",SINGLE,36.558903,-92.308975,HIGH,,US,USA,Missouri; Ozark County; near Tecumseh,HIGH,coordinate_gazetteer+official_site,https://www.eastwind.org/,US,UNANIMOUS,Ozark (95.0 km),https://ecovillage.org,FIXED_GLOBAL_SOURCE,https://ecovillage.org/project/east-wind-community,VERIFIED_COMMUNITY_SOURCE,search_index,site:ecovillage.org returned 'East Wind Community - Global Ecovillage Network' project page,G1,7,5,S1; S3; S4; S6,S1,"[{""url"":""https://www.eastwind.org/"",""rank"":1,""source_class"":""S4"",""platform_type"":""own website"",""independence_group"":""G1"",""confidence"":""HIGH"",""quality_score"":0.9,""verification"":""search_index"",""evidence"":""Official site""},{""url"":""https://en.wikipedia.org/wiki/East_Wind_Community"",""rank"":3,""source_class"":""S6"",""platform_type"":""other"",""independence_group"":""G2"",""confidence"":""HIGH"",""quality_score"":0.7,""verification"":""search_index"",""evidence"":""Encyclopaedic article with founding date and structure""},{""url"":""https://rootstalk.grinnell.edu/issues/volume-vii-issue-1/ohlenbusch/"",""rank"":2,""source_class"":""S1"",""platform_type"":""other"",""independence_group"":""G3"",""confidence"":""HIGH"",""quality_score"":0.82,""verification"":""search_index"",""evidence"":""Rootstalk (Grinnell College journal), 'Freedom and Equality: Missouri's East Wind Community' - academic-adjacent field study""},{""url"":""https://ecovillage.org/project/east-wind-community"",""rank"":5,""source_class"":""S3"",""platform_type"":""directory listing"",""independence_group"":""G1"",""confidence"":""HIGH"",""quality_score"":0.58,""verification"":""search_index"",""evidence"":""Verified GEN project page""},{""url"":""https://www.417mag.com/issues/september-2016/inside-east-wind-tecumsehs-intentional-community/"",""rank"":4,""source_class"":""S6"",""platform_type"":""news outlet"",""independence_group"":""G4"",""confidence"":""HIGH"",""quality_score"":0.62,""verification"":""search_index"",""evidence"":""417 Magazine long-form report, dated 2016""},{""url"":""https://www.ic.org/directory/east-wind-community/"",""rank"":6,""source_class"":""S3"",""platform_type"":""directory listing"",""independence_group"":""G5"",""confidence"":""MEDIUM"",""quality_score"":0.44,""verification"":""search_index"",""evidence"":""Foundation for Intentional Community entry""},{""url"":""https://ecovillage.org"",""rank"":7,""source_class"":""S3"",""platform_type"":""directory listing"",""independence_group"":""G1"",""confidence"":""HIGH"",""quality_score"":0.1,""verification"":""fixed_global_source"",""evidence"":""Mandatory Global Ecovillage Network network-level seed, present on every row; not evidence that this community is GEN-registered - see gen_community_status""}]",search_index,,,,,COMPLETE,HIGH,no,,"Founded 1974; 1,045 acres of Ozark hills; secular, democratic, income-sharing; member of the Federation of Egalitarian Communities. Supports itself through East Wind Nut Butters and Utopian Rope Sandals. Member counts differ between sources (40 vs 70) - a discrepancy for the coder rather than something to resolve here.",2026-08-28,1.0.0
IC077,Cinderland Ecovillage,19.518199,-154.844215,United States,FULL,,https://ecovillage.org/ecovillage/cinderlandecovillage/ | https://bigislandnow.com/2019/03/17/puna-ecovillages-make-hawaii-rent-affordable/ | https://www.gen-us.net/ecovillages/cinderland-ecovillage/ | https://numundo.org/center/united-states/cinderland-ecovillage | https://www.facebook.com/cinderlandvillage/ | https://ecovillage.org,Cinderland Ecovillage,Cinderland Ecovillage,no,Cinderland; Cinderland Ecovillage; Cinderland Farms,SETTLEMENT,78,single_source_row,1,0.000,"19.518199,-154.844215",SINGLE,19.518199,-154.844215,HIGH,,US,USA,Hawaii; Hawaii County; Puna; near Pahoa (1960 Kapoho lava flow),HIGH,coordinate_gazetteer+GEN_profile,https://ecovillage.org/ecovillage/cinderlandecovillage/,US,UNANIMOUS,Hilo (34.9 km),https://ecovillage.org,FIXED_GLOBAL_SOURCE,https://ecovillage.org/ecovillage/cinderlandecovillage/,VERIFIED_COMMUNITY_SOURCE,search_index,site:ecovillage.org returned 'Cinderland Ecovillage - Global Ecovillage Network',G1,6,3,S3; S6; S7,S3,"[{""url"":""https://ecovillage.org/ecovillage/cinderlandecovillage/"",""rank"":1,""source_class"":""S3"",""platform_type"":""directory listing"",""independence_group"":""G1"",""confidence"":""HIGH"",""quality_score"":0.7,""verification"":""search_index"",""evidence"":""Verified GEN page with the 2000 purchase and soil-building account""},{""url"":""https://www.gen-us.net/ecovillages/cinderland-ecovillage/"",""rank"":3,""source_class"":""S3"",""platform_type"":""directory listing"",""independence_group"":""G1"",""confidence"":""HIGH"",""quality_score"":0.5,""verification"":""search_index"",""evidence"":""GEN-US listing - same source family""},{""url"":""https://bigislandnow.com/2019/03/17/puna-ecovillages-make-hawaii-rent-affordable/"",""rank"":2,""source_class"":""S6"",""platform_type"":""news outlet"",""independence_group"":""G2"",""confidence"":""HIGH"",""quality_score"":0.66,""verification"":""search_index"",""evidence"":""Big Island Now, dated 2019, on the Puna ecovillages""},{""url"":""https://numundo.org/center/united-states/cinderland-ecovillage"",""rank"":4,""source_class"":""S3"",""platform_type"":""directory listing"",""independence_group"":""G3"",""confidence"":""MEDIUM"",""quality_score"":0.34,""verification"":""search_index"",""evidence"":""NuMundo centre listing""},{""url"":""https://www.facebook.com/cinderlandvillage/"",""rank"":5,""source_class"":""S7"",""platform_type"":""Facebook"",""independence_group"":""G1"",""confidence"":""MEDIUM"",""quality_score"":0.28,""verification"":""search_index"",""evidence"":""Community page""},{""url"":""https://ecovillage.org"",""rank"":6,""source_class"":""S3"",""platform_type"":""directory listing"",""independence_group"":""G1"",""confidence"":""HIGH"",""quality_score"":0.1,""verification"":""fixed_global_source"",""evidence"":""Mandatory Global Ecovillage Network network-level seed, present on every row; not evidence that this community is GEN-registered - see gen_community_status""}]",search_index,,,,,COMPLETE,HIGH,no,,"Founded on the 1960 Kapoho lava flow; cinder-mined barren land bought in 2000 and built up with nitrogen-fixing trees, compost, mulch and imported soil - an explicit, dated soil-building intervention on a known-zero baseline, unusually clean for the satellite analysis. Puna's 2018 eruption is a confounder to check.",2026-08-28,1.0.0
IC078,Whole Village,43.860761,-80.106729,Canada,FULL,,https://www.wholevillage.org/ | https://www.wholevillage.org/our-story/ | https://www.neviews.ca/Samples/27%20whole%20village.pdf | https://ecovillage.org/project/whole-village/ | https://www.inthehills.ca/2016/06/many-parts-make-whole-village/ | https://www.ic.org/a-community-conversation-at-whole-village/ | https://ecovillage.org,Whole Village,Whole Village,no,Whole Village; Greenhaven; Whole Village Farm,SETTLEMENT,79,single_source_row,1,0.000,"43.860761,-80.106729",SINGLE,43.860761,-80.106729,HIGH,,CA,CAN,"Ontario; Caledon (Caledon Hills), near Orangeville",HIGH,coordinate_gazetteer+official_site,https://www.wholevillage.org/our-story/,CA,UNANIMOUS,Orangeville (6.3 km),https://ecovillage.org,FIXED_GLOBAL_SOURCE,https://ecovillage.org/project/whole-village/,VERIFIED_COMMUNITY_SOURCE,search_index,site:ecovillage.org returned 'Whole Village - Global Ecovillage Network' at /project/ and /ecovillage/ paths,G1,7,4,S3; S4; S6,S3,"[{""url"":""https://www.wholevillage.org/"",""rank"":1,""source_class"":""S4"",""platform_type"":""own website"",""independence_group"":""G1"",""confidence"":""HIGH"",""quality_score"":0.9,""verification"":""search_index"",""evidence"":""Official site""},{""url"":""https://www.wholevillage.org/our-story/"",""rank"":2,""source_class"":""S4"",""platform_type"":""own website"",""independence_group"":""G1"",""confidence"":""HIGH"",""quality_score"":0.78,""verification"":""search_index"",""evidence"":""History page""},{""url"":""https://ecovillage.org/project/whole-village/"",""rank"":4,""source_class"":""S3"",""platform_type"":""directory listing"",""independence_group"":""G1"",""confidence"":""HIGH"",""quality_score"":0.66,""verification"":""search_index"",""evidence"":""Verified GEN project page recording the conservation easement""},{""url"":""https://www.neviews.ca/Samples/27%20whole%20village.pdf"",""rank"":3,""source_class"":""S6"",""platform_type"":""other"",""independence_group"":""G2"",""confidence"":""HIGH"",""quality_score"":0.7,""verification"":""search_index"",""evidence"":""Published PDF article on Whole Village - a document; percent-encoded space in path, a URL-fidelity test case""},{""url"":""https://www.inthehills.ca/2016/06/many-parts-make-whole-village/"",""rank"":5,""source_class"":""S6"",""platform_type"":""news outlet"",""independence_group"":""G3"",""confidence"":""HIGH"",""quality_score"":0.64,""verification"":""search_index"",""evidence"":""In The Hills long-form regional report, dated 2016""},{""url"":""https://www.ic.org/a-community-conversation-at-whole-village/"",""rank"":6,""source_class"":""S3"",""platform_type"":""other"",""independence_group"":""G4"",""confidence"":""MEDIUM"",""quality_score"":0.44,""verification"":""search_index"",""evidence"":""Foundation for Intentional Community interview piece""},{""url"":""https://ecovillage.org"",""rank"":7,""source_class"":""S3"",""platform_type"":""directory listing"",""independence_group"":""G1"",""confidence"":""HIGH"",""quality_score"":0.1,""verification"":""fixed_global_source"",""evidence"":""Mandatory Global Ecovillage Network network-level seed, present on every row; not evidence that this community is GEN-registered - see gen_community_status""}]",search_index,,,,,COMPLETE,HIGH,no,,"200 acres near Orangeville with a provincially significant wetland, hardwood forest and spring-fed pond; Greenhaven co-operative eco-residence (11 suites) built 2004; a 190-acre organic farm with a CSA. A 999-YEAR CONSERVATION EASEMENT covers everything but the housing cluster - a strong, dated, legally recorded land instrument.",2026-08-28,1.0.0
IC079,Synergia Ranch (HQ of Ecotechnics),35.491047,-106.095476,United States,FULL,,https://synergiaranch.com/about-us/ | https://ecotechnics.edu/proyects/synergia-ranch/ | https://oldsite.ecotechnics.edu/projects/synergia-ranch/ | https://en.wikipedia.org/wiki/Synergia_Ranch | https://sharenm.org/institute-of-ecotechnics/organic-farming-and-organic-fruit-orchard | https://ecovillage.org/ecovillage/synergia-ranch-hq-of-ecotechnics/ | https://ecovillage.org,Synergia Ranch (HQ of Ecotechnics),Synergia Ranch (HQ of Ecotechnics),no,Synergia Ranch; Institute of Ecotechnics; Theater of All Possibilities,SETTLEMENT,80,single_source_row,1,0.000,"35.491047,-106.095476",SINGLE,35.491047,-106.095476,HIGH,,US,USA,"New Mexico; Santa Fe County; ~15 miles south of Santa Fe, 6,200 ft",HIGH,coordinate_gazetteer+official_site,https://synergiaranch.com/about-us/,US,UNANIMOUS,Santa Fe (26.0 km),https://ecovillage.org,FIXED_GLOBAL_SOURCE,https://ecovillage.org/ecovillage/synergia-ranch-hq-of-ecotechnics/,VERIFIED_COMMUNITY_SOURCE,search_index,site:ecovillage.org returned 'Synergia Ranch (HQ of Ecotechnics) - Global Ecovillage Network',G1,7,4,S2; S3; S4; S5; S6,S2,"[{""url"":""https://synergiaranch.com/about-us/"",""rank"":1,""source_class"":""S4"",""platform_type"":""own website"",""independence_group"":""G1"",""confidence"":""HIGH"",""quality_score"":0.9,""verification"":""search_index"",""evidence"":""Official ranch site""},{""url"":""https://ecotechnics.edu/proyects/synergia-ranch/"",""rank"":2,""source_class"":""S2"",""platform_type"":""other"",""independence_group"":""G2"",""confidence"":""HIGH"",""quality_score"":0.82,""verification"":""search_index"",""evidence"":""Institute of Ecotechnics project page - the parent research institute; note the 'proyects' spelling in the path""},{""url"":""https://oldsite.ecotechnics.edu/projects/synergia-ranch/"",""rank"":3,""source_class"":""S5"",""platform_type"":""secondary or former website"",""independence_group"":""G2"",""confidence"":""HIGH"",""quality_score"":0.74,""verification"":""search_index"",""evidence"":""The Institute's OLD SITE - an explicitly older domain, the best route to earlier material""},{""url"":""https://en.wikipedia.org/wiki/Synergia_Ranch"",""rank"":4,""source_class"":""S6"",""platform_type"":""other"",""independence_group"":""G3"",""confidence"":""HIGH"",""quality_score"":0.68,""verification"":""search_index"",""evidence"":""Encyclopaedic article""},{""url"":""https://ecovillage.org/ecovillage/synergia-ranch-hq-of-ecotechnics/"",""rank"":6,""source_class"":""S3"",""platform_type"":""directory listing"",""independence_group"":""G1"",""confidence"":""HIGH"",""quality_score"":0.58,""verification"":""search_index"",""evidence"":""Verified GEN page""},{""url"":""https://sharenm.org/institute-of-ecotechnics/organic-farming-and-organic-fruit-orchard"",""rank"":5,""source_class"":""S2"",""platform_type"":""other"",""independence_group"":""G4"",""confidence"":""HIGH"",""quality_score"":0.66,""verification"":""search_index"",""evidence"":""New Mexico food-system record of the orchard and organic farming""},{""url"":""https://ecovillage.org"",""rank"":7,""source_class"":""S3"",""platform_type"":""directory listing"",""independence_group"":""G1"",""confidence"":""HIGH"",""quality_score"":0.1,""verification"":""fixed_global_source"",""evidence"":""Mandatory Global Ecovillage Network network-level seed, present on every row; not evidence that this community is GEN-registered - see gen_community_status""}]",search_index,,,,,COMPLETE,HIGH,no,,"Founded 1969 by John P. Allen and Marie Harding; 135 acres of high desert; the Institute of Ecotechnics' oldest project and US headquarters, and part of the lineage that produced Biosphere 2. Desert orchard and organic farming on a degraded high-desert baseline - a strong restoration case with an exceptional documentary trail (Biosphere 2 literature).",2026-08-28,1.0.0
IC080,Dancing Rabbit Ecovillage,40.332966,-92.096463,United States,FULL,,https://www.dancingrabbit.org/ecovillage-life/our-land/ | https://www.dancingrabbit.org/ | https://www.dancingrabbit.org/about-dancing-rabbit-ecovillage/ | https://en.wikipedia.org/wiki/Dancing_Rabbit_Ecovillage | https://tmn.truman.edu/detours/2018/11/30/dancing-rabbit-ecovillage-offers-an-alternative-and-more-sustainable-way-of-life/ | https://www.ic.org/directory/dancing-rabbit-ecovillage/ | https://ecologycenter.org/directory/directory-entries/dancing-rabbit-ecovillage/ | https://ecovillage.org,Dancing Rabbit Ecovillage,Dancing Rabbit Ecovillage,no,Dancing Rabbit; Dancing Rabbit Ecovillage; DR,SETTLEMENT,81,single_source_row,1,0.000,"40.332966,-92.096463",SINGLE,40.332966,-92.096463,HIGH,,US,USA,Missouri; Scotland County; 1 mile north of Rutledge,HIGH,coordinate_gazetteer+official_site,https://www.dancingrabbit.org/ecovillage-life/our-land/,US,UNANIMOUS,Kirksville (44.1 km),https://ecovillage.org,FIXED_GLOBAL_SOURCE,,NOT_FOUND,search_index_negative,"site:ecovillage.org returned no GEN community page for Dancing Rabbit; results were the community's own site, IC.org, Wikipedia and social accounts. No GEN URL recorded rather than constructing one.",G1,8,5,S1; S3; S4; S6,S1,"[{""url"":""https://www.dancingrabbit.org/ecovillage-life/our-land/"",""rank"":1,""source_class"":""S4"",""platform_type"":""own website"",""independence_group"":""G1"",""confidence"":""HIGH"",""quality_score"":0.95,""verification"":""search_index"",""evidence"":""'Our Land' page - the quantified land-use record; the single most valuable page for this study""},{""url"":""https://www.dancingrabbit.org/"",""rank"":2,""source_class"":""S4"",""platform_type"":""own website"",""independence_group"":""G1"",""confidence"":""HIGH"",""quality_score"":0.82,""verification"":""search_index"",""evidence"":""Official site""},{""url"":""https://www.dancingrabbit.org/about-dancing-rabbit-ecovillage/"",""rank"":3,""source_class"":""S4"",""platform_type"":""own website"",""independence_group"":""G1"",""confidence"":""HIGH"",""quality_score"":0.7,""verification"":""search_index"",""evidence"":""About page with the 1997 land-trust purchase""},{""url"":""https://en.wikipedia.org/wiki/Dancing_Rabbit_Ecovillage"",""rank"":4,""source_class"":""S6"",""platform_type"":""other"",""independence_group"":""G2"",""confidence"":""HIGH"",""quality_score"":0.7,""verification"":""search_index"",""evidence"":""Encyclopaedic article, referenced""},{""url"":""https://tmn.truman.edu/detours/2018/11/30/dancing-rabbit-ecovillage-offers-an-alternative-and-more-sustainable-way-of-life/"",""rank"":5,""source_class"":""S1"",""platform_type"":""other"",""independence_group"":""G3"",""confidence"":""MEDIUM"",""quality_score"":0.58,""verification"":""search_index"",""evidence"":""Truman State University Detours magazine field report, dated 2018""},{""url"":""https://ecologycenter.org/directory/directory-entries/dancing-rabbit-ecovillage/"",""rank"":7,""source_class"":""S3"",""platform_type"":""directory listing"",""independence_group"":""G4"",""confidence"":""MEDIUM"",""quality_score"":0.4,""verification"":""search_index"",""evidence"":""Ecology Center directory record""},{""url"":""https://www.ic.org/directory/dancing-rabbit-ecovillage/"",""rank"":6,""source_class"":""S3"",""platform_type"":""directory listing"",""independence_group"":""G5"",""confidence"":""MEDIUM"",""quality_score"":0.44,""verification"":""search_index"",""evidence"":""Foundation for Intentional Community entry""},{""url"":""https://ecovillage.org"",""rank"":8,""source_class"":""S3"",""platform_type"":""directory listing"",""independence_group"":""G1"",""confidence"":""HIGH"",""quality_score"":0.1,""verification"":""fixed_global_source"",""evidence"":""Mandatory Global Ecovillage Network network-level seed, present on every row; not evidence that this community is GEN-registered - see gen_community_status""}]",search_index,,,,,COMPLETE,HIGH,no,,"280 acres bought by the community land trust in 1997; ~70 residents under ecological covenants. LAND DETAIL IS UNUSUALLY GOOD: six ponds, a seasonal creek, 40 acres woodland, 30 acres with 12,000+ trees planted, ~20 acres of restored native prairie - dated, quantified, and directly measurable from imagery.",2026-08-28,1.0.0
IC081,Earthaven Ecovillage,35.519705,-82.202311,United States,FULL,,https://www.earthaven.org/what-is-earthaven/ | https://www.earthaven.org/ | https://geo.coop/story/earthaven-ecovillage | https://en.wikipedia.org/wiki/Earthaven_Ecovillage | https://ecovillage.org/ecovillage/earthaven-ecovillage/ | https://www.schoolofintegratedliving.org/earthaven-ecovillage/ | https://ecovillage.org/ecovillage-zoning-in-north-america/ | https://ecovillage.org,Earthaven Ecovillage,Earthaven Ecovillage,no,Earthaven; Earthaven Ecovillage; School of Integrated Living; SOIL,SETTLEMENT,82,single_source_row,1,0.000,"35.519705,-82.202311",SINGLE,35.519705,-82.202311,HIGH,,US,USA,"North Carolina; Buncombe County; near Black Mountain, ~45 min from Asheville",HIGH,coordinate_gazetteer+official_site,https://www.earthaven.org/what-is-earthaven/,US,UNANIMOUS,Asheville (33.1 km),https://ecovillage.org,FIXED_GLOBAL_SOURCE,https://ecovillage.org/ecovillage/earthaven-ecovillage/,VERIFIED_COMMUNITY_SOURCE,search_index,site:ecovillage.org returned 'Earthaven Ecovillage - Global Ecovillage Network' plus several GEN articles about Earthaven,G1,8,3,S1; S3; S4; S6,S1,"[{""url"":""https://www.earthaven.org/what-is-earthaven/"",""rank"":1,""source_class"":""S4"",""platform_type"":""own website"",""independence_group"":""G1"",""confidence"":""HIGH"",""quality_score"":0.92,""verification"":""search_index"",""evidence"":""Official description with acreage, elevation and land character""},{""url"":""https://www.earthaven.org/"",""rank"":2,""source_class"":""S4"",""platform_type"":""own website"",""independence_group"":""G1"",""confidence"":""HIGH"",""quality_score"":0.82,""verification"":""search_index"",""evidence"":""Official site""},{""url"":""https://en.wikipedia.org/wiki/Earthaven_Ecovillage"",""rank"":4,""source_class"":""S6"",""platform_type"":""other"",""independence_group"":""G2"",""confidence"":""HIGH"",""quality_score"":0.72,""verification"":""search_index"",""evidence"":""Encyclopaedic article, referenced""},{""url"":""https://ecovillage.org/ecovillage/earthaven-ecovillage/"",""rank"":5,""source_class"":""S3"",""platform_type"":""directory listing"",""independence_group"":""G1"",""confidence"":""HIGH"",""quality_score"":0.62,""verification"":""search_index"",""evidence"":""Verified GEN page""},{""url"":""https://geo.coop/story/earthaven-ecovillage"",""rank"":3,""source_class"":""S1"",""platform_type"":""other"",""independence_group"":""G3"",""confidence"":""HIGH"",""quality_score"":0.74,""verification"":""search_index"",""evidence"":""Grassroots Economic Organizing - cooperative-economy research publication""},{""url"":""https://www.schoolofintegratedliving.org/earthaven-ecovillage/"",""rank"":6,""source_class"":""S4"",""platform_type"":""secondary or former website"",""independence_group"":""G1"",""confidence"":""HIGH"",""quality_score"":0.6,""verification"":""search_index"",""evidence"":""On-site education arm's own domain""},{""url"":""https://ecovillage.org/ecovillage-zoning-in-north-america/"",""rank"":7,""source_class"":""S3"",""platform_type"":""directory listing"",""independence_group"":""G1"",""confidence"":""MEDIUM"",""quality_score"":0.46,""verification"":""search_index"",""evidence"":""GEN article on ecovillage zoning naming Earthaven - planning-law angle""},{""url"":""https://ecovillage.org"",""rank"":8,""source_class"":""S3"",""platform_type"":""directory listing"",""independence_group"":""G1"",""confidence"":""HIGH"",""quality_score"":0.1,""verification"":""fixed_global_source"",""evidence"":""Mandatory Global Ecovillage Network network-level seed, present on every row; not evidence that this community is GEN-registered - see gen_community_status""}]",search_index,,,,,COMPLETE,HIGH,no,,"Founded 1994 on 329 forested mountain acres at 2,000-2,600 ft; ~75 adults and 25 children; permaculture site plans, natural building, renewable energy, organic farms. One of the best documented US ecovillages; an on-site education arm (School of Integrated Living) and substantial academic literature.",2026-08-28,1.0.0
IC082,Living Well Community,35.736970,-79.681773,United States,FULL,,https://www.thelivingwellcommunity.com/about/ | http://www.swansonlandscapearchitecture.com/livingwell.html | https://ecovillage.org/project/living-well-community/ | https://www.thelivingwellcommunity.com/contact | https://ecovillage.org,Living Well Community,Living Well Community,no,Living Well Community; Living Well Ecovillage; Living Well Community Association; Deep River Folk School,SETTLEMENT,83,single_source_row,1,0.000,"35.736970,-79.681773",SINGLE,35.736970,-79.681773,HIGH,,US,USA,"North Carolina; Randolph County; Franklinville, on the Deep River",HIGH,coordinate_gazetteer+official_site,https://www.thelivingwellcommunity.com/about/,US,UNANIMOUS,Asheboro (12.3 km),https://ecovillage.org,FIXED_GLOBAL_SOURCE,https://ecovillage.org/project/living-well-community/,VERIFIED_COMMUNITY_SOURCE,search_index,site:ecovillage.org returned 'Living Well Community - Global Ecovillage Network' project page giving 126 acres on the Deep River at Franklinville,G1,5,2,S2; S3; S4,S2,"[{""url"":""https://www.thelivingwellcommunity.com/about/"",""rank"":1,""source_class"":""S4"",""platform_type"":""own website"",""independence_group"":""G1"",""confidence"":""HIGH"",""quality_score"":0.88,""verification"":""search_index"",""evidence"":""Official about page""},{""url"":""https://ecovillage.org/project/living-well-community/"",""rank"":3,""source_class"":""S3"",""platform_type"":""directory listing"",""independence_group"":""G1"",""confidence"":""HIGH"",""quality_score"":0.66,""verification"":""search_index"",""evidence"":""Verified GEN project page with acreage and concept plan""},{""url"":""http://www.swansonlandscapearchitecture.com/livingwell.html"",""rank"":2,""source_class"":""S2"",""platform_type"":""other"",""independence_group"":""G2"",""confidence"":""HIGH"",""quality_score"":0.76,""verification"":""search_index"",""evidence"":""Landscape architects' project record - independent SITE PLAN documentation, high documentary value""},{""url"":""https://www.thelivingwellcommunity.com/contact"",""rank"":4,""source_class"":""S4"",""platform_type"":""own website"",""independence_group"":""G1"",""confidence"":""MEDIUM"",""quality_score"":0.46,""verification"":""search_index"",""evidence"":""Contact page giving the Rising Sun Way address - needed to settle the coordinate question""},{""url"":""https://ecovillage.org"",""rank"":5,""source_class"":""S3"",""platform_type"":""directory listing"",""independence_group"":""G1"",""confidence"":""HIGH"",""quality_score"":0.1,""verification"":""fixed_global_source"",""evidence"":""Mandatory Global Ecovillage Network network-level seed, present on every row; not evidence that this community is GEN-registered - see gen_community_status""}]",search_index,,,,,COMPLETE,MEDIUM,yes,identity_confidence_below_high,"COORDINATE CHECK NEEDED: sources place the community at Franklinville, RANDOLPH County (~35.79N 79.69W); the supplied coordinate 35.737N 79.682W sits about 6-7 km south, in the Chatham/Randolph border area. Country and state are not in doubt; the point may sit off the parcel. 124-126 acres with residential, business, farming and conservation components plus a public greenway.",2026-08-28,1.0.0
IC083,Sirius Community,42.419219,-72.425852,United States,FULL,,https://dl.tufts.edu/downloads/mg74qz610?filename=4q77g399z.pdf | https://siriuscommunity.org/ | https://scua.library.umass.edu/sirius-community/ | https://ecovillage.org/ecovillage/sirius-community-2/ | https://siriuscommunity.org/guest-information/ | https://www.facebook.com/siriuscommunity/ | https://ecovillage.org,Sirius Community,Sirius Community,no,Sirius; Sirius Community; Sirius Ecovillage,SETTLEMENT,84,single_source_row,1,0.000,"42.419219,-72.425852",SINGLE,42.419219,-72.425852,HIGH,,US,USA,Massachusetts; Franklin County; Shutesbury; Baker Road,HIGH,coordinate_gazetteer+official_site,https://siriuscommunity.org/guest-information/,US,UNANIMOUS,Amherst Center (9.1 km),https://ecovillage.org,FIXED_GLOBAL_SOURCE,https://ecovillage.org/ecovillage/sirius-community-2/,VERIFIED_COMMUNITY_SOURCE,search_index,site:ecovillage.org returned 'Sirius Community - Global Ecovillage Network' at /ecovillage/ and /map/community/ paths,G1,7,3,S1; S3; S4; S7,S1,"[{""url"":""https://siriuscommunity.org/"",""rank"":2,""source_class"":""S4"",""platform_type"":""own website"",""independence_group"":""G1"",""confidence"":""HIGH"",""quality_score"":0.9,""verification"":""search_index"",""evidence"":""Official site""},{""url"":""https://dl.tufts.edu/downloads/mg74qz610?filename=4q77g399z.pdf"",""rank"":1,""source_class"":""S1"",""platform_type"":""other"",""independence_group"":""G2"",""confidence"":""HIGH"",""quality_score"":0.94,""verification"":""search_index"",""evidence"":""Tufts digital library PDF: 'A Town and Its Ecovillage: A Case Study of Two Massachusetts Communities' - academic, a document, query-parameter URL""},{""url"":""https://scua.library.umass.edu/sirius-community/"",""rank"":3,""source_class"":""S1"",""platform_type"":""other"",""independence_group"":""G3"",""confidence"":""HIGH"",""quality_score"":0.9,""verification"":""search_index"",""evidence"":""UMass Amherst Special Collections and University Archives finding aid for the Sirius Community papers - archival, independent""},{""url"":""https://ecovillage.org/ecovillage/sirius-community-2/"",""rank"":4,""source_class"":""S3"",""platform_type"":""directory listing"",""independence_group"":""G1"",""confidence"":""HIGH"",""quality_score"":0.6,""verification"":""search_index"",""evidence"":""Verified GEN page""},{""url"":""https://siriuscommunity.org/guest-information/"",""rank"":5,""source_class"":""S4"",""platform_type"":""own website"",""independence_group"":""G1"",""confidence"":""MEDIUM"",""quality_score"":0.5,""verification"":""search_index"",""evidence"":""Address and site information""},{""url"":""https://www.facebook.com/siriuscommunity/"",""rank"":6,""source_class"":""S7"",""platform_type"":""Facebook"",""independence_group"":""G1"",""confidence"":""MEDIUM"",""quality_score"":0.28,""verification"":""search_index"",""evidence"":""Official page""},{""url"":""https://ecovillage.org"",""rank"":7,""source_class"":""S3"",""platform_type"":""directory listing"",""independence_group"":""G1"",""confidence"":""HIGH"",""quality_score"":0.1,""verification"":""fixed_global_source"",""evidence"":""Mandatory Global Ecovillage Network network-level seed, present on every row; not evidence that this community is GEN-registered - see gen_community_status""}]",search_index,,,,,COMPLETE,HIGH,no,,"Founded September 1978 by former Findhorn members; ~90 acres; four pillars (spiritual, ecological, communitarian, educational). TWO STRONG ACADEMIC SOURCES: a Tufts University case study PDF comparing the town and the ecovillage, and a UMass Amherst Special Collections ARCHIVE of the community's papers - the archive is the strongest dating route in this cohort so far.",2026-08-28,1.0.0
IC084,Hickory Nut Forest Eco-Community,35.472630,-82.339856,United States,FULL,,https://hickorynutforest.com/ | https://conservingcarolina.org/event/speaker-series-at-laughing-waters-retreat-sustainable-living-in-hickory-nut-forest/ | https://ecovillage.org/project/hickory-nut-forest-eco-community/ | https://hickorynutforest.com/blog/living-in-an-eco-village-in-western-north-carolina/ | https://www.laughingwatersnc.com/ | https://ecovillage.org,Hickory Nut Forest Eco-Community,Hickory Nut Forest Eco-Community,no,Hickory Nut Forest; HNF; Laughing Waters Retreat,SETTLEMENT,85,single_source_row,1,0.000,"35.472630,-82.339856",SINGLE,35.472630,-82.339856,HIGH,,US,USA,North Carolina; Henderson County; Gerton; Hickory Nut Gorge,HIGH,coordinate_gazetteer+official_site,https://hickorynutforest.com/,US,UNANIMOUS,Asheville (24.1 km),https://ecovillage.org,FIXED_GLOBAL_SOURCE,https://ecovillage.org/project/hickory-nut-forest-eco-community/,VERIFIED_COMMUNITY_SOURCE,search_index,site:ecovillage.org returned 'Hickory Nut Forest Eco-Community - Global Ecovillage Network' project page,G1,6,2,S2; S3; S4,S2,"[{""url"":""https://hickorynutforest.com/"",""rank"":1,""source_class"":""S4"",""platform_type"":""own website"",""independence_group"":""G1"",""confidence"":""HIGH"",""quality_score"":0.9,""verification"":""search_index"",""evidence"":""Official site""},{""url"":""https://hickorynutforest.com/blog/living-in-an-eco-village-in-western-north-carolina/"",""rank"":4,""source_class"":""S4"",""platform_type"":""blog platform"",""independence_group"":""G1"",""confidence"":""HIGH"",""quality_score"":0.6,""verification"":""search_index"",""evidence"":""Dated community blog post""},{""url"":""https://ecovillage.org/project/hickory-nut-forest-eco-community/"",""rank"":3,""source_class"":""S3"",""platform_type"":""directory listing"",""independence_group"":""G1"",""confidence"":""HIGH"",""quality_score"":0.64,""verification"":""search_index"",""evidence"":""Verified GEN project page""},{""url"":""https://conservingcarolina.org/event/speaker-series-at-laughing-waters-retreat-sustainable-living-in-hickory-nut-forest/"",""rank"":2,""source_class"":""S2"",""platform_type"":""other"",""independence_group"":""G2"",""confidence"":""HIGH"",""quality_score"":0.68,""verification"":""search_index"",""evidence"":""Conserving Carolina (regional land trust) event record - independent conservation body""},{""url"":""https://www.laughingwatersnc.com/"",""rank"":5,""source_class"":""S4"",""platform_type"":""secondary or former website"",""independence_group"":""G1"",""confidence"":""MEDIUM"",""quality_score"":0.44,""verification"":""search_index"",""evidence"":""Retreat/community centre domain on the same land""},{""url"":""https://ecovillage.org"",""rank"":6,""source_class"":""S3"",""platform_type"":""directory listing"",""independence_group"":""G1"",""confidence"":""HIGH"",""quality_score"":0.1,""verification"":""fixed_global_source"",""evidence"":""Mandatory Global Ecovillage Network network-level seed, present on every row; not evidence that this community is GEN-registered - see gen_community_status""}]",search_index,,,,,COMPLETE,HIGH,no,,"Founded 2006 by John Myers and Jane Lawson; 100-240+ acres in Hickory Nut Gorge with a 200-acre nature preserve adjoining the 800-acre Florence Nature Preserve; 20 lots, organic community garden and orchard. Note the area figures differ across sources (100 vs 240 acres) - a total-holding versus managed-extent question for the coder.",2026-08-28,1.0.0
IC085,Villages at Crest Mountain,35.610457,-82.616044,United States,FULL,,https://villagesatcrest.com/ | https://villagesatcrest.com/about/ | https://ecovillage.org/project/villages-crest-mountain | https://www.facebook.com/villagesatcrest/ | https://www.neighborhoods.com/the-villages-at-crest-mountain-asheville-nc | https://ecovillage.org,Villages at Crest Mountain,Villages at Crest Mountain,no,Villages at Crest Mountain; The Villages at Crest Mountain; Crest Center,SETTLEMENT,86,single_source_row,1,0.000,"35.610457,-82.616044",SINGLE,35.610457,-82.616044,HIGH,,US,USA,North Carolina; Buncombe County; Asheville,HIGH,coordinate_gazetteer+official_site,https://villagesatcrest.com/about/,US,UNANIMOUS,Asheville (5.7 km),https://ecovillage.org,FIXED_GLOBAL_SOURCE,https://ecovillage.org/project/villages-crest-mountain,VERIFIED_COMMUNITY_SOURCE,search_index,site:ecovillage.org returned 'Villages at Crest Mountain - Global Ecovillage Network' project page,G1,6,2,S3; S4; S7,S3,"[{""url"":""https://villagesatcrest.com/"",""rank"":1,""source_class"":""S4"",""platform_type"":""own website"",""independence_group"":""G1"",""confidence"":""HIGH"",""quality_score"":0.88,""verification"":""search_index"",""evidence"":""Official site""},{""url"":""https://villagesatcrest.com/about/"",""rank"":2,""source_class"":""S4"",""platform_type"":""own website"",""independence_group"":""G1"",""confidence"":""HIGH"",""quality_score"":0.72,""verification"":""search_index"",""evidence"":""About page with the sustainability principles""},{""url"":""https://ecovillage.org/project/villages-crest-mountain"",""rank"":3,""source_class"":""S3"",""platform_type"":""directory listing"",""independence_group"":""G1"",""confidence"":""HIGH"",""quality_score"":0.64,""verification"":""search_index"",""evidence"":""Verified GEN project page listing rainwater harvesting, permaculture and on-site materials""},{""url"":""https://www.neighborhoods.com/the-villages-at-crest-mountain-asheville-nc"",""rank"":5,""source_class"":""S3"",""platform_type"":""other"",""independence_group"":""G2"",""confidence"":""LOW"",""quality_score"":0.26,""verification"":""search_index"",""evidence"":""Real-estate neighbourhood record - parcel context""},{""url"":""https://www.facebook.com/villagesatcrest/"",""rank"":4,""source_class"":""S7"",""platform_type"":""Facebook"",""independence_group"":""G1"",""confidence"":""MEDIUM"",""quality_score"":0.28,""verification"":""search_index"",""evidence"":""Official page""},{""url"":""https://ecovillage.org"",""rank"":6,""source_class"":""S3"",""platform_type"":""directory listing"",""independence_group"":""G1"",""confidence"":""HIGH"",""quality_score"":0.1,""verification"":""fixed_global_source"",""evidence"":""Mandatory Global Ecovillage Network network-level seed, present on every row; not evidence that this community is GEN-registered - see gen_community_status""}]",search_index,,,,,COMPLETE,HIGH,no,,"Mixed-use sustainable neighbourhood minutes from downtown Asheville; organic garden beds, fruit trees, edible landscaping, walking trails, waterfall park. A peri-urban development rather than a rural settlement - E8 setting-at-onset needs a coder decision, and the small managed area will test the polygon method.",2026-08-28,1.0.0
IC086,IDEAL Society,49.354342,-115.296459,Canada,FULL,,https://ecovillage.org/ecovillage/ideal-society/ | https://www.ic.org/directory/ideal-society-institute-for-the-development-in-education-arts-and-leisure/ | https://ecovillagescanada.ca/ | https://www.creativecultureguide.org/resources/ideal-society | https://ecovillage.org,IDEAL Society,IDEAL Society,no,"IDEAL Society; Institute for the Development in Education, Arts and Leisure",SETTLEMENT,87,single_source_row,1,0.000,"49.354342,-115.296459",SINGLE,49.354342,-115.296459,HIGH,,CA,CAN,British Columbia; southeastern BC (East Kootenay mountains),HIGH,coordinate_gazetteer+GEN_profile,https://ecovillage.org/ecovillage/ideal-society/,CA,MAJORITY,Cranbrook (37.8 km),https://ecovillage.org,FIXED_GLOBAL_SOURCE,https://ecovillage.org/ecovillage/ideal-society/,VERIFIED_COMMUNITY_SOURCE,search_index,site:ecovillage.org returned 'IDEAL Society - Global Ecovillage Network' community page placing it in southeastern British Columbia since 1993,G1,5,3,S3,S3,"[{""url"":""https://ecovillage.org/ecovillage/ideal-society/"",""rank"":1,""source_class"":""S3"",""platform_type"":""directory listing"",""independence_group"":""G1"",""confidence"":""HIGH"",""quality_score"":0.7,""verification"":""search_index"",""evidence"":""Verified GEN community page - the fullest description found""},{""url"":""https://www.ic.org/directory/ideal-society-institute-for-the-development-in-education-arts-and-leisure/"",""rank"":2,""source_class"":""S3"",""platform_type"":""directory listing"",""independence_group"":""G2"",""confidence"":""HIGH"",""quality_score"":0.56,""verification"":""search_index"",""evidence"":""Foundation for Intentional Community entry giving the full legal name""},{""url"":""https://ecovillagescanada.ca/"",""rank"":3,""source_class"":""S3"",""platform_type"":""directory listing"",""independence_group"":""G1"",""confidence"":""MEDIUM"",""quality_score"":0.34,""verification"":""search_index"",""evidence"":""GEN Canada national index""},{""url"":""https://www.creativecultureguide.org/resources/ideal-society"",""rank"":4,""source_class"":""S3"",""platform_type"":""directory listing"",""independence_group"":""G3"",""confidence"":""LOW"",""quality_score"":0.26,""verification"":""search_index"",""evidence"":""Third-party culture directory record""},{""url"":""https://ecovillage.org"",""rank"":5,""source_class"":""S3"",""platform_type"":""directory listing"",""independence_group"":""G1"",""confidence"":""HIGH"",""quality_score"":0.1,""verification"":""fixed_global_source"",""evidence"":""Mandatory Global Ecovillage Network network-level seed, present on every row; not evidence that this community is GEN-registered - see gen_community_status""}]",search_index,,,,,COMPLETE,HIGH,no,,"Collective living in the southeastern BC mountains since 1993; experiments in education, wellness, art and agriculture; holds NGO status affiliated with the United Nations - a route to institutional records. The supplied coordinate (49.354N 115.296W) is in the East Kootenays, consistent with the description.",2026-08-28,1.0.0
IC087,"Cite Ecologique (Qc, Canada)",45.855019,-71.639806,Canada,FULL,,https://www.citeecologique.org/ | https://ecovillage.org/project/cite-ecologique-de-ham-nord/ | https://fr.wikipedia.org/wiki/Cit%C3%A9_%C3%A9cologique_de_Ham-Nord | https://www.bonjourquebec.com/fr-ca/repertoire/quoi-faire/cite-ecologique-ecovillage/0pac | https://unpointcinq.ca/sinspirer/l-ecovillage-se-rassembler-autour-de-valeurs-communes/ | https://www.ic.org/directory/la-cite-ecologique-de-ham-nord/ | https://ecovillage.org,"Cite Ecologique (Qc, Canada)","Cite Ecologique (Qc, Canada)",no,La Cite Ecologique; Cite ecologique de Ham-Nord; Cite Ecologique (Qc),SETTLEMENT,88,single_source_row,1,0.000,"45.855019,-71.639806",SINGLE,45.855019,-71.639806,HIGH,,CA,CAN,Quebec; Centre-du-Quebec; Ham-Nord (Bois-Francs),HIGH,coordinate_gazetteer+official_site,https://www.citeecologique.org/,CA,UNANIMOUS,Victoriaville (33.2 km),https://ecovillage.org,FIXED_GLOBAL_SOURCE,https://ecovillage.org/project/cite-ecologique-de-ham-nord/,VERIFIED_COMMUNITY_SOURCE,search_index,"site:ecovillage.org returned 'Cite Ecologique (Qc, Canada) - Global Ecovillage Network' at /project/cite-ecologique-de-ham-nord/",G1,7,5,S2; S3; S4; S6,S2,"[{""url"":""https://www.citeecologique.org/"",""rank"":1,""source_class"":""S4"",""platform_type"":""own website"",""independence_group"":""G1"",""confidence"":""HIGH"",""quality_score"":0.9,""verification"":""search_index"",""evidence"":""Official site""},{""url"":""https://ecovillage.org/project/cite-ecologique-de-ham-nord/"",""rank"":2,""source_class"":""S3"",""platform_type"":""directory listing"",""independence_group"":""G1"",""confidence"":""HIGH"",""quality_score"":0.7,""verification"":""search_index"",""evidence"":""Verified GEN project page with the 700/100 acre split""},{""url"":""https://fr.wikipedia.org/wiki/Cit%C3%A9_%C3%A9cologique_de_Ham-Nord"",""rank"":3,""source_class"":""S6"",""platform_type"":""other"",""independence_group"":""G2"",""confidence"":""HIGH"",""quality_score"":0.66,""verification"":""search_index"",""evidence"":""French encyclopaedic article; percent-encoded accents - URL-fidelity test case""},{""url"":""https://www.bonjourquebec.com/fr-ca/repertoire/quoi-faire/cite-ecologique-ecovillage/0pac"",""rank"":4,""source_class"":""S2"",""platform_type"":""other"",""independence_group"":""G3"",""confidence"":""MEDIUM"",""quality_score"":0.52,""verification"":""search_index"",""evidence"":""Bonjour Quebec official provincial tourism record - government source""},{""url"":""https://unpointcinq.ca/sinspirer/l-ecovillage-se-rassembler-autour-de-valeurs-communes/"",""rank"":5,""source_class"":""S6"",""platform_type"":""news outlet"",""independence_group"":""G4"",""confidence"":""MEDIUM"",""quality_score"":0.5,""verification"":""search_index"",""evidence"":""Unpointcinq climate journalism feature""},{""url"":""https://www.ic.org/directory/la-cite-ecologique-de-ham-nord/"",""rank"":6,""source_class"":""S3"",""platform_type"":""directory listing"",""independence_group"":""G5"",""confidence"":""MEDIUM"",""quality_score"":0.42,""verification"":""search_index"",""evidence"":""Foundation for Intentional Community entry""},{""url"":""https://ecovillage.org"",""rank"":7,""source_class"":""S3"",""platform_type"":""directory listing"",""independence_group"":""G1"",""confidence"":""HIGH"",""quality_score"":0.1,""verification"":""fixed_global_source"",""evidence"":""Mandatory Global Ecovillage Network network-level seed, present on every row; not evidence that this community is GEN-registered - see gen_community_status""}]",search_index,,,,,COMPLETE,HIGH,no,,"Started 1984 as an alternative school based on respect for nature; ~87-100 permanent members; 700 ACRES of which 100 are cropped - an explicit total-holding versus cultivated-extent split, exactly the register's E-block distinction. Quebec's largest ecovillage, with ecological businesses on site. A SIBLING community, Cite Ecologique of New Hampshire, is a separate row in this cohort (seq 275) and must not be conflated.",2026-08-28,1.0.0
IC088,Cedar Moon,45.440790,-122.684757,United States,FULL,,https://cedarmoon.us/ | https://equitytrust.org/tryon-life-community-farm-cedar-moon/ | https://www.tryonfarm.org/ | https://tryonfarm.org/share/story | https://www.pdxmonthly.com/home-and-real-estate/2009/05/1008-features-green-acres | https://ecovillage.org/project/cedar-moon/ | https://ecovillage.org,Cedar Moon,Cedar Moon,no,Cedar Moon; Tryon Life Community Farm; TLC Farm; Sacred Lands Alliance,SETTLEMENT,89,single_source_row,1,0.000,"45.440790,-122.684757",SINGLE,45.440790,-122.684757,HIGH,,US,USA,"Oregon; Multnomah County; SW Portland, beside Tryon Creek State Natural Area",HIGH,coordinate_gazetteer+official_site,https://cedarmoon.us/,US,UNANIMOUS,Lake Oswego (2.5 km),https://ecovillage.org,FIXED_GLOBAL_SOURCE,https://ecovillage.org/project/cedar-moon/,VERIFIED_COMMUNITY_SOURCE,search_index,site:ecovillage.org returned 'Cedar Moon - Global Ecovillage Network' project page,G1,7,4,S2; S3; S4; S6,S2,"[{""url"":""https://cedarmoon.us/"",""rank"":1,""source_class"":""S4"",""platform_type"":""own website"",""independence_group"":""G1"",""confidence"":""HIGH"",""quality_score"":0.88,""verification"":""search_index"",""evidence"":""Cedar Moon official site""},{""url"":""https://www.tryonfarm.org/"",""rank"":3,""source_class"":""S4"",""platform_type"":""own website"",""independence_group"":""G2"",""confidence"":""HIGH"",""quality_score"":0.84,""verification"":""search_index"",""evidence"":""Tryon Life Community Farm - the co-stewarding non-profit, a partly separate voice""},{""url"":""https://tryonfarm.org/share/story"",""rank"":4,""source_class"":""S4"",""platform_type"":""own website"",""independence_group"":""G2"",""confidence"":""HIGH"",""quality_score"":0.76,""verification"":""search_index"",""evidence"":""TLC Farm's own account of the land campaign and purchase""},{""url"":""https://equitytrust.org/tryon-life-community-farm-cedar-moon/"",""rank"":2,""source_class"":""S2"",""platform_type"":""other"",""independence_group"":""G3"",""confidence"":""HIGH"",""quality_score"":0.86,""verification"":""search_index"",""evidence"":""Equity Trust case record - the land-finance institution; dated tenure documentation""},{""url"":""https://ecovillage.org/project/cedar-moon/"",""rank"":6,""source_class"":""S3"",""platform_type"":""directory listing"",""independence_group"":""G1"",""confidence"":""HIGH"",""quality_score"":0.6,""verification"":""search_index"",""evidence"":""Verified GEN project page""},{""url"":""https://www.pdxmonthly.com/home-and-real-estate/2009/05/1008-features-green-acres"",""rank"":5,""source_class"":""S6"",""platform_type"":""news outlet"",""independence_group"":""G4"",""confidence"":""HIGH"",""quality_score"":0.62,""verification"":""search_index"",""evidence"":""Portland Monthly feature, dated 2009""},{""url"":""https://ecovillage.org"",""rank"":7,""source_class"":""S3"",""platform_type"":""directory listing"",""independence_group"":""G1"",""confidence"":""HIGH"",""quality_score"":0.1,""verification"":""fixed_global_source"",""evidence"":""Mandatory Global Ecovillage Network network-level seed, present on every row; not evidence that this community is GEN-registered - see gen_community_status""}]",search_index,,,,,COMPLETE,HIGH,no,,"Seven acres inside Portland surrounded by 350-650 acres of forest park; Cedar Moon is the residential community, Tryon Life Community Farm the non-profit sharing the land - distinct entities, one site. Formed 2004-2006 out of a campaign to stop the land being developed, so DATED CAMPAIGN AND LAND-PURCHASE RECORDS exist, including an Equity Trust case record. Urban setting: E8 needs a coder decision.",2026-08-28,1.0.0
IC089,Twin Oaks Community,37.932583,-77.992429,United States,FULL,,"https://www.twinoaks.org/ | https://twinoaks.org/about-twinoaks-community/more-about-twin-oaks | https://en.wikipedia.org/wiki/Twin_Oaks_Community,_Virginia | https://ecovillage.org/project/twin-oaks-community/ | https://vadogwood.com/community/twin-oaks-inside-virginias-off-the-grid-commune/ | https://www.ic.org/directory/twin-oaks-community/ | https://ecovillage.org",Twin Oaks Community,Twin Oaks Community,no,Twin Oaks; Twin Oaks Community; Twin Oaks Intentional Community,SETTLEMENT,90,single_source_row,1,0.000,"37.932583,-77.992429",SINGLE,37.932583,-77.992429,HIGH,,US,USA,Virginia; Louisa County; Twin Oaks Road,HIGH,coordinate_gazetteer+official_site,https://twinoaks.org/about-twinoaks-community/welcome,US,UNANIMOUS,Charlottesville (43.8 km),https://ecovillage.org,FIXED_GLOBAL_SOURCE,https://ecovillage.org/project/twin-oaks-community/,VERIFIED_COMMUNITY_SOURCE,search_index,site:ecovillage.org returned 'Twin Oaks Community - Global Ecovillage Network' project page,G1,7,4,S3; S4; S6,S3,"[{""url"":""https://www.twinoaks.org/"",""rank"":1,""source_class"":""S4"",""platform_type"":""own website"",""independence_group"":""G1"",""confidence"":""HIGH"",""quality_score"":0.92,""verification"":""search_index"",""evidence"":""Official site""},{""url"":""https://twinoaks.org/about-twinoaks-community/more-about-twin-oaks"",""rank"":2,""source_class"":""S4"",""platform_type"":""own website"",""independence_group"":""G1"",""confidence"":""HIGH"",""quality_score"":0.74,""verification"":""search_index"",""evidence"":""Detailed community description""},{""url"":""https://ecovillage.org/project/twin-oaks-community/"",""rank"":4,""source_class"":""S3"",""platform_type"":""directory listing"",""independence_group"":""G1"",""confidence"":""HIGH"",""quality_score"":0.64,""verification"":""search_index"",""evidence"":""Verified GEN project page giving 485 acres""},{""url"":""https://en.wikipedia.org/wiki/Twin_Oaks_Community,_Virginia"",""rank"":3,""source_class"":""S6"",""platform_type"":""other"",""independence_group"":""G2"",""confidence"":""HIGH"",""quality_score"":0.72,""verification"":""search_index"",""evidence"":""Encyclopaedic article, heavily referenced; comma in path - a delimiter-safety test case""},{""url"":""https://www.ic.org/directory/twin-oaks-community/"",""rank"":6,""source_class"":""S3"",""platform_type"":""directory listing"",""independence_group"":""G3"",""confidence"":""MEDIUM"",""quality_score"":0.46,""verification"":""search_index"",""evidence"":""Foundation for Intentional Community entry""},{""url"":""https://vadogwood.com/community/twin-oaks-inside-virginias-off-the-grid-commune/"",""rank"":5,""source_class"":""S6"",""platform_type"":""news outlet"",""independence_group"":""G4"",""confidence"":""MEDIUM"",""quality_score"":0.52,""verification"":""search_index"",""evidence"":""Virginia Dogwood feature""},{""url"":""https://ecovillage.org"",""rank"":7,""source_class"":""S3"",""platform_type"":""directory listing"",""independence_group"":""G1"",""confidence"":""HIGH"",""quality_score"":0.1,""verification"":""fixed_global_source"",""evidence"":""Mandatory Global Ecovillage Network network-level seed, present on every row; not evidence that this community is GEN-registered - see gen_community_status""}]",search_index,,,,,COMPLETE,HIGH,no,,"Founded 1967 on the Planner/Manager system from Skinner's Walden Two; ~85-100 adults on 485 acres of farm and forest; income-sharing, Federation of Egalitarian Communities. Very long, well documented history; large expected academic yield.",2026-08-28,1.0.0
IC090,Cobb Hill Cohousing,43.548718,-72.425999,United States,FULL,,https://www.cobbhill.org/ | https://www.nofavt.org/node/11264 | https://ecovillage.org/ecovillage/cobb-hill-cohousing/ | https://www.cohousing.org/directory/cobb-hill-cohousing/ | http://cobbhillcheese.com/about | https://en.wikipedia.org/wiki/Cobb_Hill | https://ecovillage.org,Cobb Hill Cohousing,Cobb Hill Cohousing,no,Cobb Hill; Cobb Hill Cohousing; Cedar Mountain Farm; Cobb Hill Cheese,SETTLEMENT,91,single_source_row,1,0.000,"43.548718,-72.425999",SINGLE,43.548718,-72.425999,HIGH,,US,USA,Vermont; Windsor County; Hartland,HIGH,coordinate_gazetteer+official_site,https://www.cobbhill.org/,US,UNANIMOUS,Rutland (44.6 km),https://ecovillage.org,FIXED_GLOBAL_SOURCE,https://ecovillage.org/ecovillage/cobb-hill-cohousing/,VERIFIED_COMMUNITY_SOURCE,search_index,site:ecovillage.org returned 'Cobb Hill Cohousing - Global Ecovillage Network' community page,G1,7,4,S2; S3; S4; S6,S2,"[{""url"":""https://www.cobbhill.org/"",""rank"":1,""source_class"":""S4"",""platform_type"":""own website"",""independence_group"":""G1"",""confidence"":""HIGH"",""quality_score"":0.92,""verification"":""search_index"",""evidence"":""Official site""},{""url"":""https://ecovillage.org/ecovillage/cobb-hill-cohousing/"",""rank"":3,""source_class"":""S3"",""platform_type"":""directory listing"",""independence_group"":""G1"",""confidence"":""HIGH"",""quality_score"":0.62,""verification"":""search_index"",""evidence"":""Verified GEN page""},{""url"":""https://www.nofavt.org/node/11264"",""rank"":2,""source_class"":""S2"",""platform_type"":""other"",""independence_group"":""G2"",""confidence"":""HIGH"",""quality_score"":0.7,""verification"":""search_index"",""evidence"":""NOFA Vermont (organic farming association) site-visit record - independent agricultural body""},{""url"":""https://www.cohousing.org/directory/cobb-hill-cohousing/"",""rank"":4,""source_class"":""S3"",""platform_type"":""directory listing"",""independence_group"":""G3"",""confidence"":""MEDIUM"",""quality_score"":0.46,""verification"":""search_index"",""evidence"":""Cohousing Association directory record""},{""url"":""http://cobbhillcheese.com/about"",""rank"":5,""source_class"":""S4"",""platform_type"":""secondary or former website"",""independence_group"":""G1"",""confidence"":""MEDIUM"",""quality_score"":0.44,""verification"":""search_index"",""evidence"":""On-site dairy enterprise domain - land-use detail""},{""url"":""https://en.wikipedia.org/wiki/Cobb_Hill"",""rank"":6,""source_class"":""S6"",""platform_type"":""other"",""independence_group"":""G4"",""confidence"":""MEDIUM"",""quality_score"":0.4,""verification"":""search_index"",""evidence"":""Encyclopaedic article""},{""url"":""https://ecovillage.org"",""rank"":7,""source_class"":""S3"",""platform_type"":""directory listing"",""independence_group"":""G1"",""confidence"":""HIGH"",""quality_score"":0.1,""verification"":""fixed_global_source"",""evidence"":""Mandatory Global Ecovillage Network network-level seed, present on every row; not evidence that this community is GEN-registered - see gen_community_status""}]",search_index,,,,,COMPLETE,HIGH,no,,"23 households, ~50 people, 270 acres of forest, pasture and agricultural soils; Cedar Mountain Farm and CSA, cheese dairy, shiitake CSA, maple syrup, beekeeping. Founded by the Sustainability Institute circle around Donella Meadows - an unusually strong route into academic literature.",2026-08-28,1.0.0
IC091,Avalon Organic Gardens & EcoVillage,31.575956,-111.041119,United States,FULL,,https://ecovillage.org/project/global-community-communications-all-0/ | https://redflag.org/project/delevan-dell-erba-amadon-dell-erba-and-genavein/ | https://www.tripadvisor.com/Attraction_Review-g60979-d1555384-Reviews-Avalon_Organic_Gardens_EcoVillage-Tumacacori_Arizona.html | https://taylorscottnelson.com/eco-road-trip-avalon-organic-gardens-ecovillage/ | https://ecovillage.org,Avalon Organic Gardens &amp; EcoVillage,Avalon Organic Gardens & EcoVillage,yes,Avalon Organic Gardens & EcoVillage; Avalon Gardens; Global Community Communications Alliance,SETTLEMENT,92,single_source_row,1,0.000,"31.575956,-111.041119",SINGLE,31.575956,-111.041119,HIGH,,US,USA,"Arizona; Santa Cruz County; Tumacacori, Santa Cruz Valley",HIGH,coordinate_gazetteer+published_source,https://ecovillage.org/project/global-community-communications-all-0/,US,MAJORITY,Rio Rico (13.1 km),https://ecovillage.org,FIXED_GLOBAL_SOURCE,https://ecovillage.org/project/global-community-communications-all-0/,VERIFIED_COMMUNITY_SOURCE,search_index,"site:ecovillage.org returned 'Avalon Organic Gardens & EcoVillage' under the slug /project/global-community-communications-all-0/ - the GEN slug is the parent organisation's name, another case where the URL could not have been guessed",G1,5,4,S3; S6,S3,"[{""url"":""https://ecovillage.org/project/global-community-communications-all-0/"",""rank"":1,""source_class"":""S3"",""platform_type"":""directory listing"",""independence_group"":""G1"",""confidence"":""HIGH"",""quality_score"":0.68,""verification"":""search_index"",""evidence"":""Verified GEN project page""},{""url"":""https://redflag.org/project/delevan-dell-erba-amadon-dell-erba-and-genavein/"",""rank"":2,""source_class"":""S6"",""platform_type"":""other"",""independence_group"":""G2"",""confidence"":""MEDIUM"",""quality_score"":0.52,""verification"":""search_index"",""evidence"":""Independent critical account of the community and its leadership - a counterweight to self-description""},{""url"":""https://www.tripadvisor.com/Attraction_Review-g60979-d1555384-Reviews-Avalon_Organic_Gardens_EcoVillage-Tumacacori_Arizona.html"",""rank"":3,""source_class"":""S3"",""platform_type"":""booking or hosting"",""independence_group"":""G3"",""confidence"":""MEDIUM"",""quality_score"":0.32,""verification"":""search_index"",""evidence"":""Visitor-review record confirming location and public tours""},{""url"":""https://taylorscottnelson.com/eco-road-trip-avalon-organic-gardens-ecovillage/"",""rank"":4,""source_class"":""S6"",""platform_type"":""blog platform"",""independence_group"":""G4"",""confidence"":""LOW"",""quality_score"":0.28,""verification"":""search_index"",""evidence"":""Independent visit account""},{""url"":""https://ecovillage.org"",""rank"":5,""source_class"":""S3"",""platform_type"":""directory listing"",""independence_group"":""G1"",""confidence"":""HIGH"",""quality_score"":0.1,""verification"":""fixed_global_source"",""evidence"":""Mandatory Global Ecovillage Network network-level seed, present on every row; not evidence that this community is GEN-registered - see gen_community_status""}]",search_index,,,,,COMPLETE,HIGH,no,,"name repaired from a mis-encoded export; original preserved | TEXT REPAIR: original cell 'Avalon Organic Gardens &amp; EcoVillage' repaired to '&'. Started at Sedona 1994, MOVED to Tumacacori in 2007 - a relocation, so pre-2007 material describes a different site and the onset dating must not mix them. 220 acres; greywater and rain catchment, a 3-acre food forest, solar and wind.",2026-08-28,1.0.0
IC092,Ixixtlan,18.870572,-98.398332,Mexico,FULL,,https://www.huffpost.com/entry/ecoaldeas-mexico-ixixtlan_b_5536944 | http://ecoixixtlan.blogspot.com/ | https://www.esfacilserverde.com/portal25/cultura-y-sociedad-en-transicion/140-una-mirada-dentro-de-la-ecoaldea-ixixtlan | https://www.youtube.com/watch?v=MlToAvrOPSQ | https://x.com/ecoixixtlan?lang=es | https://ecovillage.org,Ixixtlan,Ixixtlan,no,Ixixtlan; Ecoaldea Ixixtlan; Ixixtlan Sanarte,SETTLEMENT,93,single_source_row,1,0.000,"18.870572,-98.398332",SINGLE,18.870572,-98.398332,HIGH,,MX,MEX,Puebla; Atlixco (slopes of Popocatepetl),HIGH,coordinate_gazetteer+published_source,https://www.huffpost.com/entry/ecoaldeas-mexico-ixixtlan_b_5536944,MX,UNANIMOUS,Atlixco (5.8 km),https://ecovillage.org,FIXED_GLOBAL_SOURCE,,NOT_FOUND,search_index_negative,"site:ecovillage.org returned only GEN regional index pages (CASA Latina, Ecovillage Projects) and no community page for Ixixtlan, although GEN text describing Ixixtlan appeared in the results. No GEN community URL is recorded rather than constructing one.",G1,6,3,S4; S6; S7,S4,"[{""url"":""https://www.huffpost.com/entry/ecoaldeas-mexico-ixixtlan_b_5536944"",""rank"":1,""source_class"":""S6"",""platform_type"":""news outlet"",""independence_group"":""G2"",""confidence"":""HIGH"",""quality_score"":0.68,""verification"":""search_index"",""evidence"":""HuffPost Voices feature 'Ecoaldeas de Mexico: Una mirada dentro de Ixixtlan'""},{""url"":""http://ecoixixtlan.blogspot.com/"",""rank"":2,""source_class"":""S4"",""platform_type"":""blog platform"",""independence_group"":""G1"",""confidence"":""MEDIUM"",""quality_score"":0.56,""verification"":""search_index"",""evidence"":""Community blog - the main self-published channel""},{""url"":""https://www.esfacilserverde.com/portal25/cultura-y-sociedad-en-transicion/140-una-mirada-dentro-de-la-ecoaldea-ixixtlan"",""rank"":3,""source_class"":""S6"",""platform_type"":""other"",""independence_group"":""G3"",""confidence"":""MEDIUM"",""quality_score"":0.46,""verification"":""search_index"",""evidence"":""Independent Spanish-language profile""},{""url"":""https://www.youtube.com/watch?v=MlToAvrOPSQ"",""rank"":4,""source_class"":""S7"",""platform_type"":""YouTube"",""independence_group"":""G1"",""confidence"":""MEDIUM"",""quality_score"":0.32,""verification"":""search_index"",""evidence"":""Video documentation of the ecoaldea""},{""url"":""https://x.com/ecoixixtlan?lang=es"",""rank"":5,""source_class"":""S7"",""platform_type"":""other"",""independence_group"":""G1"",""confidence"":""LOW"",""quality_score"":0.18,""verification"":""search_index"",""evidence"":""Community X/Twitter account; query-parameter URL""},{""url"":""https://ecovillage.org"",""rank"":6,""source_class"":""S3"",""platform_type"":""directory listing"",""independence_group"":""G1"",""confidence"":""HIGH"",""quality_score"":0.1,""verification"":""fixed_global_source"",""evidence"":""Mandatory Global Ecovillage Network network-level seed, present on every row; not evidence that this community is GEN-registered - see gen_community_status""}]",search_index,,,,,COMPLETE,MEDIUM,yes,identity_confidence_below_high,"On the slopes of Popocatepetl, ~6 km from Atlixco, Puebla; bio-constructions on sacred geometry, herbalism, spiral garden; founder Beleni Kumara Inti. Part of the CASA Latina Sanctuaries of Life and Peace programme. THREAT ON RECORD: the Morelos Gas Pipeline passes within metres - a documented external land-use pressure worth capturing.",2026-08-28,1.0.0
IC093,Abundance Ecovillage,41.042021,-91.959907,United States,FULL,,https://www.abundanceecovillage.com/about/village-life-2/ | https://www.21stcenturydevelopment.org/case-studies/abundance-ecovillage/ | https://www.abundance-ecovillage.com/ | https://ecovillage.org/map/community/abundance-ecovillage/ | https://theuncarvedblog.com/2012/02/23/iowa-outdoors-fairfields-abundance-ecovillage-harmonious-living-with-nature-off-the-grid/ | https://www.visitfairfieldiowa.com/business/abundance-ecovillage | https://ecovillage.org,Abundance Ecovillage,Abundance Ecovillage,no,Abundance Ecovillage; Abundance EcoVillage Fairfield,SETTLEMENT,94,single_source_row,1,0.000,"41.042021,-91.959907",SINGLE,41.042021,-91.959907,HIGH,,US,USA,Iowa; Jefferson County; near Fairfield,HIGH,coordinate_gazetteer+official_site,https://www.abundanceecovillage.com/about/village-life-2/,US,UNANIMOUS,Ottumwa (37.9 km),https://ecovillage.org,FIXED_GLOBAL_SOURCE,https://ecovillage.org/map/community/abundance-ecovillage/,VERIFIED_COMMUNITY_SOURCE,search_index,site:ecovillage.org returned 'Abundance Ecovillage - Global Ecovillage Network' as a /map/community/ directory entry,G1,7,4,S2; S3; S4; S6,S2,"[{""url"":""https://www.abundanceecovillage.com/about/village-life-2/"",""rank"":1,""source_class"":""S4"",""platform_type"":""own website"",""independence_group"":""G1"",""confidence"":""HIGH"",""quality_score"":0.86,""verification"":""search_index"",""evidence"":""Official village-life page""},{""url"":""https://www.abundance-ecovillage.com/"",""rank"":3,""source_class"":""S4"",""platform_type"":""secondary or former website"",""independence_group"":""G1"",""confidence"":""HIGH"",""quality_score"":0.62,""verification"":""search_index"",""evidence"":""Second domain - likely the older site""},{""url"":""https://ecovillage.org/map/community/abundance-ecovillage/"",""rank"":4,""source_class"":""S3"",""platform_type"":""directory listing"",""independence_group"":""G1"",""confidence"":""HIGH"",""quality_score"":0.62,""verification"":""search_index"",""evidence"":""Verified GEN directory entry""},{""url"":""https://www.21stcenturydevelopment.org/case-studies/abundance-ecovillage/"",""rank"":2,""source_class"":""S2"",""platform_type"":""other"",""independence_group"":""G2"",""confidence"":""HIGH"",""quality_score"":0.74,""verification"":""search_index"",""evidence"":""21st Century Development case study - independent technical documentation""},{""url"":""https://theuncarvedblog.com/2012/02/23/iowa-outdoors-fairfields-abundance-ecovillage-harmonious-living-with-nature-off-the-grid/"",""rank"":5,""source_class"":""S6"",""platform_type"":""blog platform"",""independence_group"":""G3"",""confidence"":""MEDIUM"",""quality_score"":0.5,""verification"":""search_index"",""evidence"":""Dated 2012 Iowa Outdoors account""},{""url"":""https://www.visitfairfieldiowa.com/business/abundance-ecovillage"",""rank"":6,""source_class"":""S2"",""platform_type"":""other"",""independence_group"":""G4"",""confidence"":""LOW"",""quality_score"":0.3,""verification"":""search_index"",""evidence"":""City tourism record""},{""url"":""https://ecovillage.org"",""rank"":7,""source_class"":""S3"",""platform_type"":""directory listing"",""independence_group"":""G1"",""confidence"":""HIGH"",""quality_score"":0.1,""verification"":""fixed_global_source"",""evidence"":""Mandatory Global Ecovillage Network network-level seed, present on every row; not evidence that this community is GEN-registered - see gen_community_status""}]",search_index,,,,,COMPLETE,HIGH,no,,"16 acres outside Fairfield; first home built 2001; founded by Lonnie Gamble and Michael Havelka. Fully off-grid on wind and solar, rainwater harvesting, constructed wastewater treatment wetland - the wetland is a discrete, datable, satellite-visible feature. Two domains in use (abundanceecovillage.com and abundance-ecovillage.com).",2026-08-28,1.0.0
IC094,Stowe Farm Community,42.702264,-72.775739,United States,FULL,,https://stowefarm.org/ | https://stowefarm.org/where-we-are/ | https://ecovillage.org/ecovillage/stowe-farm-community/ | https://www.ic.org/directory/katywil-farm-community/ | https://stowefarm.org/mission-and-goals/ | https://find.coop/es/organizations/21989-katywil-stowe-farm-community | https://ecovillage.org,Stowe Farm Community,Stowe Farm Community,no,Stowe Farm Community; Katywil; Katywil Farm Community,SETTLEMENT,95,single_source_row,1,0.000,"42.702264,-72.775739",SINGLE,42.702264,-72.775739,HIGH,,US,USA,"Massachusetts; Franklin County; Colrain (north-west edge, near the Vermont line)",HIGH,published_source_overrides_gazetteer,https://stowefarm.org/where-we-are/,US,UNANIMOUS,Greenfield (19.2 km),https://ecovillage.org,FIXED_GLOBAL_SOURCE,https://ecovillage.org/ecovillage/stowe-farm-community/,VERIFIED_COMMUNITY_SOURCE,search_index,"site:ecovillage.org returned 'Stowe Farm Community - Global Ecovillage Network' placing it in Colrain, Massachusetts",G1,7,3,S3; S4,S3,"[{""url"":""https://stowefarm.org/"",""rank"":1,""source_class"":""S4"",""platform_type"":""own website"",""independence_group"":""G1"",""confidence"":""HIGH"",""quality_score"":0.9,""verification"":""search_index"",""evidence"":""Official site""},{""url"":""https://stowefarm.org/where-we-are/"",""rank"":2,""source_class"":""S4"",""platform_type"":""own website"",""independence_group"":""G1"",""confidence"":""HIGH"",""quality_score"":0.74,""verification"":""search_index"",""evidence"":""Location page - settles the Massachusetts placement""},{""url"":""https://ecovillage.org/ecovillage/stowe-farm-community/"",""rank"":3,""source_class"":""S3"",""platform_type"":""directory listing"",""independence_group"":""G1"",""confidence"":""HIGH"",""quality_score"":0.66,""verification"":""search_index"",""evidence"":""Verified GEN page recording the former name Katywil and the 90 acres""},{""url"":""https://www.ic.org/directory/katywil-farm-community/"",""rank"":4,""source_class"":""S3"",""platform_type"":""directory listing"",""independence_group"":""G2"",""confidence"":""HIGH"",""quality_score"":0.52,""verification"":""search_index"",""evidence"":""Foundation for Intentional Community entry under the FORMER name - a former-identity trace""},{""url"":""https://find.coop/es/organizations/21989-katywil-stowe-farm-community"",""rank"":6,""source_class"":""S3"",""platform_type"":""directory listing"",""independence_group"":""G3"",""confidence"":""MEDIUM"",""quality_score"":0.38,""verification"":""search_index"",""evidence"":""Find.coop record carrying both names""},{""url"":""https://stowefarm.org/mission-and-goals/"",""rank"":5,""source_class"":""S4"",""platform_type"":""own website"",""independence_group"":""G1"",""confidence"":""MEDIUM"",""quality_score"":0.48,""verification"":""search_index"",""evidence"":""Mission page""},{""url"":""https://ecovillage.org"",""rank"":7,""source_class"":""S3"",""platform_type"":""directory listing"",""independence_group"":""G1"",""confidence"":""HIGH"",""quality_score"":0.1,""verification"":""fixed_global_source"",""evidence"":""Mandatory Global Ecovillage Network network-level seed, present on every row; not evidence that this community is GEN-registered - see gen_community_status""}]",search_index,,,,,COMPLETE,HIGH,no,,"ADMIN CORRECTION: this is in COLRAIN, MASSACHUSETTS, not Vermont, though it sits on the state line - the supplied coordinate is right at the border. FORMER NAME 'Katywil' is a distinct archive and directory search string (register A2) and is still the slug used by IC.org and Find.coop. 90 acres, up to 11 households; farmland, brook, pasture, conserved forest; livestock and cheese-making.",2026-08-28,1.0.0
IC095,Ecovillage at Ithaca,42.441648,-76.542637,United States,FULL,,https://ecovillageithaca.org/ | https://ecovillageithaca.org/grow/farming-and-food/ | https://farmland.org/stories/west-haven-farm | https://www.westhavenfarm.net/our-story | https://ecovillagebook.org/ecovillages/ev-ithaca/ | https://ecovillage.org/ecovillage/ecovillage-at-ithaca/ | https://ecovillageithaca.org/download/west-haven-farm/ | https://ecovillage.org,Ecovillage at Ithaca,Ecovillage at Ithaca,no,"EcoVillage at Ithaca; EVI; Frog, Song and Tree neighborhoods; West Haven Farm; Thrive Ithaca",SETTLEMENT,96,single_source_row,1,0.000,"42.441648,-76.542637",SINGLE,42.441648,-76.542637,HIGH,,US,USA,"New York; Tompkins County; Town of Ithaca, 2.5 miles from downtown",HIGH,coordinate_gazetteer+official_site,https://ecovillageithaca.org/,US,UNANIMOUS,Ithaca (3.8 km),https://ecovillage.org,FIXED_GLOBAL_SOURCE,https://ecovillage.org/ecovillage/ecovillage-at-ithaca/,VERIFIED_COMMUNITY_SOURCE,search_index,site:ecovillage.org returned 'Ecovillage at Ithaca - Global Ecovillage Network' community page plus a GEN feature article,G1,8,4,S1; S2; S3; S4,S1,"[{""url"":""https://ecovillageithaca.org/"",""rank"":1,""source_class"":""S4"",""platform_type"":""own website"",""independence_group"":""G1"",""confidence"":""HIGH"",""quality_score"":0.92,""verification"":""search_index"",""evidence"":""Official site""},{""url"":""https://ecovillageithaca.org/grow/farming-and-food/"",""rank"":2,""source_class"":""S4"",""platform_type"":""own website"",""independence_group"":""G1"",""confidence"":""HIGH"",""quality_score"":0.84,""verification"":""search_index"",""evidence"":""Farming and food page - the land-use record""},{""url"":""https://www.westhavenfarm.net/our-story"",""rank"":4,""source_class"":""S4"",""platform_type"":""own website"",""independence_group"":""G2"",""confidence"":""HIGH"",""quality_score"":0.8,""verification"":""search_index"",""evidence"":""West Haven Farm's own history - a separate operator on the same land""},{""url"":""https://farmland.org/stories/west-haven-farm"",""rank"":3,""source_class"":""S2"",""platform_type"":""other"",""independence_group"":""G3"",""confidence"":""HIGH"",""quality_score"":0.84,""verification"":""search_index"",""evidence"":""American Farmland Trust record of West Haven Farm - institutional, independent, and about the land itself""},{""url"":""https://ecovillage.org/ecovillage/ecovillage-at-ithaca/"",""rank"":6,""source_class"":""S3"",""platform_type"":""directory listing"",""independence_group"":""G1"",""confidence"":""HIGH"",""quality_score"":0.6,""verification"":""search_index"",""evidence"":""Verified GEN page with acreage and household counts""},{""url"":""https://ecovillagebook.org/ecovillages/ev-ithaca/"",""rank"":5,""source_class"":""S1"",""platform_type"":""other"",""independence_group"":""G4"",""confidence"":""HIGH"",""quality_score"":0.74,""verification"":""search_index"",""evidence"":""Companion site to Litfin's academic monograph on ecovillages""},{""url"":""https://ecovillageithaca.org/download/west-haven-farm/"",""rank"":7,""source_class"":""S4"",""platform_type"":""own website"",""independence_group"":""G1"",""confidence"":""MEDIUM"",""quality_score"":0.56,""verification"":""search_index"",""evidence"":""Downloadable West Haven Farm material - a document route""},{""url"":""https://ecovillage.org"",""rank"":8,""source_class"":""S3"",""platform_type"":""directory listing"",""independence_group"":""G1"",""confidence"":""HIGH"",""quality_score"":0.1,""verification"":""fixed_global_source"",""evidence"":""Mandatory Global Ecovillage Network network-level seed, present on every row; not evidence that this community is GEN-registered - see gen_community_status""}]",search_index,,,,,COMPLETE,HIGH,no,,"Developing since 1991; 170-175 acres, 100 homes, 200+ residents in three cohousing neighbourhoods - among the largest cohousing communities in the world. WEST HAVEN FARM (from 1992, certified organic, Ithaca's longest-running CSA) sits on the land under a PERMANENT CONSERVATION EASEMENT held via the Finger Lakes Land Trust - a dated, legally recorded land instrument and an independent farm voice.",2026-08-28,1.0.0
IC096,The Garden,36.598200,-85.931557,United States,FULL,,https://thefreegarden.org/ | https://ecovillage.org/ecovillage/the-garden/ | https://www.vice.com/en/article/heres-what-happened-at-the-tiktok-commune-the-garden-after-it-closed-tree-julia-interview/ | https://circusofpurpose.wordpress.com/2020/07/02/the-garden-intentional-community-and-sage-valley-eco-village/ | https://ecovillage.org,The Garden,The Garden,no,The Garden; Shut Up and Grow It; The Free Garden; Sage Valley Eco-Village,SETTLEMENT,97,single_source_row,1,0.000,"36.598200,-85.931557",SINGLE,36.598200,-85.931557,HIGH,,US,USA,"Tennessee; Macon County; Lafayette (GEN); coordinate sits near Celina, Clay County",HIGH,coordinate_gazetteer+GEN_profile_CONFLICTING,https://ecovillage.org/ecovillage/the-garden/,US,UNANIMOUS,Gallatin (51.6 km),https://ecovillage.org,FIXED_GLOBAL_SOURCE,https://ecovillage.org/ecovillage/the-garden/,VERIFIED_COMMUNITY_SOURCE,search_index,"site:ecovillage.org returned 'The Garden - Global Ecovillage Network' community page, which places the community on 21.3 acres in LAFAYETTE, Tennessee",G1,5,3,S3; S4; S6,S3,"[{""url"":""https://ecovillage.org/ecovillage/the-garden/"",""rank"":2,""source_class"":""S3"",""platform_type"":""directory listing"",""independence_group"":""G1"",""confidence"":""HIGH"",""quality_score"":0.66,""verification"":""search_index"",""evidence"":""Verified GEN page with acreage and the Lafayette placement""},{""url"":""https://thefreegarden.org/"",""rank"":1,""source_class"":""S4"",""platform_type"":""own website"",""independence_group"":""G1"",""confidence"":""HIGH"",""quality_score"":0.8,""verification"":""search_index"",""evidence"":""Official community site""},{""url"":""https://www.vice.com/en/article/heres-what-happened-at-the-tiktok-commune-the-garden-after-it-closed-tree-julia-interview/"",""rank"":3,""source_class"":""S6"",""platform_type"":""news outlet"",""independence_group"":""G2"",""confidence"":""HIGH"",""quality_score"":0.66,""verification"":""search_index"",""evidence"":""Vice long-form investigation - independent and critical""},{""url"":""https://circusofpurpose.wordpress.com/2020/07/02/the-garden-intentional-community-and-sage-valley-eco-village/"",""rank"":4,""source_class"":""S6"",""platform_type"":""blog platform"",""independence_group"":""G3"",""confidence"":""MEDIUM"",""quality_score"":0.48,""verification"":""search_index"",""evidence"":""Dated 2020 visit account also naming Sage Valley Eco-Village""},{""url"":""https://ecovillage.org"",""rank"":5,""source_class"":""S3"",""platform_type"":""directory listing"",""independence_group"":""G1"",""confidence"":""HIGH"",""quality_score"":0.1,""verification"":""fixed_global_source"",""evidence"":""Mandatory Global Ecovillage Network network-level seed, present on every row; not evidence that this community is GEN-registered - see gen_community_status""}]",search_index,,,,,COMPLETE,MEDIUM,yes,identity_confidence_below_high,"COORDINATE CHECK NEEDED: GEN says Lafayette (Macon County); the supplied coordinate 36.598N 85.932W is nearer Celina in Clay County, roughly 40 km east. Both are plausible for a community that has moved or spans sites, so neither is asserted. FORMER NAME 'Shut Up and Grow It' is a strong distinct search string. 21.3 acres, 10-60 people fluctuating, twelve years of stewardship, off-grid water and power, 38 chickens, 10 structures.",2026-08-28,1.0.0
IC097,Gita Nagari Eco-Farm and Sanctuary,40.490405,-77.461402,United States,FULL,,https://gitavalley.org/ | https://www.iskcongitanagari.org/about-us/ | https://sites.psu.edu/ecoaction/2018/10/29/eco-action-visits-the-gita-nagari-eco-farm/ | https://ecovillage.org/map/community/gita-nagari-eco-farm-and-sanctuary/ | https://www.appropedia.org/GEN_Solution_Library/Gita_nagari_eco-farm_and_sanctuary | https://www.facebook.com/gitavalley/ | https://ecovillage.org,Gita Nagari Eco-Farm and Sanctuary,Gita Nagari Eco-Farm and Sanctuary,no,Gita Nagari; Gita Valley; ISKCON Gita Nagari; Gita Nagari Eco Farm and Sanctuary,SETTLEMENT,98,single_source_row,1,0.000,"40.490405,-77.461402",SINGLE,40.490405,-77.461402,HIGH,,US,USA,Pennsylvania; Juniata County; Port Royal; Gita Nagari Rd,HIGH,coordinate_gazetteer+official_site,https://gitavalley.org/,US,UNANIMOUS,Carlisle (39.6 km),https://ecovillage.org,FIXED_GLOBAL_SOURCE,https://ecovillage.org/map/community/gita-nagari-eco-farm-and-sanctuary/,VERIFIED_COMMUNITY_SOURCE,search_index,site:ecovillage.org returned 'Gita Nagari Eco-Farm and Sanctuary - Global Ecovillage Network' as a /map/community/ entry; GEN also carries a Solution Library record,G1,7,2,S1; S3; S4; S7,S1,"[{""url"":""https://gitavalley.org/"",""rank"":1,""source_class"":""S4"",""platform_type"":""own website"",""independence_group"":""G1"",""confidence"":""HIGH"",""quality_score"":0.88,""verification"":""search_index"",""evidence"":""Current official site (Gita Valley)""},{""url"":""https://www.iskcongitanagari.org/about-us/"",""rank"":2,""source_class"":""S4"",""platform_type"":""secondary or former website"",""independence_group"":""G1"",""confidence"":""HIGH"",""quality_score"":0.7,""verification"":""search_index"",""evidence"":""ISKCON Gita Nagari site - the older/parallel domain""},{""url"":""https://ecovillage.org/map/community/gita-nagari-eco-farm-and-sanctuary/"",""rank"":4,""source_class"":""S3"",""platform_type"":""directory listing"",""independence_group"":""G1"",""confidence"":""HIGH"",""quality_score"":0.62,""verification"":""search_index"",""evidence"":""Verified GEN directory entry""},{""url"":""https://www.appropedia.org/GEN_Solution_Library/Gita_nagari_eco-farm_and_sanctuary"",""rank"":5,""source_class"":""S3"",""platform_type"":""other"",""independence_group"":""G1"",""confidence"":""MEDIUM"",""quality_score"":0.5,""verification"":""search_index"",""evidence"":""GEN Solution Library entry mirrored on Appropedia - same GEN family, but a stable citable copy""},{""url"":""https://sites.psu.edu/ecoaction/2018/10/29/eco-action-visits-the-gita-nagari-eco-farm/"",""rank"":3,""source_class"":""S1"",""platform_type"":""other"",""independence_group"":""G2"",""confidence"":""HIGH"",""quality_score"":0.7,""verification"":""search_index"",""evidence"":""Penn State Eco Action dated 2018 field visit - university-hosted""},{""url"":""https://www.facebook.com/gitavalley/"",""rank"":6,""source_class"":""S7"",""platform_type"":""Facebook"",""independence_group"":""G1"",""confidence"":""MEDIUM"",""quality_score"":0.28,""verification"":""search_index"",""evidence"":""Official page""},{""url"":""https://ecovillage.org"",""rank"":7,""source_class"":""S3"",""platform_type"":""directory listing"",""independence_group"":""G1"",""confidence"":""HIGH"",""quality_score"":0.1,""verification"":""fixed_global_source"",""evidence"":""Mandatory Global Ecovillage Network network-level seed, present on every row; not evidence that this community is GEN-registered - see gen_community_status""}]",search_index,,,,,COMPLETE,HIGH,no,,"350-acre eco farm and cow sanctuary; the USDA's only certified slaughter-free dairy; regenerative agriculture, invasive-species removal and native planting in the surrounding forest - a specific, datable restoration activity. Penn State Eco Action has published dated field visits, and the GEN Solution Library entry is mirrored on Appropedia.",2026-08-28,1.0.0
IC098,The Camphill School,40.136841,-75.707889,United States,FULL,,https://camphillschool.org/contact/ | https://ecovillage.org/project/the-camphill-school | https://camphill.org/communities/the-camphill-school/ | https://02ba9f6.netsolhost.com/school/who-we-are/ | https://beaverrunfoundation.org/ | https://ecovillage.org,The Camphill School,The Camphill School,no,The Camphill School; Camphill Special School; Beaver Run; Camphill Special School Beaver Run,SETTLEMENT,99,single_source_row,1,0.000,"40.136841,-75.707889",SINGLE,40.136841,-75.707889,HIGH,,US,USA,Pennsylvania; Chester County; Glenmoore / East Nantmeal; Fairview Road (Beaver Run),HIGH,coordinate_gazetteer+official_site,https://camphillschool.org/contact/,US,UNANIMOUS,Pottstown (13.0 km),https://ecovillage.org,FIXED_GLOBAL_SOURCE,https://ecovillage.org/project/the-camphill-school,VERIFIED_COMMUNITY_SOURCE,search_index,site:ecovillage.org returned 'The Camphill School - Global Ecovillage Network' project page with the 1963 farm purchase,G1,6,3,S2; S3; S4; S5,S2,"[{""url"":""https://camphillschool.org/contact/"",""rank"":1,""source_class"":""S4"",""platform_type"":""own website"",""independence_group"":""G1"",""confidence"":""HIGH"",""quality_score"":0.82,""verification"":""search_index"",""evidence"":""Official site with the Fairview Road, Glenmoore address""},{""url"":""https://ecovillage.org/project/the-camphill-school"",""rank"":2,""source_class"":""S3"",""platform_type"":""directory listing"",""independence_group"":""G1"",""confidence"":""HIGH"",""quality_score"":0.7,""verification"":""search_index"",""evidence"":""Verified GEN project page with the 1963 purchase and founding schools""},{""url"":""https://camphill.org/communities/the-camphill-school/"",""rank"":3,""source_class"":""S2"",""platform_type"":""directory listing"",""independence_group"":""G2"",""confidence"":""HIGH"",""quality_score"":0.68,""verification"":""search_index"",""evidence"":""Camphill Association of North America record - the movement's own separately maintained register""},{""url"":""https://02ba9f6.netsolhost.com/school/who-we-are/"",""rank"":4,""source_class"":""S5"",""platform_type"":""secondary or former website"",""independence_group"":""G1"",""confidence"":""MEDIUM"",""quality_score"":0.54,""verification"":""search_index"",""evidence"":""An older hosting path for the school's 'Who We Are' pages - a legacy-domain trace""},{""url"":""https://beaverrunfoundation.org/"",""rank"":5,""source_class"":""S2"",""platform_type"":""other"",""independence_group"":""G3"",""confidence"":""MEDIUM"",""quality_score"":0.52,""verification"":""search_index"",""evidence"":""Beaver Run Foundation - the supporting charity; a route to dated financial records""},{""url"":""https://ecovillage.org"",""rank"":6,""source_class"":""S3"",""platform_type"":""directory listing"",""independence_group"":""G1"",""confidence"":""HIGH"",""quality_score"":0.1,""verification"":""fixed_global_source"",""evidence"":""Mandatory Global Ecovillage Network network-level seed, present on every row; not evidence that this community is GEN-registered - see gen_community_status""}]",search_index,,,,,COMPLETE,HIGH,no,,"Formed by the merger of Downingtown Special School (1954) and Donegal Springs (1961); a 57-ACRE FARM AT EAST NANTMEAL PURCHASED IN OCTOBER 1963 - a precisely dated land acquisition, register rank 1 material. The only Camphill community in North America for children; adapted Waldorf curriculum. Note: a school and residential care community rather than a village of independent households - E2 needs a coder decision.",2026-08-28,1.0.0
IC099,Hundredfold Farm,39.889294,-77.376676,United States,FULL,,https://hundredfoldfarm.org/ | https://ecovillage.org/project/hundredfold-farm-2/ | https://ecovillage.org/from-decomposition-to-regeneration-cultivating-a-collaborative-future-with-bill-harzell-and-devon-kehler-of-hundredfold-farm/ | https://www.cohousing.org/directory/hundredfold-farm-cohousing-community/ | https://theburgnews.com/home-front/the-shared-life-caring-community-convey-at-hundredfold-farm | https://www.midatlanticcohousing.org/hundredfold-farm-cohousing-community.html | https://ecovillage.org,Hundredfold Farm,Hundredfold Farm,no,Hundredfold Farm; Hundredfold Farm Cohousing Community,SETTLEMENT,100,single_source_row,1,0.000,"39.889294,-77.376676",SINGLE,39.889294,-77.376676,HIGH,,US,USA,"Pennsylvania; Adams County; Orrtanna, near Gettysburg; Evergreen Way",HIGH,coordinate_gazetteer+official_site,https://hundredfoldfarm.org/,US,UNANIMOUS,Chambersburg (24.8 km),https://ecovillage.org,FIXED_GLOBAL_SOURCE,https://ecovillage.org/project/hundredfold-farm-2/,VERIFIED_COMMUNITY_SOURCE,search_index,site:ecovillage.org returned 'Hundredfold Farm - Global Ecovillage Network' project page plus a GEN podcast episode about the community,G1,7,4,S3; S4; S6,S3,"[{""url"":""https://hundredfoldfarm.org/"",""rank"":1,""source_class"":""S4"",""platform_type"":""own website"",""independence_group"":""G1"",""confidence"":""HIGH"",""quality_score"":0.88,""verification"":""search_index"",""evidence"":""Official site (noted as under renovation - check the archive)""},{""url"":""https://ecovillage.org/project/hundredfold-farm-2/"",""rank"":2,""source_class"":""S3"",""platform_type"":""directory listing"",""independence_group"":""G1"",""confidence"":""HIGH"",""quality_score"":0.7,""verification"":""search_index"",""evidence"":""Verified GEN project page recording the Christmas-tree-farm conversion""},{""url"":""https://ecovillage.org/from-decomposition-to-regeneration-cultivating-a-collaborative-future-with-bill-harzell-and-devon-kehler-of-hundredfold-farm/"",""rank"":3,""source_class"":""S3"",""platform_type"":""directory listing"",""independence_group"":""G1"",""confidence"":""HIGH"",""quality_score"":0.56,""verification"":""search_index"",""evidence"":""GEN podcast episode with two members - dated first-person material""},{""url"":""https://www.cohousing.org/directory/hundredfold-farm-cohousing-community/"",""rank"":4,""source_class"":""S3"",""platform_type"":""directory listing"",""independence_group"":""G2"",""confidence"":""HIGH"",""quality_score"":0.54,""verification"":""search_index"",""evidence"":""Cohousing Association directory record with address""},{""url"":""https://theburgnews.com/home-front/the-shared-life-caring-community-convey-at-hundredfold-farm"",""rank"":5,""source_class"":""S6"",""platform_type"":""news outlet"",""independence_group"":""G3"",""confidence"":""MEDIUM"",""quality_score"":0.54,""verification"":""search_index"",""evidence"":""TheBurg regional feature""},{""url"":""https://www.midatlanticcohousing.org/hundredfold-farm-cohousing-community.html"",""rank"":6,""source_class"":""S3"",""platform_type"":""directory listing"",""independence_group"":""G4"",""confidence"":""MEDIUM"",""quality_score"":0.36,""verification"":""search_index"",""evidence"":""Mid Atlantic Cohousing record""},{""url"":""https://ecovillage.org"",""rank"":7,""source_class"":""S3"",""platform_type"":""directory listing"",""independence_group"":""G1"",""confidence"":""HIGH"",""quality_score"":0.1,""verification"":""fixed_global_source"",""evidence"":""Mandatory Global Ecovillage Network network-level seed, present on every row; not evidence that this community is GEN-registered - see gen_community_status""}]",search_index,,,,,COMPLETE,HIGH,no,,"14-household rural cohousing near Gettysburg on an 80-ACRE FORMER CHRISTMAS TREE FARM preserved from subdivision and CONVERTED TO ORGANIC METHODS - an explicit, datable land-use conversion with a clear prior state, unusually good for the before/after design. Organic community gardens, active and passive solar, and a wastewater treatment plant recycling water to the homes.",2026-08-28,1.0.0
IC100,Sawyer Hill Ecovillage,42.372911,-71.626188,United States,FULL,,https://www.sawyerhill.org/ | https://mosaic-commons.org/plans | https://www.gpr-inc.com/portfolio/sawyer-hill/ | https://www.camelotcohousing.com/ | https://www.wgbh.org/news/local/2022-05-06/ecovillages-local-residents-embrace-communal-living-with-a-sustainable-twist | https://ecovillage.org/project/sawyer-hill-ecovillage/ | https://www.sawyerhill.org/sites/sawyerhill.org/files/2020-03/20%20Village%20Ln%20Listing%20Sheet.pdf | https://ecovillage.org,Sawyer Hill Ecovillage,Sawyer Hill Ecovillage,no,Sawyer Hill EcoVillage; Mosaic Commons; Camelot Cohousing,SETTLEMENT,101,single_source_row,1,0.000,"42.372911,-71.626188",SINGLE,42.372911,-71.626188,HIGH,,US,USA,Massachusetts; Worcester County; Berlin,HIGH,coordinate_gazetteer+official_site,https://www.sawyerhill.org/,US,UNANIMOUS,Marlborough (6.8 km),https://ecovillage.org,FIXED_GLOBAL_SOURCE,https://ecovillage.org/project/sawyer-hill-ecovillage/,VERIFIED_COMMUNITY_SOURCE,search_index,Search returned 'Sawyer Hill Ecovillage - Global Ecovillage Network' project page; GEN-US carries a parallel listing,G1,8,3,S2; S3; S4; S6,S2,"[{""url"":""https://www.sawyerhill.org/"",""rank"":1,""source_class"":""S4"",""platform_type"":""own website"",""independence_group"":""G1"",""confidence"":""HIGH"",""quality_score"":0.9,""verification"":""search_index"",""evidence"":""Umbrella site for both cohousing groups""},{""url"":""https://mosaic-commons.org/plans"",""rank"":2,""source_class"":""S4"",""platform_type"":""own website"",""independence_group"":""G1"",""confidence"":""HIGH"",""quality_score"":0.8,""verification"":""search_index"",""evidence"":""'The Common House, Our Homes, Our Land' - the land and site plan""},{""url"":""https://www.camelotcohousing.com/"",""rank"":4,""source_class"":""S4"",""platform_type"":""own website"",""independence_group"":""G1"",""confidence"":""HIGH"",""quality_score"":0.66,""verification"":""search_index"",""evidence"":""Camelot Cohousing site""},{""url"":""https://ecovillage.org/project/sawyer-hill-ecovillage/"",""rank"":6,""source_class"":""S3"",""platform_type"":""directory listing"",""independence_group"":""G1"",""confidence"":""HIGH"",""quality_score"":0.62,""verification"":""search_index"",""evidence"":""Verified GEN project page""},{""url"":""https://www.gpr-inc.com/portfolio/sawyer-hill/"",""rank"":3,""source_class"":""S2"",""platform_type"":""other"",""independence_group"":""G2"",""confidence"":""HIGH"",""quality_score"":0.74,""verification"":""search_index"",""evidence"":""GPR engineering portfolio record - independent site/infrastructure documentation""},{""url"":""https://www.wgbh.org/news/local/2022-05-06/ecovillages-local-residents-embrace-communal-living-with-a-sustainable-twist"",""rank"":5,""source_class"":""S6"",""platform_type"":""news outlet"",""independence_group"":""G3"",""confidence"":""HIGH"",""quality_score"":0.66,""verification"":""search_index"",""evidence"":""GBH public broadcaster feature, dated 2022""},{""url"":""https://www.sawyerhill.org/sites/sawyerhill.org/files/2020-03/20%20Village%20Ln%20Listing%20Sheet.pdf"",""rank"":7,""source_class"":""S4"",""platform_type"":""own website"",""independence_group"":""G1"",""confidence"":""MEDIUM"",""quality_score"":0.44,""verification"":""search_index"",""evidence"":""A PDF hosted on the community site; percent-encoded spaces - URL-fidelity test case""},{""url"":""https://ecovillage.org"",""rank"":8,""source_class"":""S3"",""platform_type"":""directory listing"",""independence_group"":""G1"",""confidence"":""HIGH"",""quality_score"":0.1,""verification"":""fixed_global_source"",""evidence"":""Mandatory Global Ecovillage Network network-level seed, present on every row; not evidence that this community is GEN-registered - see gen_community_status""}]",search_index,,,,,COMPLETE,HIGH,no,,"Two cohousing groups on one site - Mosaic Commons and Camelot Cohousing, 34 units each, completed summer 2009. ~65 acres of which ~30 are preserved conservation land and most of the remaining 35 left as open space. The conservation split is a clean managed-versus-total-holding case.",2026-08-28,1.0.0
IC101,Moora Moora Co-operative,-37.720704,145.569887,Australia,FULL,,https://mooramoora.org.au/ | https://en.wikipedia.org/wiki/Moora_Moora | https://ecovillage.org/ecovillage/moora-moora-co-operative/ | http://anxietyanddepression-help.com/mudsmith/moora.html | https://find.coop/organizations/22067-moora-moora-co-operative-community | https://www.youtube.com/watch?v=DoIyq-rBtI8 | https://ecovillage.org,Moora Moora Co-operative,Moora Moora Co-operative,no,Moora Moora; Moora Moora Co-operative Community,SETTLEMENT,102,single_source_row,1,0.000,"-37.720704,145.569887",SINGLE,-37.720704,145.569887,HIGH,,AU,AUS,"Victoria; Mount Toolebewong, near Healesville",HIGH,coordinate_gazetteer+official_site,https://mooramoora.org.au/,AU,UNANIMOUS,Lilydale (19.6 km),https://ecovillage.org,FIXED_GLOBAL_SOURCE,https://ecovillage.org/ecovillage/moora-moora-co-operative/,VERIFIED_COMMUNITY_SOURCE,search_index,site:ecovillage.org returned 'Moora Moora Co-operative - Global Ecovillage Network' community page recording continuous residence since 1974,G1,7,5,S3; S4; S5; S6; S7,S3,"[{""url"":""https://mooramoora.org.au/"",""rank"":1,""source_class"":""S4"",""platform_type"":""own website"",""independence_group"":""G1"",""confidence"":""HIGH"",""quality_score"":0.9,""verification"":""search_index"",""evidence"":""Official co-operative site""},{""url"":""https://ecovillage.org/ecovillage/moora-moora-co-operative/"",""rank"":3,""source_class"":""S3"",""platform_type"":""directory listing"",""independence_group"":""G1"",""confidence"":""HIGH"",""quality_score"":0.62,""verification"":""search_index"",""evidence"":""Verified GEN page with the 1974 date""},{""url"":""https://en.wikipedia.org/wiki/Moora_Moora"",""rank"":2,""source_class"":""S6"",""platform_type"":""other"",""independence_group"":""G2"",""confidence"":""HIGH"",""quality_score"":0.68,""verification"":""search_index"",""evidence"":""Encyclopaedic article with area, altitude and hamlet structure""},{""url"":""https://find.coop/organizations/22067-moora-moora-co-operative-community"",""rank"":5,""source_class"":""S3"",""platform_type"":""directory listing"",""independence_group"":""G3"",""confidence"":""MEDIUM"",""quality_score"":0.4,""verification"":""search_index"",""evidence"":""Find.coop co-operative register record""},{""url"":""http://anxietyanddepression-help.com/mudsmith/moora.html"",""rank"":4,""source_class"":""S5"",""platform_type"":""secondary or former website"",""independence_group"":""G4"",""confidence"":""MEDIUM"",""quality_score"":0.46,""verification"":""search_index"",""evidence"":""A long-standing member's personal page - an old, stable page likely to hold early material""},{""url"":""https://www.youtube.com/watch?v=DoIyq-rBtI8"",""rank"":6,""source_class"":""S7"",""platform_type"":""YouTube"",""independence_group"":""G5"",""confidence"":""MEDIUM"",""quality_score"":0.36,""verification"":""search_index"",""evidence"":""Independent documentary segment - visual documentation""},{""url"":""https://ecovillage.org"",""rank"":7,""source_class"":""S3"",""platform_type"":""directory listing"",""independence_group"":""G1"",""confidence"":""HIGH"",""quality_score"":0.1,""verification"":""fixed_global_source"",""evidence"":""Mandatory Global Ecovillage Network network-level seed, present on every row; not evidence that this community is GEN-registered - see gen_community_status""}]",search_index,,,,,COMPLETE,HIGH,no,,Living together since 1974; ~50 adults and 20 children in six hamlets on a co-operatively owned 245 ha (600 acre) property at 700 m on Mt Toolebewong. One of Australia's oldest intentional communities; the co-operative title is a clean tenure record.,2026-08-28,1.0.0
IC102,The Ecovillage at Currumbin,-28.176828,153.432741,Australia,FULL,,https://theecovillage.com.au/about/ | https://casestudies.uli.org/wp-content/uploads/2016/06/The-Ecovillage-at-Currumbin.pdf | https://en.wikipedia.org/wiki/Currumbin_Ecovillage | https://ecovillage.org/ecovillage/ecovillage-currumbin/ | https://ecovillage.org/ecovillage/ecovillage-currumbin/impact-assessment/ | https://www.facebook.com/TheEcovillageatCurrumbin/ | https://ecovillage.org,The Ecovillage at Currumbin,The Ecovillage at Currumbin,no,The Ecovillage at Currumbin; Currumbin Ecovillage,SETTLEMENT,103,single_source_row,1,0.000,"-28.176828,153.432741",SINGLE,-28.176828,153.432741,HIGH,,AU,AUS,Queensland; Gold Coast hinterland; Currumbin Valley,HIGH,coordinate_gazetteer+official_site,https://theecovillage.com.au/about/,AU,UNANIMOUS,Palm Beach (7.4 km),https://ecovillage.org,FIXED_GLOBAL_SOURCE,https://ecovillage.org/ecovillage/ecovillage-currumbin/,VERIFIED_COMMUNITY_SOURCE,search_index,site:ecovillage.org returned 'The Ecovillage at Currumbin - Global Ecovillage Network' plus an impact-assessment sub-page,G1,7,3,S2; S3; S4; S6; S7,S2,"[{""url"":""https://theecovillage.com.au/about/"",""rank"":1,""source_class"":""S4"",""platform_type"":""own website"",""independence_group"":""G1"",""confidence"":""HIGH"",""quality_score"":0.92,""verification"":""search_index"",""evidence"":""Official about page with the rehabilitation and reserve figures""},{""url"":""https://casestudies.uli.org/wp-content/uploads/2016/06/The-Ecovillage-at-Currumbin.pdf"",""rank"":2,""source_class"":""S2"",""platform_type"":""other"",""independence_group"":""G2"",""confidence"":""HIGH"",""quality_score"":0.92,""verification"":""search_index"",""evidence"":""Urban Land Institute case-study PDF - an independent professional document, exactly the kind of source the crawler should mine""},{""url"":""https://ecovillage.org/ecovillage/ecovillage-currumbin/"",""rank"":4,""source_class"":""S3"",""platform_type"":""directory listing"",""independence_group"":""G1"",""confidence"":""HIGH"",""quality_score"":0.62,""verification"":""search_index"",""evidence"":""Verified GEN community page""},{""url"":""https://ecovillage.org/ecovillage/ecovillage-currumbin/impact-assessment/"",""rank"":5,""source_class"":""S3"",""platform_type"":""directory listing"",""independence_group"":""G1"",""confidence"":""HIGH"",""quality_score"":0.58,""verification"":""search_index"",""evidence"":""GEN impact-assessment sub-page - quantitative""},{""url"":""https://en.wikipedia.org/wiki/Currumbin_Ecovillage"",""rank"":3,""source_class"":""S6"",""platform_type"":""other"",""independence_group"":""G3"",""confidence"":""HIGH"",""quality_score"":0.64,""verification"":""search_index"",""evidence"":""Encyclopaedic article""},{""url"":""https://www.facebook.com/TheEcovillageatCurrumbin/"",""rank"":6,""source_class"":""S7"",""platform_type"":""Facebook"",""independence_group"":""G1"",""confidence"":""MEDIUM"",""quality_score"":0.3,""verification"":""search_index"",""evidence"":""Official page""},{""url"":""https://ecovillage.org"",""rank"":7,""source_class"":""S3"",""platform_type"":""directory listing"",""independence_group"":""G1"",""confidence"":""HIGH"",""quality_score"":0.1,""verification"":""fixed_global_source"",""evidence"":""Mandatory Global Ecovillage Network network-level seed, present on every row; not evidence that this community is GEN-registered - see gen_community_status""}]",search_index,,,,,COMPLETE,HIGH,no,,"270-272 acres of DEGRADED FARMLAND rehabilitated, with 50% preserved as environmental reserve and 80% of the property left as open space; 140-152 homes, ~450 residents. A documented before/after land conversion with a clear prior state. Most awarded estate in Australia (33+ accolades incl. FIABCI 2008). A Urban Land Institute case-study PDF exists.",2026-08-28,1.0.0
IC103,Crystal Waters,-26.785530,152.718245,Australia,FULL,,"https://crystalwaters.org.au/ | https://ecovillage.org/ecovillage/crystal-waters/ | https://en.wikipedia.org/wiki/Crystal_Waters,_Queensland | https://permacultureaustralia.org.au/directory/listings/crystal-waters-permaculture-village/ | https://ecovillage.org/australia-robin-clayfield-heart-and-wisewoman-of-crystal-waters/ | https://www.facebook.com/CrystalWatersEcoVillage/ | https://ecovillage.org",Crystal Waters,Crystal Waters,no,Crystal Waters; Crystal Waters Permaculture Village; Crystal Waters Eco Village; Crystal Waters Community Co-operative,SETTLEMENT,104,single_source_row,1,0.000,"-26.785530,152.718245",SINGLE,-26.785530,152.718245,HIGH,,AU,AUS,"Queensland; Sunshine Coast hinterland; Conondale, Mary River headwaters",HIGH,coordinate_gazetteer+official_site,https://crystalwaters.org.au/,AU,UNANIMOUS,Buderim (35.5 km),https://ecovillage.org,FIXED_GLOBAL_SOURCE,https://ecovillage.org/ecovillage/crystal-waters/,VERIFIED_COMMUNITY_SOURCE,search_index,site:ecovillage.org returned 'Crystal Waters - Global Ecovillage Network' community page,G1,7,3,S3; S4; S6; S7,S3,"[{""url"":""https://crystalwaters.org.au/"",""rank"":1,""source_class"":""S4"",""platform_type"":""own website"",""independence_group"":""G1"",""confidence"":""HIGH"",""quality_score"":0.92,""verification"":""search_index"",""evidence"":""Official site""},{""url"":""https://ecovillage.org/ecovillage/crystal-waters/"",""rank"":2,""source_class"":""S3"",""platform_type"":""directory listing"",""independence_group"":""G1"",""confidence"":""HIGH"",""quality_score"":0.7,""verification"":""search_index"",""evidence"":""Verified GEN page with acreage, lot count and the World Habitat Award""},{""url"":""https://en.wikipedia.org/wiki/Crystal_Waters,_Queensland"",""rank"":3,""source_class"":""S6"",""platform_type"":""other"",""independence_group"":""G2"",""confidence"":""HIGH"",""quality_score"":0.68,""verification"":""search_index"",""evidence"":""Encyclopaedic article; comma in path - delimiter-safety test case""},{""url"":""https://permacultureaustralia.org.au/directory/listings/crystal-waters-permaculture-village/"",""rank"":4,""source_class"":""S3"",""platform_type"":""directory listing"",""independence_group"":""G3"",""confidence"":""HIGH"",""quality_score"":0.58,""verification"":""search_index"",""evidence"":""Permaculture Australia national body record""},{""url"":""https://ecovillage.org/australia-robin-clayfield-heart-and-wisewoman-of-crystal-waters/"",""rank"":5,""source_class"":""S3"",""platform_type"":""directory listing"",""independence_group"":""G1"",""confidence"":""MEDIUM"",""quality_score"":0.46,""verification"":""search_index"",""evidence"":""GEN profile of a founding figure - historical material""},{""url"":""https://www.facebook.com/CrystalWatersEcoVillage/"",""rank"":6,""source_class"":""S7"",""platform_type"":""Facebook"",""independence_group"":""G1"",""confidence"":""MEDIUM"",""quality_score"":0.3,""verification"":""search_index"",""evidence"":""Official page""},{""url"":""https://ecovillage.org"",""rank"":7,""source_class"":""S3"",""platform_type"":""directory listing"",""independence_group"":""G1"",""confidence"":""HIGH"",""quality_score"":0.1,""verification"":""fixed_global_source"",""evidence"":""Mandatory Global Ecovillage Network network-level seed, present on every row; not evidence that this community is GEN-registered - see gen_community_status""}]",search_index,,,,,COMPLETE,HIGH,no,,"Established 1987/88 - AUSTRALIA'S FIRST INTENTIONAL PERMACULTURE COMMUNITY; 640 acres of bushland at the Mary River headwaters, 83-85 lots, ~250 residents. Won the 1996 WORLD HABITAT AWARD for low-impact sustainable living. Classified 'Land for Wildlife'. A foundational permaculture case with a long literature.",2026-08-28,1.0.0
IC104,Atamai Village,-41.141905,172.956729,New Zealand,FULL,,https://atamaivillage.nz/ | https://www.stuff.co.nz/business/property/89774973/son-of-atamai-village-financiers-buys-up-liquidated-land-for-new-project | https://www.resilience.org/stories/2014-11-25/atamai-village-an-experiment-in-resilient-community/ | https://ecovillage.org/project/atamai-village/ | https://livinginthefuture.org/episodes/60-atamai-ecovillage.php | https://www.facebook.com/atamaivillage/ | https://ecovillage.org,Atamai Village,Atamai Village,no,Atamai Village; Atamai Eco Village; Atamai Heritage Orchard,SETTLEMENT,105,single_source_row,1,0.000,"-41.141905,172.956729",SINGLE,-41.141905,172.956729,HIGH,,NZ,NZL,Tasman District; Motueka Valley; Mytton Heights,HIGH,coordinate_gazetteer+official_site,https://atamaivillage.nz/,NZ,UNANIMOUS,Richmond (28.5 km),https://ecovillage.org,FIXED_GLOBAL_SOURCE,https://ecovillage.org/project/atamai-village/,VERIFIED_COMMUNITY_SOURCE,search_index,site:ecovillage.org returned 'Atamai Village - Global Ecovillage Network' project page recording planning from 2006,G1,7,4,S3; S4; S6; S7,S3,"[{""url"":""https://atamaivillage.nz/"",""rank"":1,""source_class"":""S4"",""platform_type"":""own website"",""independence_group"":""G1"",""confidence"":""HIGH"",""quality_score"":0.82,""verification"":""search_index"",""evidence"":""Current official site (Atamai Heritage Orchard)""},{""url"":""https://ecovillage.org/project/atamai-village/"",""rank"":4,""source_class"":""S3"",""platform_type"":""directory listing"",""independence_group"":""G1"",""confidence"":""HIGH"",""quality_score"":0.66,""verification"":""search_index"",""evidence"":""Verified GEN project page""},{""url"":""https://www.resilience.org/stories/2014-11-25/atamai-village-an-experiment-in-resilient-community/"",""rank"":3,""source_class"":""S6"",""platform_type"":""other"",""independence_group"":""G2"",""confidence"":""HIGH"",""quality_score"":0.7,""verification"":""search_index"",""evidence"":""Resilience.org, dated 2014, substantive account of the design""},{""url"":""https://www.stuff.co.nz/business/property/89774973/son-of-atamai-village-financiers-buys-up-liquidated-land-for-new-project"",""rank"":2,""source_class"":""S6"",""platform_type"":""news outlet"",""independence_group"":""G3"",""confidence"":""HIGH"",""quality_score"":0.72,""verification"":""search_index"",""evidence"":""Stuff.co.nz report on liquidated land - independent, and the key document for tenure and persistence (register block G)""},{""url"":""https://livinginthefuture.org/episodes/60-atamai-ecovillage.php"",""rank"":5,""source_class"":""S6"",""platform_type"":""other"",""independence_group"":""G4"",""confidence"":""MEDIUM"",""quality_score"":0.48,""verification"":""search_index"",""evidence"":""Documentary episode on Atamai - dated visual record""},{""url"":""https://www.facebook.com/atamaivillage/"",""rank"":6,""source_class"":""S7"",""platform_type"":""Facebook"",""independence_group"":""G1"",""confidence"":""MEDIUM"",""quality_score"":0.28,""verification"":""search_index"",""evidence"":""Official page""},{""url"":""https://ecovillage.org"",""rank"":7,""source_class"":""S3"",""platform_type"":""directory listing"",""independence_group"":""G1"",""confidence"":""HIGH"",""quality_score"":0.1,""verification"":""fixed_global_source"",""evidence"":""Mandatory Global Ecovillage Network network-level seed, present on every row; not evidence that this community is GEN-registered - see gen_community_status""}]",search_index,,,,,COMPLETE,MEDIUM,yes,identity_confidence_below_high,"Planning began 2006; 110 ha (272 acres) of farmland and rolling hills; designed for resilience to energy descent; vineyard, orchard, livestock, ponds, organic farmland, forest. NOTE a financial/ownership disruption is on the public record (a 2017 report of liquidated land being bought up), so tenure and current status need checking before coding.",2026-08-28,1.0.0
IC105,Narara Ecovillage,-33.392643,151.328289,Australia,FULL,,https://nararaecovillage.com/ | http://nararaecovillage.com/location/ | https://ecovillage.org/project/narara-ecovillage/ | https://nararaecovillage.com/press/ | https://www.visitnsw.com/destinations/central-coast/gosford-area/gosford/attractions/narara-ecovillage | https://ecovillage.org/threads-of-sustainability-weaving-an-interconnected-community-with-tanya-mottl-from-narara-ecovillage/ | https://ecovillage.org,Narara Ecovillage,Narara Ecovillage,no,Narara Ecovillage; NEV; Gosford Agricultural Research Institute (former site use),SETTLEMENT,106,single_source_row,1,0.000,"-33.392643,151.328289",SINGLE,-33.392643,151.328289,HIGH,,AU,AUS,"New South Wales; Central Coast; Narara, near Gosford",HIGH,coordinate_gazetteer+official_site,https://nararaecovillage.com/,AU,UNANIMOUS,Central Coast (5.8 km),https://ecovillage.org,FIXED_GLOBAL_SOURCE,https://ecovillage.org/project/narara-ecovillage/,VERIFIED_COMMUNITY_SOURCE,search_index,site:ecovillage.org returned 'Narara Ecovillage - Global Ecovillage Network' project page,G1,7,2,S2; S3; S4,S2,"[{""url"":""https://nararaecovillage.com/"",""rank"":1,""source_class"":""S4"",""platform_type"":""own website"",""independence_group"":""G1"",""confidence"":""HIGH"",""quality_score"":0.92,""verification"":""search_index"",""evidence"":""Official site""},{""url"":""http://nararaecovillage.com/location/"",""rank"":2,""source_class"":""S4"",""platform_type"":""own website"",""independence_group"":""G1"",""confidence"":""HIGH"",""quality_score"":0.86,""verification"":""search_index"",""evidence"":""'Our Location - then and now' - explicitly a before/after land page, high documentary value""},{""url"":""https://ecovillage.org/project/narara-ecovillage/"",""rank"":3,""source_class"":""S3"",""platform_type"":""directory listing"",""independence_group"":""G1"",""confidence"":""HIGH"",""quality_score"":0.66,""verification"":""search_index"",""evidence"":""Verified GEN project page with the 1999/2004/2012 stages""},{""url"":""https://nararaecovillage.com/press/"",""rank"":4,""source_class"":""S4"",""platform_type"":""own website"",""independence_group"":""G1"",""confidence"":""HIGH"",""quality_score"":0.62,""verification"":""search_index"",""evidence"":""Press index - a route to dated third-party coverage""},{""url"":""https://www.visitnsw.com/destinations/central-coast/gosford-area/gosford/attractions/narara-ecovillage"",""rank"":5,""source_class"":""S2"",""platform_type"":""other"",""independence_group"":""G2"",""confidence"":""MEDIUM"",""quality_score"":0.48,""verification"":""search_index"",""evidence"":""Destination NSW official tourism record - state government source""},{""url"":""https://ecovillage.org/threads-of-sustainability-weaving-an-interconnected-community-with-tanya-mottl-from-narara-ecovillage/"",""rank"":6,""source_class"":""S3"",""platform_type"":""directory listing"",""independence_group"":""G1"",""confidence"":""MEDIUM"",""quality_score"":0.44,""verification"":""search_index"",""evidence"":""GEN interview - dated first-person material""},{""url"":""https://ecovillage.org"",""rank"":7,""source_class"":""S3"",""platform_type"":""directory listing"",""independence_group"":""G1"",""confidence"":""HIGH"",""quality_score"":0.1,""verification"":""fixed_global_source"",""evidence"":""Mandatory Global Ecovillage Network network-level seed, present on every row; not evidence that this community is GEN-registered - see gen_community_status""}]",search_index,,,,,COMPLETE,HIGH,no,,"Dream 1999, group 2004, LAND ACQUIRED 2012 - an unusually precise three-stage onset record. 63-64 ha on the former Gosford Agricultural Research Institute, bordered on three sides by Strickland State Forest; ~12 ha residential, ~12 ha agriculture and community gardens, the rest conserved native forest; 45 ML dam. The prior institutional land use means government records should exist.",2026-08-28,1.0.0
IC106,Tui Community,-40.811793,172.957757,New Zealand,FULL,,https://www.tuitrust.org.nz/tui-land | https://www.tuitrust.org.nz/history | https://www.theprow.org.nz/society/communal-lifestyle/ | https://ecovillage.org/project/tui-community/ | https://genoaecovillage.org/story-of-the-tui-community-being-an-invitation-for-resilience/ | https://www.ic.org/directory/tui-community/ | https://ecovillage.org,Tui Community,Tui Community,no,Tui Community; Tui Land Trust; TUI Ecovillage,SETTLEMENT,107,single_source_row,1,0.000,"-40.811793,172.957757",SINGLE,-40.811793,172.957757,HIGH,,NZ,NZL,"Tasman District; Golden Bay; Wainui Bay, by Abel Tasman National Park",HIGH,coordinate_gazetteer+official_site,https://www.tuitrust.org.nz/tui-land,NZ,UNANIMOUS,Nelson (57.9 km),https://ecovillage.org,FIXED_GLOBAL_SOURCE,https://ecovillage.org/project/tui-community/,VERIFIED_COMMUNITY_SOURCE,search_index,site:ecovillage.org returned 'Tui Community - Global Ecovillage Network' project page,G1,7,3,S1; S3; S4,S1,"[{""url"":""https://www.tuitrust.org.nz/tui-land"",""rank"":1,""source_class"":""S4"",""platform_type"":""own website"",""independence_group"":""G1"",""confidence"":""HIGH"",""quality_score"":0.9,""verification"":""search_index"",""evidence"":""'Tui Land' page - the land record including the wetland regeneration""},{""url"":""https://www.tuitrust.org.nz/history"",""rank"":2,""source_class"":""S4"",""platform_type"":""own website"",""independence_group"":""G1"",""confidence"":""HIGH"",""quality_score"":0.84,""verification"":""search_index"",""evidence"":""History page with the 1984 trust formation and farm purchase""},{""url"":""https://ecovillage.org/project/tui-community/"",""rank"":4,""source_class"":""S3"",""platform_type"":""directory listing"",""independence_group"":""G1"",""confidence"":""HIGH"",""quality_score"":0.64,""verification"":""search_index"",""evidence"":""Verified GEN project page""},{""url"":""https://www.theprow.org.nz/society/communal-lifestyle/"",""rank"":3,""source_class"":""S1"",""platform_type"":""other"",""independence_group"":""G2"",""confidence"":""HIGH"",""quality_score"":0.7,""verification"":""search_index"",""evidence"":""The Prow (Nelson/Tasman regional history resource) on communal living - independently researched""},{""url"":""https://genoaecovillage.org/story-of-the-tui-community-being-an-invitation-for-resilience/"",""rank"":5,""source_class"":""S3"",""platform_type"":""directory listing"",""independence_group"":""G1"",""confidence"":""MEDIUM"",""quality_score"":0.48,""verification"":""search_index"",""evidence"":""GEN Oceania & Asia feature""},{""url"":""https://www.ic.org/directory/tui-community/"",""rank"":6,""source_class"":""S3"",""platform_type"":""directory listing"",""independence_group"":""G3"",""confidence"":""MEDIUM"",""quality_score"":0.42,""verification"":""search_index"",""evidence"":""Foundation for Intentional Community entry""},{""url"":""https://ecovillage.org"",""rank"":7,""source_class"":""S3"",""platform_type"":""directory listing"",""independence_group"":""G1"",""confidence"":""HIGH"",""quality_score"":0.1,""verification"":""fixed_global_source"",""evidence"":""Mandatory Global Ecovillage Network network-level seed, present on every row; not evidence that this community is GEN-registered - see gen_community_status""}]",search_index,,,,,COMPLETE,HIGH,no,,"Tui Land Trust formed 1984 and bought a 50 ha (125 acre) farm at Wainui Bay - a dated acquisition on a known prior land use (farm). ~40 adults and children. Organic gardens, two orchards, and an explicitly REGENERATING WETLAND - a discrete, datable, satellite-visible intervention.",2026-08-28,1.0.0
IC107,Wilderland,-36.886277,175.674232,New Zealand,FULL,,https://www.wilderland.org.nz/ | https://register.charities.govt.nz/Charity/CC29221 | https://www.wilderland.org.nz/about-us/ | https://coromind.nz/from-fire-to-abundant-growth-discovering-wilderland/ | http://gen.ecovillage.org/de/wilderland | https://www.ecofind.co.nz/accommodation/wilderland-sustainable-community-coromandel/ | https://ecovillage.org,Wilderland,Wilderland,no,Wilderland; Wilderland Trust; Wilderland Coromandel Organics,SETTLEMENT,108,single_source_row,1,0.000,"-36.886277,175.674232",SINGLE,-36.886277,175.674232,HIGH,,NZ,NZL,Waikato; Coromandel Peninsula; Whitianga-Tairua road,HIGH,coordinate_gazetteer+official_site,https://www.wilderland.org.nz/about-us/,NZ,UNANIMOUS,Papakura (68.0 km),https://ecovillage.org,FIXED_GLOBAL_SOURCE,http://gen.ecovillage.org/de/wilderland,VERIFIED_COMMUNITY_SOURCE_LEGACY_HOST,search_index,site:ecovillage.org returned a GEN community page on the legacy host gen.ecovillage.org; no current ecovillage.org page surfaced. Recorded on the legacy URL rather than constructing a current one.,G1,7,4,S2; S3; S4; S6,S2,"[{""url"":""https://www.wilderland.org.nz/"",""rank"":1,""source_class"":""S4"",""platform_type"":""own website"",""independence_group"":""G1"",""confidence"":""HIGH"",""quality_score"":0.9,""verification"":""search_index"",""evidence"":""Official site - 'growing Coromandel Organics since 1964'""},{""url"":""https://www.wilderland.org.nz/about-us/"",""rank"":3,""source_class"":""S4"",""platform_type"":""own website"",""independence_group"":""G1"",""confidence"":""HIGH"",""quality_score"":0.82,""verification"":""search_index"",""evidence"":""About page with the 1964 founding and 1989 trust gift""},{""url"":""https://register.charities.govt.nz/Charity/CC29221"",""rank"":2,""source_class"":""S2"",""platform_type"":""other"",""independence_group"":""G2"",""confidence"":""HIGH"",""quality_score"":0.9,""verification"":""search_index"",""evidence"":""New Zealand Charities Register entry CC29221 - government record with filed annual returns""},{""url"":""http://gen.ecovillage.org/de/wilderland"",""rank"":5,""source_class"":""S3"",""platform_type"":""directory listing"",""independence_group"":""G1"",""confidence"":""MEDIUM"",""quality_score"":0.48,""verification"":""search_index"",""evidence"":""GEN community page on the legacy host""},{""url"":""https://coromind.nz/from-fire-to-abundant-growth-discovering-wilderland/"",""rank"":4,""source_class"":""S6"",""platform_type"":""news outlet"",""independence_group"":""G3"",""confidence"":""HIGH"",""quality_score"":0.66,""verification"":""search_index"",""evidence"":""Regional feature 'From Fire to Abundant Growth' - documents a disturbance event and recovery""},{""url"":""https://www.ecofind.co.nz/accommodation/wilderland-sustainable-community-coromandel/"",""rank"":6,""source_class"":""S3"",""platform_type"":""booking or hosting"",""independence_group"":""G4"",""confidence"":""LOW"",""quality_score"":0.26,""verification"":""search_index"",""evidence"":""Regional eco-directory listing""},{""url"":""https://ecovillage.org"",""rank"":7,""source_class"":""S3"",""platform_type"":""directory listing"",""independence_group"":""G1"",""confidence"":""HIGH"",""quality_score"":0.1,""verification"":""fixed_global_source"",""evidence"":""Mandatory Global Ecovillage Network network-level seed, present on every row; not evidence that this community is GEN-registered - see gen_community_status""}]",search_index,,,,,COMPLETE,HIGH,yes,gen_page_qualified,"Founded 1964 by Dan and Edith Hansen - the OLDEST community in the New Zealand set and among the oldest in the cohort; property GIFTED TO A TRUST IN 1989, a dated tenure transfer. 64 ha organic farm. A registered New Zealand charitable trust (CC29221), so audited annual returns are publicly filed - strong dated institutional evidence. A fire is referenced in regional coverage: a disturbance event the satellite record may show.",2026-08-28,1.0.0
IC108,Bellbunya Sustainable Community,-26.491096,152.853409,Australia,FULL,,https://bellbunya.org.au/how-to-find-us/ | https://ecovillage.org/project/bellbunya-sustainable-community/ | https://www.ic.org/directory/community/bellbunya-community-association/ | https://www.retreatfinder.com/centers/bellbunya-eco-retreat-sustainable-community.html | https://ecovillage.org,Bellbunya Sustainable Community,Bellbunya Sustainable Community,no,Bellbunya; Bellbunya Community Association; Bellbunya Eco Retreat,SETTLEMENT,109,single_source_row,1,0.000,"-26.491096,152.853409",SINGLE,-26.491096,152.853409,HIGH,,AU,AUS,"Queensland; Sunshine Coast hinterland; Belli Park, near Eumundi/Noosa",HIGH,coordinate_gazetteer+official_site,https://bellbunya.org.au/how-to-find-us/,AU,UNANIMOUS,Sunshine Coast (29.1 km),https://ecovillage.org,FIXED_GLOBAL_SOURCE,https://ecovillage.org/project/bellbunya-sustainable-community/,VERIFIED_COMMUNITY_SOURCE,search_index,site:ecovillage.org returned 'Bellbunya Sustainable Community - Global Ecovillage Network' project page,G1,5,3,S3; S4,S3,"[{""url"":""https://bellbunya.org.au/how-to-find-us/"",""rank"":1,""source_class"":""S4"",""platform_type"":""own website"",""independence_group"":""G1"",""confidence"":""HIGH"",""quality_score"":0.8,""verification"":""search_index"",""evidence"":""Official site with the Belli Park address""},{""url"":""https://ecovillage.org/project/bellbunya-sustainable-community/"",""rank"":2,""source_class"":""S3"",""platform_type"":""directory listing"",""independence_group"":""G1"",""confidence"":""HIGH"",""quality_score"":0.72,""verification"":""search_index"",""evidence"":""Verified GEN project page with area, land features and the regeneration work""},{""url"":""https://www.ic.org/directory/community/bellbunya-community-association/"",""rank"":3,""source_class"":""S3"",""platform_type"":""directory listing"",""independence_group"":""G2"",""confidence"":""MEDIUM"",""quality_score"":0.48,""verification"":""search_index"",""evidence"":""Foundation for Intentional Community entry giving the legal entity name""},{""url"":""https://www.retreatfinder.com/centers/bellbunya-eco-retreat-sustainable-community.html"",""rank"":4,""source_class"":""S3"",""platform_type"":""booking or hosting"",""independence_group"":""G3"",""confidence"":""LOW"",""quality_score"":0.28,""verification"":""search_index"",""evidence"":""Retreat directory listing""},{""url"":""https://ecovillage.org"",""rank"":5,""source_class"":""S3"",""platform_type"":""directory listing"",""independence_group"":""G1"",""confidence"":""HIGH"",""quality_score"":0.1,""verification"":""fixed_global_source"",""evidence"":""Mandatory Global Ecovillage Network network-level seed, present on every row; not evidence that this community is GEN-registered - see gen_community_status""}]",search_index,,,,,COMPLETE,HIGH,no,,"Created December 2008; 16 ha (40 acres) with organic food gardens, WILDLIFE CORRIDORS, a creek and lagoon; 100% renewable energy; permaculture and syntropic gardens plus explicit BUSHLAND REGENERATION - a named, datable restoration activity on a modest, mappable area.",2026-08-28,1.0.0
IC109,Aldinga Arts Ecovillage,-35.265685,138.479025,Australia,FULL,,https://www.aldingaartsecovillage.com/ | https://ecovillage.org/project/aldinga-arts-ecovillage | https://www.sustainablecommunitiessa.org.au/ecology/aldinga-arts-ecovillage-open-day/ | https://medium.com/ecovillage-journeys/aldinga-arts-ecovillage-a-collaborative-lifestyle-for-all-ages-34b7d0201a4a | https://ecovillage.org,Aldinga Arts Ecovillage,Aldinga Arts Ecovillage,no,Aldinga Arts Ecovillage; AAEV; Village Greens Market Garden,SETTLEMENT,110,single_source_row,1,0.000,"-35.265685,138.479025",SINGLE,-35.265685,138.479025,HIGH,,AU,AUS,"South Australia; Aldinga, ~40 km south of Adelaide; Port Road",HIGH,coordinate_gazetteer+official_site,https://www.aldingaartsecovillage.com/,AU,UNANIMOUS,Morphett Vale (15.1 km),https://ecovillage.org,FIXED_GLOBAL_SOURCE,https://ecovillage.org/project/aldinga-arts-ecovillage,VERIFIED_COMMUNITY_SOURCE,search_index,site:ecovillage.org returned 'Aldinga Arts Ecovillage - Global Ecovillage Network' project page,G1,5,3,S2; S3; S4; S6,S2,"[{""url"":""https://www.aldingaartsecovillage.com/"",""rank"":1,""source_class"":""S4"",""platform_type"":""own website"",""independence_group"":""G1"",""confidence"":""HIGH"",""quality_score"":0.88,""verification"":""search_index"",""evidence"":""Official site""},{""url"":""https://ecovillage.org/project/aldinga-arts-ecovillage"",""rank"":2,""source_class"":""S3"",""platform_type"":""directory listing"",""independence_group"":""G1"",""confidence"":""HIGH"",""quality_score"":0.66,""verification"":""search_index"",""evidence"":""Verified GEN project page""},{""url"":""https://www.sustainablecommunitiessa.org.au/ecology/aldinga-arts-ecovillage-open-day/"",""rank"":3,""source_class"":""S2"",""platform_type"":""other"",""independence_group"":""G2"",""confidence"":""MEDIUM"",""quality_score"":0.54,""verification"":""search_index"",""evidence"":""Sustainable Communities SA record - state-level network""},{""url"":""https://medium.com/ecovillage-journeys/aldinga-arts-ecovillage-a-collaborative-lifestyle-for-all-ages-34b7d0201a4a"",""rank"":4,""source_class"":""S6"",""platform_type"":""blog platform"",""independence_group"":""G3"",""confidence"":""MEDIUM"",""quality_score"":0.52,""verification"":""search_index"",""evidence"":""Independent long-form visit account with land detail""},{""url"":""https://ecovillage.org"",""rank"":5,""source_class"":""S3"",""platform_type"":""directory listing"",""independence_group"":""G1"",""confidence"":""HIGH"",""quality_score"":0.1,""verification"":""fixed_global_source"",""evidence"":""Mandatory Global Ecovillage Network network-level seed, present on every row; not evidence that this community is GEN-registered - see gen_community_status""}]",search_index,,,,,COMPLETE,HIGH,no,,"Begun 2002 by artists together with permaculture practitioners - South Australia's first ecovillage; ~100 households. OVER 1000 FRUIT TREES, vegetable gardens, water catchment and retention, an organic farm, the award-winning Village Greens market garden, and a community wastewater treatment plant. Tree counts and a market garden are directly measurable from imagery.",2026-08-28,1.0.0
IC110,Gulpa Creek Community,-35.722683,144.893102,Australia,FULL,,https://www.murrayriver.nsw.gov.au/files/assets/public/v/1/documents/plans-and-strategies/murray-river-local-housing-strategy-implementation-plan-july-2024.pdf | https://ecovillage.org/ecovillage/gulpa-creek-community/ | https://www.genaustralia.org.au/2025/09/08/gulpa-creek-community-farm/ | https://www.aussietowns.com.au/town/mathoura-nsw | https://ecovillage.org,Gulpa Creek Community,Gulpa Creek Community,no,Gulpa Creek Community; Gulpa Creek Community Farm; GCCF; Ilderton,SETTLEMENT,111,single_source_row,1,0.000,"-35.722683,144.893102",SINGLE,-35.722683,144.893102,HIGH,,AU,AUS,"New South Wales; Murray River Council; 10 km north of Mathoura, on the Cadell Tilt",HIGH,coordinate_gazetteer+GEN_profile,https://ecovillage.org/ecovillage/gulpa-creek-community/,AU,UNANIMOUS,Echuca (48.2 km),https://ecovillage.org,FIXED_GLOBAL_SOURCE,https://ecovillage.org/ecovillage/gulpa-creek-community/,VERIFIED_COMMUNITY_SOURCE,search_index,site:ecovillage.org returned 'Gulpa Creek Community - Global Ecovillage Network' community page,G1,5,3,S2; S3; S6,S2,"[{""url"":""https://ecovillage.org/ecovillage/gulpa-creek-community/"",""rank"":2,""source_class"":""S3"",""platform_type"":""directory listing"",""independence_group"":""G1"",""confidence"":""HIGH"",""quality_score"":0.72,""verification"":""search_index"",""evidence"":""Verified GEN page with the 1975 date and 460-acre land trust""},{""url"":""https://www.genaustralia.org.au/2025/09/08/gulpa-creek-community-farm/"",""rank"":3,""source_class"":""S3"",""platform_type"":""directory listing"",""independence_group"":""G1"",""confidence"":""HIGH"",""quality_score"":0.66,""verification"":""search_index"",""evidence"":""GEN Australia feature, dated 2025 - current status and the regeneration framing""},{""url"":""https://www.murrayriver.nsw.gov.au/files/assets/public/v/1/documents/plans-and-strategies/murray-river-local-housing-strategy-implementation-plan-july-2024.pdf"",""rank"":1,""source_class"":""S2"",""platform_type"":""other"",""independence_group"":""G2"",""confidence"":""HIGH"",""quality_score"":0.8,""verification"":""search_index"",""evidence"":""Murray River Council Local Housing Strategy PDF (July 2024) naming the community - a government planning document""},{""url"":""https://www.aussietowns.com.au/town/mathoura-nsw"",""rank"":4,""source_class"":""S6"",""platform_type"":""other"",""independence_group"":""G3"",""confidence"":""LOW"",""quality_score"":0.26,""verification"":""search_index"",""evidence"":""Locality reference for Mathoura""},{""url"":""https://ecovillage.org"",""rank"":5,""source_class"":""S3"",""platform_type"":""directory listing"",""independence_group"":""G1"",""confidence"":""HIGH"",""quality_score"":0.1,""verification"":""fixed_global_source"",""evidence"":""Mandatory Global Ecovillage Network network-level seed, present on every row; not evidence that this community is GEN-registered - see gen_community_status""}]",search_index,,,,,COMPLETE,HIGH,no,,"LAND TRUST ESTABLISHED 1975 over 460 acres between the Cobb Highway and Gulpa Creek, an anabranch of the Murray running through one of the world's largest continuous stands of ancient river red gum. Old, land-trust-held, and set in a nationally significant forest - the surrounding forest is a strong confounder the analysis must separate from community management.",2026-08-28,1.0.0
IC111,Eco Aldea de los glaciares sagrados – Maras,-13.339833,-72.144032,Peru,FULL,,https://ecovillage.org/project/eco-aldea-de-los-glaciares-sagrados-maras | https://ecovillage.org/ecovillage/eco-aldea-de-los-glaciares-sagrados-maras/ | https://unanuevaecoaldea.org/aprende/eventos/construyendo-un-earthship-navetierra-100-autonomo | https://www.facebook.com/losglaciaressagrados/ | https://ecovillage.org,Eco Aldea de los glaciares sagrados – Maras,Eco Aldea de los glaciares sagrados – Maras,no,Los Glaciares Sagrados; Eco Aldea de los Glaciares Sagrados; Maras Cusco ecoaldea,SETTLEMENT,112,single_source_row,1,0.000,"-13.339833,-72.144032",SINGLE,-13.339833,-72.144032,HIGH,,PE,PER,"Cusco Region; Maras District; Sacred Valley, ~3,300 m",HIGH,coordinate_gazetteer+GEN_profile,https://ecovillage.org/project/eco-aldea-de-los-glaciares-sagrados-maras,PE,UNANIMOUS,Santiago (27.1 km),https://ecovillage.org,FIXED_GLOBAL_SOURCE,https://ecovillage.org/project/eco-aldea-de-los-glaciares-sagrados-maras,VERIFIED_COMMUNITY_SOURCE,search_index,site:ecovillage.org returned the project page at /project/... and a parallel /ecovillage/eco-aldea-de-los-glaciares-sagrados-maras/ page,G1,5,2,S3; S7,S3,"[{""url"":""https://ecovillage.org/project/eco-aldea-de-los-glaciares-sagrados-maras"",""rank"":1,""source_class"":""S3"",""platform_type"":""directory listing"",""independence_group"":""G1"",""confidence"":""HIGH"",""quality_score"":0.72,""verification"":""search_index"",""evidence"":""Verified GEN project page - the fullest description found""},{""url"":""https://ecovillage.org/ecovillage/eco-aldea-de-los-glaciares-sagrados-maras/"",""rank"":2,""source_class"":""S3"",""platform_type"":""directory listing"",""independence_group"":""G1"",""confidence"":""MEDIUM"",""quality_score"":0.5,""verification"":""search_index"",""evidence"":""Parallel GEN page for the same community - same source family""},{""url"":""https://www.facebook.com/losglaciaressagrados/"",""rank"":4,""source_class"":""S7"",""platform_type"":""Facebook"",""independence_group"":""G1"",""confidence"":""HIGH"",""quality_score"":0.46,""verification"":""search_index"",""evidence"":""Official page - the community's principal current channel""},{""url"":""https://unanuevaecoaldea.org/aprende/eventos/construyendo-un-earthship-navetierra-100-autonomo"",""rank"":3,""source_class"":""S3"",""platform_type"":""other"",""independence_group"":""G2"",""confidence"":""MEDIUM"",""quality_score"":0.5,""verification"":""search_index"",""evidence"":""Una Nueva Ecoaldea event record on building the earthship - dated construction material""},{""url"":""https://ecovillage.org"",""rank"":5,""source_class"":""S3"",""platform_type"":""directory listing"",""independence_group"":""G1"",""confidence"":""HIGH"",""quality_score"":0.1,""verification"":""fixed_global_source"",""evidence"":""Mandatory Global Ecovillage Network network-level seed, present on every row; not evidence that this community is GEN-registered - see gen_community_status""}]",search_index,,,,,COMPLETE,HIGH,no,,"First phase of 11 off-grid ecological houses at 3,300 m in the Sacred Valley, 41 km from Cusco; earthship-style tyre walls, rainwater storage, solar, biodigesters and greenhouses. Founders Alain Schneider and Carolina. Small footprint at high altitude - the greenhouses may be the only vegetation signal.",2026-08-28,1.0.0
IC112,Terra Luminous,-24.021940,-47.068398,Brazil,FULL,,https://terraluminous.eco.br/en/who-we-are/ | https://4returns.commonland.com/organisations/terra-luminous-green-belt-at-the-atlantic-rainforest-ongoing-project/ | https://terraluminous.eco.br/en/our-space/ | https://terraluminous.eco.br/en/socio-environmental/ | https://ecovillage.org/ecovillage/terra-luminous/ | https://terraluminous.eco.br/en/ecovillage/ | https://ecovillage.org,Terra Luminous,Terra Luminous,no,Terra Luminous; Instituto Terra Luminous; ITL; CPMAMA,SETTLEMENT,113,single_source_row,1,0.000,"-24.021940,-47.068398",SINGLE,-24.021940,-47.068398,HIGH,,BR,BRA,"Sao Paulo State; Juquitiba, ~70 km from Sao Paulo; adjacent to Serra do Mar State Park",HIGH,coordinate_gazetteer+official_site,https://terraluminous.eco.br/en/who-we-are/,BR,UNANIMOUS,Juquitiba (10.0 km),https://ecovillage.org,FIXED_GLOBAL_SOURCE,https://ecovillage.org/ecovillage/terra-luminous/,VERIFIED_COMMUNITY_SOURCE,search_index,site:ecovillage.org returned 'Terra Luminous - Global Ecovillage Network' community page,G1,7,2,S2; S3; S4,S2,"[{""url"":""https://terraluminous.eco.br/en/who-we-are/"",""rank"":1,""source_class"":""S4"",""platform_type"":""own website"",""independence_group"":""G1"",""confidence"":""HIGH"",""quality_score"":0.9,""verification"":""search_index"",""evidence"":""Official about page, English edition""},{""url"":""https://terraluminous.eco.br/en/our-space/"",""rank"":3,""source_class"":""S4"",""platform_type"":""own website"",""independence_group"":""G1"",""confidence"":""HIGH"",""quality_score"":0.84,""verification"":""search_index"",""evidence"":""'Our space' - the 339 ha land description""},{""url"":""https://terraluminous.eco.br/en/socio-environmental/"",""rank"":4,""source_class"":""S4"",""platform_type"":""own website"",""independence_group"":""G1"",""confidence"":""HIGH"",""quality_score"":0.8,""verification"":""search_index"",""evidence"":""Socio-environmental action page covering CPMAMA's monitoring work""},{""url"":""https://4returns.commonland.com/organisations/terra-luminous-green-belt-at-the-atlantic-rainforest-ongoing-project/"",""rank"":2,""source_class"":""S2"",""platform_type"":""other"",""independence_group"":""G2"",""confidence"":""HIGH"",""quality_score"":0.86,""verification"":""search_index"",""evidence"":""Commonland 4 Returns platform project record - an independent landscape-restoration institution""},{""url"":""https://ecovillage.org/ecovillage/terra-luminous/"",""rank"":5,""source_class"":""S3"",""platform_type"":""directory listing"",""independence_group"":""G1"",""confidence"":""HIGH"",""quality_score"":0.6,""verification"":""search_index"",""evidence"":""Verified GEN community page""},{""url"":""https://terraluminous.eco.br/en/ecovillage/"",""rank"":6,""source_class"":""S4"",""platform_type"":""own website"",""independence_group"":""G1"",""confidence"":""MEDIUM"",""quality_score"":0.58,""verification"":""search_index"",""evidence"":""Ecovillage page - membership and residence""},{""url"":""https://ecovillage.org"",""rank"":7,""source_class"":""S3"",""platform_type"":""directory listing"",""independence_group"":""G1"",""confidence"":""HIGH"",""quality_score"":0.1,""verification"":""fixed_global_source"",""evidence"":""Mandatory Global Ecovillage Network network-level seed, present on every row; not evidence that this community is GEN-registered - see gen_community_status""}]",search_index,,,,,COMPLETE,HIGH,no,,"339 HECTARES of highly preserved Atlantic Forest in the state's highest water-availability watershed, adjacent to Serra do Mar State Park; ~20 members, 11 resident. Runs its own Atlantic Forest Research and Environmental Monitoring Centre (CPMAMA) SINCE 2020 in partnership with universities - meaning independent scientific monitoring data on fauna, water quality and regeneration may already exist for this site.",2026-08-28,1.0.0
IC113,Ecovilla GAIA – Argentina,-34.947362,-59.337962,Argentina,FULL,,https://gaia.org.ar/ecovilla/ | https://www.lanacion.com.ar/lifestyle/gaia-como-es-vivir-villa-ecologica-nid2243163/ | https://ecovillage.org/project/asociacion-gaia-ecovilla-navarro/ | https://www.lanacion.com.ar/turismo/viajes/la-gran-ecoaldea-nid1472174 | https://www.enpositivo.com/2014/03/21/gaia-una-ecoaldea-argentina-basada-en-la-permacultura/ | https://www.facebook.com/gaiaecovilla/ | https://ecovillage.org,Ecovilla GAIA – Argentina,Ecovilla GAIA – Argentina,no,Ecovilla Gaia; Asociacion Gaia; Instituto Argentino de Permacultura; IAP,SETTLEMENT,114,single_source_row,1,0.000,"-34.947362,-59.337962",SINGLE,-34.947362,-59.337962,HIGH,,AR,ARG,"Buenos Aires Province; Navarro, ~110 km from Buenos Aires",HIGH,coordinate_gazetteer+official_site,https://gaia.org.ar/ecovilla/,AR,UNANIMOUS,Navarro (8.5 km),https://ecovillage.org,FIXED_GLOBAL_SOURCE,https://ecovillage.org/project/asociacion-gaia-ecovilla-navarro/,VERIFIED_COMMUNITY_SOURCE,search_index,"site:ecovillage.org returned 'Ecovilla GAIA - Argentina' at /project/asociacion-gaia-ecovilla-navarro/ - the slug is the association name, not the community name",G1,7,3,S3; S4; S6; S7,S3,"[{""url"":""https://gaia.org.ar/ecovilla/"",""rank"":1,""source_class"":""S4"",""platform_type"":""own website"",""independence_group"":""G1"",""confidence"":""HIGH"",""quality_score"":0.9,""verification"":""search_index"",""evidence"":""Official association site, ecovillage section""},{""url"":""https://ecovillage.org/project/asociacion-gaia-ecovilla-navarro/"",""rank"":3,""source_class"":""S3"",""platform_type"":""directory listing"",""independence_group"":""G1"",""confidence"":""HIGH"",""quality_score"":0.68,""verification"":""search_index"",""evidence"":""Verified GEN project page with the 1992 date and 20 ha""},{""url"":""https://www.lanacion.com.ar/lifestyle/gaia-como-es-vivir-villa-ecologica-nid2243163/"",""rank"":2,""source_class"":""S6"",""platform_type"":""news outlet"",""independence_group"":""G2"",""confidence"":""HIGH"",""quality_score"":0.7,""verification"":""search_index"",""evidence"":""La Nacion national newspaper feature""},{""url"":""https://www.lanacion.com.ar/turismo/viajes/la-gran-ecoaldea-nid1472174"",""rank"":4,""source_class"":""S6"",""platform_type"":""news outlet"",""independence_group"":""G2"",""confidence"":""MEDIUM"",""quality_score"":0.56,""verification"":""search_index"",""evidence"":""Earlier La Nacion piece - same outlet, same group""},{""url"":""https://www.enpositivo.com/2014/03/21/gaia-una-ecoaldea-argentina-basada-en-la-permacultura/"",""rank"":5,""source_class"":""S6"",""platform_type"":""other"",""independence_group"":""G3"",""confidence"":""MEDIUM"",""quality_score"":0.52,""verification"":""search_index"",""evidence"":""Dated 2014 independent account of the permaculture basis""},{""url"":""https://www.facebook.com/gaiaecovilla/"",""rank"":6,""source_class"":""S7"",""platform_type"":""Facebook"",""independence_group"":""G1"",""confidence"":""MEDIUM"",""quality_score"":0.3,""verification"":""search_index"",""evidence"":""Official page""},{""url"":""https://ecovillage.org"",""rank"":7,""source_class"":""S3"",""platform_type"":""directory listing"",""independence_group"":""G1"",""confidence"":""HIGH"",""quality_score"":0.1,""verification"":""fixed_global_source"",""evidence"":""Mandatory Global Ecovillage Network network-level seed, present on every row; not evidence that this community is GEN-registered - see gen_community_status""}]",search_index,,,,,COMPLETE,HIGH,no,,"Founded 1992 by the Gaia Association on 20 ha - ON THE SITE OF A FORMER ABANDONED DAIRY FACTORY, a clear prior land use. Adobe and straw construction, dry toilets, renewable energy; 22 co-owning families in two condominiums. Hosts the Argentine Permaculture Institute.",2026-08-28,1.0.0
IC114,El Manzano,-37.156070,-72.286233,Chile,FULL,,https://nuevo.elmanzano.org/permacultura/ | https://static.malaga.es/malaga/subidas/archivos/9/8/339689/t2-casa-el-manzano.pdf | https://ecovillage.org/project/el-manzano-2 | https://revistanos.cl/villa-el-manzano-el-primer-pueblo-autosustentable-de-biobio/ | https://permacultureglobal.org/post_projects/2812 | https://permaculture.fandom.com/wiki/Ecoescuela_El_Manzano | https://ecovillage.org,El Manzano,El Manzano,no,El Manzano; Ecoescuela El Manzano; Casa El Manzano; Villa El Manzano,SETTLEMENT,115,single_source_row,1,0.000,"-37.156070,-72.286233",SINGLE,-37.156070,-72.286233,HIGH,,CL,CHL,Biobio Region; Cabrero commune; ~20 km from Cabrero,HIGH,coordinate_gazetteer+published_source,https://ecovillage.org/project/el-manzano-2,CL,UNANIMOUS,Cabrero (17.2 km),https://ecovillage.org,FIXED_GLOBAL_SOURCE,https://ecovillage.org/project/el-manzano-2,VERIFIED_COMMUNITY_SOURCE,search_index,site:ecovillage.org returned 'El Manzano - Global Ecovillage Network' at /project/el-manzano-2,G1,7,5,S2; S3; S4; S6,S2,"[{""url"":""https://nuevo.elmanzano.org/permacultura/"",""rank"":1,""source_class"":""S4"",""platform_type"":""own website"",""independence_group"":""G1"",""confidence"":""HIGH"",""quality_score"":0.86,""verification"":""search_index"",""evidence"":""Official site, permaculture programme""},{""url"":""https://ecovillage.org/project/el-manzano-2"",""rank"":3,""source_class"":""S3"",""platform_type"":""directory listing"",""independence_group"":""G1"",""confidence"":""HIGH"",""quality_score"":0.7,""verification"":""search_index"",""evidence"":""Verified GEN project page with the five-generation history and 2008 organic certification""},{""url"":""https://static.malaga.es/malaga/subidas/archivos/9/8/339689/t2-casa-el-manzano.pdf"",""rank"":2,""source_class"":""S2"",""platform_type"":""other"",""independence_group"":""G2"",""confidence"":""HIGH"",""quality_score"":0.8,""verification"":""search_index"",""evidence"":""A PDF hosted by the Malaga provincial authority documenting Casa El Manzano - an institutional document""},{""url"":""https://permacultureglobal.org/post_projects/2812"",""rank"":5,""source_class"":""S3"",""platform_type"":""directory listing"",""independence_group"":""G3"",""confidence"":""MEDIUM"",""quality_score"":0.5,""verification"":""search_index"",""evidence"":""Worldwide Permaculture Network project record""},{""url"":""https://revistanos.cl/villa-el-manzano-el-primer-pueblo-autosustentable-de-biobio/"",""rank"":4,""source_class"":""S6"",""platform_type"":""news outlet"",""independence_group"":""G4"",""confidence"":""HIGH"",""quality_score"":0.62,""verification"":""search_index"",""evidence"":""Revista Nos regional feature on the village""},{""url"":""https://permaculture.fandom.com/wiki/Ecoescuela_El_Manzano"",""rank"":6,""source_class"":""S3"",""platform_type"":""other"",""independence_group"":""G5"",""confidence"":""LOW"",""quality_score"":0.24,""verification"":""search_index"",""evidence"":""Permaculture wiki entry - context only""},{""url"":""https://ecovillage.org"",""rank"":7,""source_class"":""S3"",""platform_type"":""directory listing"",""independence_group"":""G1"",""confidence"":""HIGH"",""quality_score"":0.1,""verification"":""fixed_global_source"",""evidence"":""Mandatory Global Ecovillage Network network-level seed, present on every row; not evidence that this community is GEN-registered - see gen_community_status""}]",search_index,,,,,COMPLETE,HIGH,no,,"A 120 ha family farm plus hamlet, worked by the same family for FIVE GENERATIONS and CERTIFIED ORGANIC SINCE 2008 - a dated certification, which is register class S2 institutional evidence. Gaia Education delivered Chile's first Ecovillage Design Education course here in 2013. A long agricultural baseline with a documented transition point.",2026-08-28,1.0.0
IC115,Agrovilla El Prado,4.787184,-75.643927,Colombia,FULL,,https://www.rds.org.co/aa/img_upload/c43752116755565f4b6bec2eb3d19a7a/Ecoaldea_Pereira.pdf | https://ecovillage.org/map/community/agrovilla-el-prado/ | https://www.scribd.com/document/544623754/ecoaldea-agrovilla-el-prado | https://1library.co/document/yj7x87lp-ecoaldea-agrovilla-prado-eje-cafetero-colombia.html | https://ecovillage.org,Agrovilla El Prado,Agrovilla El Prado,no,Agrovilla El Prado; Ecoaldea Agrovilla El Prado,SETTLEMENT,116,single_source_row,1,0.000,"4.787184,-75.643927",SINGLE,4.787184,-75.643927,HIGH,,CO,COL,"Risaralda; Santa Rosa de Cabal, Vereda Las Mangas, near Pereira",HIGH,coordinate_gazetteer+GEN_profile,https://ecovillage.org/map/community/agrovilla-el-prado/,CO,UNANIMOUS,Dosquebradas (6.3 km),https://ecovillage.org,FIXED_GLOBAL_SOURCE,https://ecovillage.org/map/community/agrovilla-el-prado/,VERIFIED_COMMUNITY_SOURCE,search_index,site:ecovillage.org returned 'Agrovilla El Prado - Global Ecovillage Network' as a /map/community/ directory entry,G1,5,3,S1; S2; S3,S1,"[{""url"":""https://ecovillage.org/map/community/agrovilla-el-prado/"",""rank"":2,""source_class"":""S3"",""platform_type"":""directory listing"",""independence_group"":""G1"",""confidence"":""HIGH"",""quality_score"":0.7,""verification"":""search_index"",""evidence"":""Verified GEN directory entry with the 2001 relocation and area""},{""url"":""https://www.rds.org.co/aa/img_upload/c43752116755565f4b6bec2eb3d19a7a/Ecoaldea_Pereira.pdf"",""rank"":1,""source_class"":""S2"",""platform_type"":""other"",""independence_group"":""G2"",""confidence"":""HIGH"",""quality_score"":0.84,""verification"":""search_index"",""evidence"":""Red de Desarrollo Sostenible de Colombia PDF study of the ecoaldea - an institutional document""},{""url"":""https://www.scribd.com/document/544623754/ecoaldea-agrovilla-el-prado"",""rank"":3,""source_class"":""S1"",""platform_type"":""other"",""independence_group"":""G3"",""confidence"":""MEDIUM"",""quality_score"":0.54,""verification"":""search_index"",""evidence"":""A hosted study document on the ecoaldea - check provenance before citing""},{""url"":""https://1library.co/document/yj7x87lp-ecoaldea-agrovilla-prado-eje-cafetero-colombia.html"",""rank"":4,""source_class"":""S1"",""platform_type"":""other"",""independence_group"":""G2"",""confidence"":""MEDIUM"",""quality_score"":0.46,""verification"":""search_index"",""evidence"":""Mirror of the same coffee-region study - same origin, same group""},{""url"":""https://ecovillage.org"",""rank"":5,""source_class"":""S3"",""platform_type"":""directory listing"",""independence_group"":""G1"",""confidence"":""HIGH"",""quality_score"":0.1,""verification"":""fixed_global_source"",""evidence"":""Mandatory Global Ecovillage Network network-level seed, present on every row; not evidence that this community is GEN-registered - see gen_community_status""}]",search_index,,,,,COMPLETE,HIGH,no,,"Began as an urban group in Dosquebradas, RELOCATED TO THE RURAL SITE IN 2001 - a dated move, so pre-2001 material describes a different place. 14 people in 5 dwellings on UNDER 12,000 sq m (~1.2 ha) - by some distance the smallest holding in the cohort, which will test the polygon and reference-circle method. Two independent Spanish-language PDFs document it.",2026-08-28,1.0.0
IC116,Aldeafeliz Ecovillage,4.987656,-74.279152,Colombia,FULL,,https://aldeafeliz.org/territorio/ | https://redcol.minciencias.gov.co/Record/EDOCUR2_a1c436d316f1ec88f01bf6abea207911 | https://ecovillage.org/project/aldeafeliz/ | http://aldeafeliz.com/ | https://ecovillage.org/2024-hildur-jackson-award-winner-aldeafeliz/ | https://ecohabitar.org/aldea-feliz-grandes-pasos-para-vivir-en-comunidad-colombia/ | https://ecovillage.org,Aldeafeliz Ecovillage,Aldeafeliz Ecovillage,no,Aldeafeliz; Aldea Feliz; Ecoaldea AldeaFeliz; Asociacion Aldeafeliz,SETTLEMENT,117,single_source_row,1,0.000,"4.987656,-74.279152",SINGLE,4.987656,-74.279152,HIGH,,CO,COL,"Cundinamarca; San Francisco municipality; vereda San Miguel, ~1,550 m",HIGH,coordinate_gazetteer+official_site,https://aldeafeliz.org/territorio/,CO,UNANIMOUS,Pacho (20.9 km),https://ecovillage.org,FIXED_GLOBAL_SOURCE,https://ecovillage.org/project/aldeafeliz/,VERIFIED_COMMUNITY_SOURCE,search_index,"site:ecovillage.org returned 'Aldeafeliz Ecovillage - Global Ecovillage Network' at /project/ and /ecovillage/ paths, plus the 2024 Hildur Jackson Award page",G1,7,3,S1; S3; S4; S6,S1,"[{""url"":""https://aldeafeliz.org/territorio/"",""rank"":1,""source_class"":""S4"",""platform_type"":""own website"",""independence_group"":""G1"",""confidence"":""HIGH"",""quality_score"":0.9,""verification"":""search_index"",""evidence"":""'Territorio' - the land page, directly relevant to land-use coding""},{""url"":""http://aldeafeliz.com/"",""rank"":4,""source_class"":""S4"",""platform_type"":""secondary or former website"",""independence_group"":""G1"",""confidence"":""HIGH"",""quality_score"":0.66,""verification"":""search_index"",""evidence"":""Second/older domain""},{""url"":""https://ecovillage.org/project/aldeafeliz/"",""rank"":3,""source_class"":""S3"",""platform_type"":""directory listing"",""independence_group"":""G1"",""confidence"":""HIGH"",""quality_score"":0.68,""verification"":""search_index"",""evidence"":""Verified GEN project page with founding date and crops""},{""url"":""https://redcol.minciencias.gov.co/Record/EDOCUR2_a1c436d316f1ec88f01bf6abea207911"",""rank"":2,""source_class"":""S1"",""platform_type"":""other"",""independence_group"":""G2"",""confidence"":""HIGH"",""quality_score"":0.9,""verification"":""search_index"",""evidence"":""Colombian national research repository (MinCiencias) record of a diagnostic thesis on Aldeafeliz - register class S1""},{""url"":""https://ecovillage.org/2024-hildur-jackson-award-winner-aldeafeliz/"",""rank"":5,""source_class"":""S3"",""platform_type"":""directory listing"",""independence_group"":""G1"",""confidence"":""HIGH"",""quality_score"":0.56,""verification"":""search_index"",""evidence"":""GEN award page, dated 2024""},{""url"":""https://ecohabitar.org/aldea-feliz-grandes-pasos-para-vivir-en-comunidad-colombia/"",""rank"":6,""source_class"":""S6"",""platform_type"":""other"",""independence_group"":""G3"",""confidence"":""MEDIUM"",""quality_score"":0.52,""verification"":""search_index"",""evidence"":""EcoHabitar feature""},{""url"":""https://ecovillage.org"",""rank"":7,""source_class"":""S3"",""platform_type"":""directory listing"",""independence_group"":""G1"",""confidence"":""HIGH"",""quality_score"":0.1,""verification"":""fixed_global_source"",""evidence"":""Mandatory Global Ecovillage Network network-level seed, present on every row; not evidence that this community is GEN-registered - see gen_community_status""}]",search_index,,,,,COMPLETE,HIGH,no,,"Born 2006 from an open call; ~2 hours west of Bogota at 1,550 m. Grows organic coffee, oranges, bananas, plantains, guabas, cacao and vegetables - an unusually specific crop list for agroforestry coding. 2024 HILDUR JACKSON AWARD WINNER, and the subject of a Colombian university thesis indexed in the national research repository.",2026-08-28,1.0.0
IC117,Peoples Coast Ecovillage Network,13.089183,-16.759665,Gambia,FULL,,https://www.ecosystemrestorationcommunities.org/community/peoples-coast-gambia/ | https://ecovillage.org/ecovillage/peoples-coast-ecovillage-network/ | https://ecovillage.org/network/sandele-foundation/ | https://ecovillage.org/gambia-our-ecovillage-network/ | https://ecovillage.org,Peoples Coast Ecovillage Network,Peoples Coast Ecovillage Network,no,People's Coast Ecovillage Network; PECEN; Sandele Foundation,SETTLEMENT,118,single_source_row,1,0.000,"13.089183,-16.759665",SINGLE,13.089183,-16.759665,HIGH,,GM,GMB,West Coast Region; coastal zone from Kartong and Gunjur northward,HIGH,coordinate_gazetteer+GEN_profile,https://ecovillage.org/ecovillage/peoples-coast-ecovillage-network/,GM,UNANIMOUS,Gunjur (12.8 km),https://ecovillage.org,FIXED_GLOBAL_SOURCE,https://ecovillage.org/ecovillage/peoples-coast-ecovillage-network/,VERIFIED_COMMUNITY_SOURCE,search_index,"site:ecovillage.org returned ""People's Coast Ecovillage Network - Global Ecovillage Network"" community page",G1,5,2,S2; S3,S2,"[{""url"":""https://ecovillage.org/ecovillage/peoples-coast-ecovillage-network/"",""rank"":2,""source_class"":""S3"",""platform_type"":""directory listing"",""independence_group"":""G1"",""confidence"":""HIGH"",""quality_score"":0.72,""verification"":""search_index"",""evidence"":""Verified GEN community page describing the network and its formation""},{""url"":""https://www.ecosystemrestorationcommunities.org/community/peoples-coast-gambia/"",""rank"":1,""source_class"":""S2"",""platform_type"":""other"",""independence_group"":""G2"",""confidence"":""HIGH"",""quality_score"":0.88,""verification"":""search_index"",""evidence"":""Ecosystem Restoration Communities record - names the sand-mining degradation and the restoration areas; independent restoration institution""},{""url"":""https://ecovillage.org/network/sandele-foundation/"",""rank"":3,""source_class"":""S3"",""platform_type"":""directory listing"",""independence_group"":""G1"",""confidence"":""MEDIUM"",""quality_score"":0.5,""verification"":""search_index"",""evidence"":""GEN page for the Sandele Foundation, the network's operational base""},{""url"":""https://ecovillage.org/gambia-our-ecovillage-network/"",""rank"":4,""source_class"":""S3"",""platform_type"":""directory listing"",""independence_group"":""G1"",""confidence"":""MEDIUM"",""quality_score"":0.48,""verification"":""search_index"",""evidence"":""GEN article on the Gambian network""},{""url"":""https://ecovillage.org"",""rank"":5,""source_class"":""S3"",""platform_type"":""directory listing"",""independence_group"":""G1"",""confidence"":""HIGH"",""quality_score"":0.1,""verification"":""fixed_global_source"",""evidence"":""Mandatory Global Ecovillage Network network-level seed, present on every row; not evidence that this community is GEN-registered - see gen_community_status""}]",search_index,,,,,COMPLETE,MEDIUM,yes,identity_confidence_below_high,"A BIO-REGIONAL NETWORK rather than a single settlement: formed 2014-15 when 55 representatives from nine coastal villages completed EDE and permaculture courses, spanning Kafountine (Senegal) to Kachumeh (Gambia). It is restoring two areas HEAVILY DEGRADED BY BEACH SAND MINING at Kartong and Gunjur - a specific, dated, satellite-visible restoration on a known-degraded baseline. But a network spanning nine villages and two countries does not have one polygon: the coder must decide which site this row denotes (E2/A5).",2026-08-28,1.0.0
IC118,Tlholego Ecovillage and Learning Centre,-25.684519,27.099662,South Africa,FULL,,https://rucore.org.za/tlholego-village/ | https://rucore.org.za/cd-tlholego-village-history/ | https://rucore.org.za/wp-content/uploads/2011/12/TBS-Final.pdf | https://magaliesbergbiosphere.org.za/inspiration-from-nature/ | http://sites.ecovillage.org/en/tlholego-ecovillage | https://ancientwisdom.africa/tlholego-ecovillage/ | https://ecovillage.org,Tlholego Ecovillage and Learning Centre,Tlholego Ecovillage and Learning Centre,no,Tlholego; Tlholego Ecovillage and Learning Centre; Tlholego Village; Rucore Sustainability Foundation,SETTLEMENT,119,single_source_row,1,0.000,"-25.684519,27.099662",SINGLE,-25.684519,27.099662,HIGH,,ZA,ZAF,North West Province; ~15 minutes outside Rustenburg,HIGH,coordinate_gazetteer+published_source,https://rucore.org.za/tlholego-village/,ZA,UNANIMOUS,Rustenburg (14.4 km),https://ecovillage.org,FIXED_GLOBAL_SOURCE,http://sites.ecovillage.org/en/tlholego-ecovillage,VERIFIED_COMMUNITY_SOURCE_LEGACY_HOST,search_index,"site:ecovillage.org returned GEN community pages only on the legacy hosts sites.ecovillage.org and gen.ecovillage.org; no current ecovillage.org page surfaced, and none is constructed",G1,7,3,S2; S3; S4; S6,S2,"[{""url"":""https://rucore.org.za/tlholego-village/"",""rank"":1,""source_class"":""S4"",""platform_type"":""own website"",""independence_group"":""G1"",""confidence"":""HIGH"",""quality_score"":0.88,""verification"":""search_index"",""evidence"":""Foundation's own village page""},{""url"":""https://rucore.org.za/cd-tlholego-village-history/"",""rank"":2,""source_class"":""S4"",""platform_type"":""own website"",""independence_group"":""G1"",""confidence"":""HIGH"",""quality_score"":0.82,""verification"":""search_index"",""evidence"":""Village history page - dated narrative back to 1990""},{""url"":""https://rucore.org.za/wp-content/uploads/2011/12/TBS-Final.pdf"",""rank"":3,""source_class"":""S2"",""platform_type"":""other"",""independence_group"":""G1"",""confidence"":""HIGH"",""quality_score"":0.76,""verification"":""search_index"",""evidence"":""A 2011 technical report PDF hosted by the foundation - a document, not a page""},{""url"":""http://sites.ecovillage.org/en/tlholego-ecovillage"",""rank"":5,""source_class"":""S3"",""platform_type"":""directory listing"",""independence_group"":""G1"",""confidence"":""MEDIUM"",""quality_score"":0.46,""verification"":""search_index"",""evidence"":""GEN community page on the legacy host""},{""url"":""https://magaliesbergbiosphere.org.za/inspiration-from-nature/"",""rank"":4,""source_class"":""S2"",""platform_type"":""other"",""independence_group"":""G2"",""confidence"":""MEDIUM"",""quality_score"":0.58,""verification"":""search_index"",""evidence"":""Magaliesberg Biosphere Reserve feature - an independent biosphere-reserve body""},{""url"":""https://ancientwisdom.africa/tlholego-ecovillage/"",""rank"":6,""source_class"":""S6"",""platform_type"":""other"",""independence_group"":""G3"",""confidence"":""LOW"",""quality_score"":0.28,""verification"":""search_index"",""evidence"":""Third-party profile""},{""url"":""https://ecovillage.org"",""rank"":7,""source_class"":""S3"",""platform_type"":""directory listing"",""independence_group"":""G1"",""confidence"":""HIGH"",""quality_score"":0.1,""verification"":""fixed_global_source"",""evidence"":""Mandatory Global Ecovillage Network network-level seed, present on every row; not evidence that this community is GEN-registered - see gen_community_status""}]",search_index,,,,,COMPLETE,HIGH,yes,gen_page_qualified,"Established 1990 by the Rucore Sustainability Foundation on 146 ha - one of South Africa's pioneer centres for permaculture education, natural building and ecovillage development, founded as a post-apartheid sustainability project. 'Tlholego' is Setswana for 'creation from nature'. Rucore hosts its own history page and a technical PDF report.",2026-08-28,1.0.0
IC119,Green Village Bali,-8.574186,115.214248,Indonesia,FULL,,https://greenvillagebali.com/ | https://architizer.com/projects/green-village/ | https://en.wikipedia.org/wiki/Environmental_Bamboo_Foundation | https://www.uniqhotels.com/green-village-bali/ | https://ecovillage.org,Green Village Bali,Green Village Bali,no,Green Village Bali; Ibuku; Green School Bali (adjacent),SETTLEMENT,120,single_source_row,1,0.000,"-8.574186,115.214248",SINGLE,-8.574186,115.214248,HIGH,,ID,IDN,"Bali; Badung Regency; Sibang Gede, Abiansemal, by the Ayung River",HIGH,coordinate_gazetteer+official_site,https://greenvillagebali.com/,ID,UNANIMOUS,Dalung (7.5 km),https://ecovillage.org,FIXED_GLOBAL_SOURCE,,NOT_FOUND,search_index_negative,"site:ecovillage.org returned GEN Indonesia listings for other Bali communities (Inspirement Village, Alaya Ecolodge, Mandala Eco-Village, Tanjung Ringgit) but no page for Green Village Bali. No GEN URL recorded.",G1,5,4,S2; S3; S4; S6,S2,"[{""url"":""https://greenvillagebali.com/"",""rank"":1,""source_class"":""S4"",""platform_type"":""own website"",""independence_group"":""G1"",""confidence"":""HIGH"",""quality_score"":0.86,""verification"":""search_index"",""evidence"":""Official site""},{""url"":""https://architizer.com/projects/green-village/"",""rank"":2,""source_class"":""S2"",""platform_type"":""other"",""independence_group"":""G2"",""confidence"":""HIGH"",""quality_score"":0.8,""verification"":""search_index"",""evidence"":""Architizer project record for Ibuku's Green Village - independent architectural documentation with drawings""},{""url"":""https://en.wikipedia.org/wiki/Environmental_Bamboo_Foundation"",""rank"":3,""source_class"":""S6"",""platform_type"":""other"",""independence_group"":""G3"",""confidence"":""MEDIUM"",""quality_score"":0.48,""verification"":""search_index"",""evidence"":""Encyclopaedic article on the associated bamboo foundation - organisational context""},{""url"":""https://www.uniqhotels.com/green-village-bali/"",""rank"":4,""source_class"":""S3"",""platform_type"":""booking or hosting"",""independence_group"":""G4"",""confidence"":""LOW"",""quality_score"":0.26,""verification"":""search_index"",""evidence"":""Accommodation listing with building detail""},{""url"":""https://ecovillage.org"",""rank"":5,""source_class"":""S3"",""platform_type"":""directory listing"",""independence_group"":""G1"",""confidence"":""HIGH"",""quality_score"":0.1,""verification"":""fixed_global_source"",""evidence"":""Mandatory Global Ecovillage Network network-level seed, present on every row; not evidence that this community is GEN-registered - see gen_community_status""}]",search_index,,,,,COMPLETE,MEDIUM,yes,identity_confidence_below_high,"Fifteen bamboo houses designed and built by the Ibuku team (Elora Hardy) along the Ayung River at Sibang Gede, adjacent to the Green School. E2 SETTLEMENT TYPE IS A REAL QUESTION: this is a designed bamboo housing development and architectural showcase rather than a member-governed intentional community, and it is not GEN-listed. Flag for the coder.",2026-08-28,1.0.0
IC120,Assalam eco-village by the Indian Ocean,-6.448134,39.466153,Tanzania,FULL,,https://vassalam.org/ | https://eaphilanthropynetwork.org/eapn-publications/assalam-community-foundation-zanzibar-tanzania-the-peace-model/ | https://vassalam.org/visit-assalam-ecovillage/ | https://vassalam.org/our-programs/ | https://ecovillage.org/ecovillage/assalam-community-permaculture-project-zanzibar/ | https://youth.europa.eu/solidarity/opportunity/49693_sv | https://ecovillage.org,Assalam eco-village by the Indian Ocean,Assalam eco-village by the Indian Ocean,no,Assalam Ecovillage; Assalam Community Foundation; Assalam Community Permaculture Project Zanzibar,SETTLEMENT,121,single_source_row,1,0.000,"-6.448134,39.466153",SINGLE,-6.448134,39.466153,HIGH,,TZ,TZA,Zanzibar; Unguja South Region; Kizimkazi,HIGH,coordinate_gazetteer+official_site,https://vassalam.org/visit-assalam-ecovillage/,TZ,UNANIMOUS,Sokoni (9.4 km),https://ecovillage.org,FIXED_GLOBAL_SOURCE,https://ecovillage.org/ecovillage/assalam-community-permaculture-project-zanzibar/,VERIFIED_COMMUNITY_SOURCE,search_index,site:ecovillage.org returned 'Assalam eco-village by the Indian Ocean: Sustainable Living in Zanzibar - Global Ecovillage Network',G1,7,3,S2; S3; S4,S2,"[{""url"":""https://vassalam.org/"",""rank"":1,""source_class"":""S4"",""platform_type"":""own website"",""independence_group"":""G1"",""confidence"":""HIGH"",""quality_score"":0.88,""verification"":""search_index"",""evidence"":""Assalam Community Foundation official site""},{""url"":""https://vassalam.org/visit-assalam-ecovillage/"",""rank"":3,""source_class"":""S4"",""platform_type"":""own website"",""independence_group"":""G1"",""confidence"":""HIGH"",""quality_score"":0.76,""verification"":""search_index"",""evidence"":""Ecovillage page with location and programme""},{""url"":""https://vassalam.org/our-programs/"",""rank"":4,""source_class"":""S4"",""platform_type"":""own website"",""independence_group"":""G1"",""confidence"":""HIGH"",""quality_score"":0.7,""verification"":""search_index"",""evidence"":""Programmes page covering the permaculture training centre""},{""url"":""https://ecovillage.org/ecovillage/assalam-community-permaculture-project-zanzibar/"",""rank"":5,""source_class"":""S3"",""platform_type"":""directory listing"",""independence_group"":""G1"",""confidence"":""HIGH"",""quality_score"":0.66,""verification"":""search_index"",""evidence"":""Verified GEN community page""},{""url"":""https://eaphilanthropynetwork.org/eapn-publications/assalam-community-foundation-zanzibar-tanzania-the-peace-model/"",""rank"":2,""source_class"":""S2"",""platform_type"":""other"",""independence_group"":""G2"",""confidence"":""HIGH"",""quality_score"":0.84,""verification"":""search_index"",""evidence"":""East Africa Philanthropy Network publication on the PEACE model - an independent institutional study""},{""url"":""https://youth.europa.eu/solidarity/opportunity/49693_sv"",""rank"":6,""source_class"":""S2"",""platform_type"":""other"",""independence_group"":""G3"",""confidence"":""MEDIUM"",""quality_score"":0.52,""verification"":""search_index"",""evidence"":""European Solidarity Corps accreditation record""},{""url"":""https://ecovillage.org"",""rank"":7,""source_class"":""S3"",""platform_type"":""directory listing"",""independence_group"":""G1"",""confidence"":""HIGH"",""quality_score"":0.1,""verification"":""fixed_global_source"",""evidence"":""Mandatory Global Ecovillage Network network-level seed, present on every row; not evidence that this community is GEN-registered - see gen_community_status""}]",search_index,,,,,COMPLETE,HIGH,no,,"Began 2018 at Kizimkazi; PEACE model (Permaculture, Education, Art, Community, Empowerment). A permaculture training centre working with 50+ farmers on climate-resilient technique, an eco-school for 170 children, soil-building through natural composting and local seed. Founded by Dr Hatice Colak Ali; partnership with SOAS London gives an academic route.",2026-08-28,1.0.0
IC121,The Sustainability Institute and Lynedoch,-33.982689,18.768245,South Africa,FULL,,https://www.sustainabilityinstitute.net/about/lynedoch-ecovillage | https://lynedochecovillage.wordpress.com/wp-content/uploads/2015/04/3959_si.pdf | https://ecovillage.org/ecovillage/sustainability-insitute/ | https://www.capetowngreenmap.co.za/cape-town-green-map-online-map/sustainable-living-icons/scientific-research-site/sustainability-institute-and-lynedoch-ecovillage | https://www.estate-living.co.za/news/lynedoch-eco-village-a-sustainable-development-unlike-any-other/ | https://ecovillage.org/lynedoch-eco-village/ | https://ecovillage.org,The Sustainability Institute and Lynedoch,The Sustainability Institute and Lynedoch,no,Lynedoch EcoVillage; The Sustainability Institute; SI; Lynedoch Development,SETTLEMENT,122,single_source_row,1,0.000,"-33.982689,18.768245",SINGLE,-33.982689,18.768245,HIGH,,ZA,ZAF,"Western Cape; Stellenbosch; Lynedoch, ~50 km from Cape Town",HIGH,coordinate_gazetteer+official_site,https://www.sustainabilityinstitute.net/about/lynedoch-ecovillage,ZA,UNANIMOUS,Kuils River (7.3 km),https://ecovillage.org,FIXED_GLOBAL_SOURCE,https://ecovillage.org/ecovillage/sustainability-insitute/,VERIFIED_COMMUNITY_SOURCE,search_index,"site:ecovillage.org returned 'The Sustainability Institute and Lynedoch Eco-Village - Global Ecovillage Network' at /ecovillage/sustainability-insitute/ - note GEN's own misspelling of 'institute' in the slug, a further demonstration that these URLs cannot be constructed",G1,7,4,S2; S3; S4; S6,S2,"[{""url"":""https://www.sustainabilityinstitute.net/about/lynedoch-ecovillage"",""rank"":1,""source_class"":""S4"",""platform_type"":""own website"",""independence_group"":""G1"",""confidence"":""HIGH"",""quality_score"":0.92,""verification"":""search_index"",""evidence"":""The Institute's own account of the ecovillage - the authoritative description""},{""url"":""https://ecovillage.org/ecovillage/sustainability-insitute/"",""rank"":3,""source_class"":""S3"",""platform_type"":""directory listing"",""independence_group"":""G1"",""confidence"":""HIGH"",""quality_score"":0.66,""verification"":""search_index"",""evidence"":""Verified GEN community page""},{""url"":""https://lynedochecovillage.wordpress.com/wp-content/uploads/2015/04/3959_si.pdf"",""rank"":2,""source_class"":""S2"",""platform_type"":""other"",""independence_group"":""G2"",""confidence"":""HIGH"",""quality_score"":0.82,""verification"":""search_index"",""evidence"":""A hosted PDF on the Lynedoch EcoVillage development - a planning/design document""},{""url"":""https://www.capetowngreenmap.co.za/cape-town-green-map-online-map/sustainable-living-icons/scientific-research-site/sustainability-institute-and-lynedoch-ecovillage"",""rank"":4,""source_class"":""S2"",""platform_type"":""other"",""independence_group"":""G3"",""confidence"":""MEDIUM"",""quality_score"":0.56,""verification"":""search_index"",""evidence"":""Cape Town Green Map record, classified as a scientific research site""},{""url"":""https://www.estate-living.co.za/news/lynedoch-eco-village-a-sustainable-development-unlike-any-other/"",""rank"":5,""source_class"":""S6"",""platform_type"":""news outlet"",""independence_group"":""G4"",""confidence"":""MEDIUM"",""quality_score"":0.52,""verification"":""search_index"",""evidence"":""Independent feature on the development""},{""url"":""https://ecovillage.org/lynedoch-eco-village/"",""rank"":6,""source_class"":""S3"",""platform_type"":""directory listing"",""independence_group"":""G1"",""confidence"":""MEDIUM"",""quality_score"":0.46,""verification"":""search_index"",""evidence"":""Second GEN page on Lynedoch - same source family""},{""url"":""https://ecovillage.org"",""rank"":7,""source_class"":""S3"",""platform_type"":""directory listing"",""independence_group"":""G1"",""confidence"":""HIGH"",""quality_score"":0.1,""verification"":""fixed_global_source"",""evidence"":""Mandatory Global Ecovillage Network network-level seed, present on every row; not evidence that this community is GEN-registered - see gen_community_status""}]",search_index,,,,,COMPLETE,HIGH,no,,"Sustainability Institute founded 1999; the wider Lynedoch EcoVillage is an ecologically designed, socially mixed community of ~30 families built around a learning precinct - explicitly a post-apartheid social-integration project as well as an ecological one. Financially self-sustaining without external funding. Hosted GEN Africa's first EDE in South Africa. Strong academic ties through Stellenbosch University.",2026-08-28,1.0.0
IC122,Chisapani Ecovillage Tarebhir,28.207350,83.906688,Nepal,FULL,,https://ecovillage.org/gen_country/nepal/ | https://us.trip.com/hotels/kaski-chisapani-eco-village-tarebhir/hotels-c76813m29484009/ | https://ecovillage.org,Chisapani Ecovillage Tarebhir,Chisapani Ecovillage Tarebhir,no,Chisapani Ecovillage; Chisapani Eco Village Tarebhir,SETTLEMENT,123,single_source_row,1,0.000,"28.207350,83.906688",SINGLE,28.207350,83.906688,HIGH,,NP,NPL,"Gandaki Province; Kaski district; Tarebhir, Pokhara area",HIGH,coordinate_gazetteer+published_source,https://ecovillage.org/gen_country/nepal/,NP,UNANIMOUS,Pokhara (9.0 km),https://ecovillage.org,FIXED_GLOBAL_SOURCE,,NOT_FOUND,search_index_negative,"site:ecovillage.org returned GEN Nepal index and project-tag pages whose text describes Chisapani Ecovillage Tarebhir, but no community-page URL for it surfaced in either search. Rather than construct a plausible slug, no GEN community URL is recorded and the row is flagged - a GEN page may well exist and simply not be indexed for these queries.",G1,3,2,S3,S3,"[{""url"":""https://ecovillage.org/gen_country/nepal/"",""rank"":1,""source_class"":""S3"",""platform_type"":""directory listing"",""independence_group"":""G1"",""confidence"":""MEDIUM"",""quality_score"":0.4,""verification"":""search_index"",""evidence"":""GEN Nepal country index - the route to the community page if one exists""},{""url"":""https://us.trip.com/hotels/kaski-chisapani-eco-village-tarebhir/hotels-c76813m29484009/"",""rank"":2,""source_class"":""S3"",""platform_type"":""booking or hosting"",""independence_group"":""G2"",""confidence"":""LOW"",""quality_score"":0.22,""verification"":""search_index"",""evidence"":""Booking aggregator page confirming the name and placing it in Kaski - weak, but it is locality corroboration""},{""url"":""https://ecovillage.org"",""rank"":3,""source_class"":""S3"",""platform_type"":""directory listing"",""independence_group"":""G1"",""confidence"":""HIGH"",""quality_score"":0.1,""verification"":""fixed_global_source"",""evidence"":""Mandatory Global Ecovillage Network network-level seed, present on every row; not evidence that this community is GEN-registered - see gen_community_status""}]",search_index,,,,,COMPLETE,LOW,yes,identity_confidence_below_high,"Described as an eco-tourism, regenerative agriculture and community-empowerment project doing organic farming and waste management. VERY THIN EVIDENCE: no official website and no community-specific URL was located, only aggregator and hotel-booking pages referencing 'Chisapani Eco Village Tarebhir' in Kaski. The coordinate is consistent with Kaski/Pokhara. This row needs a targeted second pass, including Nepali-language search.",2026-08-28,1.0.0
IC123,"Ruma Eco Village , Mayagdi Nepal",28.412866,83.384985,Nepal,FULL,,"https://ecovillage.org/ecovillage/ruma-eco-village/ | https://ecovillage.org/gen_country/nepal/ | https://en.wikipedia.org/wiki/Annapurna_Rural_Municipality,_Myagdi | https://ecovillage.org","Ruma Eco Village , Mayagdi Nepal","Ruma Eco Village , Mayagdi Nepal",no,Ruma Eco Village; Ruma EcoVillage Myagdi,SETTLEMENT,124,single_source_row,1,0.000,"28.412866,83.384985",SINGLE,28.412866,83.384985,HIGH,,NP,NPL,Gandaki Province; Myagdi district,HIGH,coordinate_gazetteer+GEN_profile,https://ecovillage.org/ecovillage/ruma-eco-village/,NP,UNANIMOUS,Bāgluṅ (26.5 km),https://ecovillage.org,FIXED_GLOBAL_SOURCE,https://ecovillage.org/ecovillage/ruma-eco-village/,VERIFIED_COMMUNITY_SOURCE,search_index,site:ecovillage.org returned 'Ruma Eco Village - Global Ecovillage Network' community page,G1,4,2,S3; S6,S3,"[{""url"":""https://ecovillage.org/ecovillage/ruma-eco-village/"",""rank"":1,""source_class"":""S3"",""platform_type"":""directory listing"",""independence_group"":""G1"",""confidence"":""HIGH"",""quality_score"":0.7,""verification"":""search_index"",""evidence"":""Verified GEN community page - the only substantive description found""},{""url"":""https://ecovillage.org/gen_country/nepal/"",""rank"":2,""source_class"":""S3"",""platform_type"":""directory listing"",""independence_group"":""G1"",""confidence"":""MEDIUM"",""quality_score"":0.34,""verification"":""search_index"",""evidence"":""GEN Nepal index - route to related listings""},{""url"":""https://en.wikipedia.org/wiki/Annapurna_Rural_Municipality,_Myagdi"",""rank"":3,""source_class"":""S6"",""platform_type"":""other"",""independence_group"":""G2"",""confidence"":""LOW"",""quality_score"":0.26,""verification"":""search_index"",""evidence"":""Administrative context for the Myagdi locality; comma in path""},{""url"":""https://ecovillage.org"",""rank"":4,""source_class"":""S3"",""platform_type"":""directory listing"",""independence_group"":""G1"",""confidence"":""HIGH"",""quality_score"":0.1,""verification"":""fixed_global_source"",""evidence"":""Mandatory Global Ecovillage Network network-level seed, present on every row; not evidence that this community is GEN-registered - see gen_community_status""}]",search_index,,,,,COMPLETE,MEDIUM,yes,identity_confidence_below_high,"Regenerative agriculture, eco-tourism and conservation in a Myagdi mountain community, framed explicitly as a response to RURAL DEPOPULATION - which matters here: the land-cover signal may reflect abandonment and natural regrowth as much as active management. No independent non-GEN source located; a second pass with Nepali-language search is warranted.",2026-08-28,1.0.0
IC124,Suwan organic farmstay,17.671088,102.839151,Thailand,FULL,,https://suwan-organic-farmstay.com/en/ | https://suwan-organic-farmstay.com/en/about-us/ | https://suwan-organic-farmstay.com/en/farmstay-thailand-woofing/ | https://ecovillage.org/map/community/suwan-organic-farmstay/ | https://voluntouring.org/2019/07/20/volunteering-thailand-suwan-organic-farmstay/ | https://www.facebook.com/SuwanOrganicFarmstay/ | https://ecovillage.org,Suwan organic farmstay,Suwan organic farmstay,no,Suwan Organic Farmstay; Suwan Farmstay,SETTLEMENT,125,single_source_row,1,0.000,"17.671088,102.839151",SINGLE,17.671088,102.839151,HIGH,,TH,THA,"Udon Thani Province; Phen district, between Udon Thani and Nong Khai",HIGH,coordinate_gazetteer+official_site,https://suwan-organic-farmstay.com/en/about-us/,TH,MAJORITY,Nong Khai (25.3 km),https://ecovillage.org,FIXED_GLOBAL_SOURCE,https://ecovillage.org/map/community/suwan-organic-farmstay/,VERIFIED_COMMUNITY_SOURCE,search_index,site:ecovillage.org returned 'Suwan organic farmstay - Global Ecovillage Network' as a /map/community/ directory entry,G1,7,2,S3; S4; S6; S7,S3,"[{""url"":""https://suwan-organic-farmstay.com/en/"",""rank"":1,""source_class"":""S4"",""platform_type"":""own website"",""independence_group"":""G1"",""confidence"":""HIGH"",""quality_score"":0.88,""verification"":""search_index"",""evidence"":""Official site, English edition""},{""url"":""https://suwan-organic-farmstay.com/en/about-us/"",""rank"":2,""source_class"":""S4"",""platform_type"":""own website"",""independence_group"":""G1"",""confidence"":""HIGH"",""quality_score"":0.74,""verification"":""search_index"",""evidence"":""About/contact page settling the locality""},{""url"":""https://suwan-organic-farmstay.com/en/farmstay-thailand-woofing/"",""rank"":3,""source_class"":""S4"",""platform_type"":""own website"",""independence_group"":""G1"",""confidence"":""HIGH"",""quality_score"":0.66,""verification"":""search_index"",""evidence"":""Farm description - the permaculture and food-forest detail""},{""url"":""https://ecovillage.org/map/community/suwan-organic-farmstay/"",""rank"":4,""source_class"":""S3"",""platform_type"":""directory listing"",""independence_group"":""G1"",""confidence"":""HIGH"",""quality_score"":0.62,""verification"":""search_index"",""evidence"":""Verified GEN directory entry with the 32,000 sq m figure""},{""url"":""https://voluntouring.org/2019/07/20/volunteering-thailand-suwan-organic-farmstay/"",""rank"":5,""source_class"":""S6"",""platform_type"":""other"",""independence_group"":""G2"",""confidence"":""MEDIUM"",""quality_score"":0.46,""verification"":""search_index"",""evidence"":""Dated 2019 independent volunteer account""},{""url"":""https://www.facebook.com/SuwanOrganicFarmstay/"",""rank"":6,""source_class"":""S7"",""platform_type"":""Facebook"",""independence_group"":""G1"",""confidence"":""MEDIUM"",""quality_score"":0.28,""verification"":""search_index"",""evidence"":""Official page""},{""url"":""https://ecovillage.org"",""rank"":7,""source_class"":""S3"",""platform_type"":""directory listing"",""independence_group"":""G1"",""confidence"":""HIGH"",""quality_score"":0.1,""verification"":""fixed_global_source"",""evidence"":""Mandatory Global Ecovillage Network network-level seed, present on every row; not evidence that this community is GEN-registered - see gen_community_status""}]",search_index,,,,,COMPLETE,HIGH,no,,"ADMIN NOTE: sources place it in Phen district, UDON THANI province, 45 minutes from Nong Khai town - the original row name says Nong Khai, which is the nearer landmark rather than the province. 3.2 ha (32,000 sq m) combining permaculture, traditional rice paddies, a TROPICAL FOOD FOREST and natural-material buildings; 100% organic, agroforestry. A food forest on former paddy is a clean, mappable land conversion.",2026-08-28,1.0.0
IC125,Daruma Ecovillage,13.236989,100.952719,Thailand,FULL,,https://ecovillage.org/project/daruma-ecovillage/ | https://mag.luxuryliving.com/daruma-eco-farm-building-a-new-kind-of-community-in-thailand/ | https://www.facebook.com/daruma.ecofarm/ | https://www.cycleblaze.com/journals/southeastasia/to-daruma-eco-farm-near-chonburi-and-a-day-off-at-the-school-farm/ | https://numundo.org/center/thailand/daruma-ecovillage | https://ecovillage.org,Daruma Ecovillage,Daruma Ecovillage,no,Daruma; Daruma Eco Farm; Daruma Ecovillage; Mosaic Learning Center,SETTLEMENT,126,single_source_row,1,0.000,"13.236989,100.952719",SINGLE,13.236989,100.952719,HIGH,,TH,THA,Chonburi Province; Si Racha District; Bang Phra,HIGH,coordinate_gazetteer+GEN_profile,https://ecovillage.org/project/daruma-ecovillage/,TH,UNANIMOUS,Si Racha (7.5 km),https://ecovillage.org,FIXED_GLOBAL_SOURCE,https://ecovillage.org/project/daruma-ecovillage/,VERIFIED_COMMUNITY_SOURCE,search_index,site:ecovillage.org returned 'Daruma Ecovillage - Global Ecovillage Network' at /project/ and /ecovillage/ paths,G1,6,4,S3; S6; S7,S3,"[{""url"":""https://ecovillage.org/project/daruma-ecovillage/"",""rank"":1,""source_class"":""S3"",""platform_type"":""directory listing"",""independence_group"":""G1"",""confidence"":""HIGH"",""quality_score"":0.72,""verification"":""search_index"",""evidence"":""Verified GEN project page with the address and school detail""},{""url"":""https://www.facebook.com/daruma.ecofarm/"",""rank"":3,""source_class"":""S7"",""platform_type"":""Facebook"",""independence_group"":""G1"",""confidence"":""HIGH"",""quality_score"":0.48,""verification"":""search_index"",""evidence"":""Official page - the community's principal current channel""},{""url"":""https://mag.luxuryliving.com/daruma-eco-farm-building-a-new-kind-of-community-in-thailand/"",""rank"":2,""source_class"":""S6"",""platform_type"":""news outlet"",""independence_group"":""G2"",""confidence"":""HIGH"",""quality_score"":0.64,""verification"":""search_index"",""evidence"":""Long-form independent feature covering the farm's restoration and the school""},{""url"":""https://www.cycleblaze.com/journals/southeastasia/to-daruma-eco-farm-near-chonburi-and-a-day-off-at-the-school-farm/"",""rank"":4,""source_class"":""S6"",""platform_type"":""blog platform"",""independence_group"":""G3"",""confidence"":""MEDIUM"",""quality_score"":0.48,""verification"":""search_index"",""evidence"":""Dated independent visit account with on-the-ground detail""},{""url"":""https://numundo.org/center/thailand/daruma-ecovillage"",""rank"":5,""source_class"":""S3"",""platform_type"":""directory listing"",""independence_group"":""G4"",""confidence"":""MEDIUM"",""quality_score"":0.32,""verification"":""search_index"",""evidence"":""NuMundo centre listing""},{""url"":""https://ecovillage.org"",""rank"":6,""source_class"":""S3"",""platform_type"":""directory listing"",""independence_group"":""G1"",""confidence"":""HIGH"",""quality_score"":0.1,""verification"":""fixed_global_source"",""evidence"":""Mandatory Global Ecovillage Network network-level seed, present on every row; not evidence that this community is GEN-registered - see gen_community_status""}]",search_index,,,,,COMPLETE,HIGH,no,,"Founded by Neil Wilmann and his wife Su, who RESTORED AN ABANDONED FARM at Bang Phra - a clear degraded prior state with a datable start, and the site has run for over ten years. Permaculture-designed throughout; the on-site Mosaic Learning Center (60-75+ students) is described as the first school in the world designed on permaculture principles. 500+ volunteers hosted.",2026-08-28,1.0.0
IC126,Protopia Community,10.593709,-84.841019,Costa Rica,FULL,,https://www.protopia.community/ | https://numundo.org/center/costa-rica/protopia-community | https://www.protopianconvergence.org/ | https://retreat.guru/centers/9318-1/protopia-community | https://ecovillage.org,Protopia Community,Protopia Community,no,Protopia; Protopia Community; Protopian Convergence,SETTLEMENT,127,single_source_row,1,0.000,"10.593709,-84.841019",SINGLE,10.593709,-84.841019,HIGH,,CR,CRI,"Alajuela Province; Cabanga (Pueblo Nuevo), near Arenal",HIGH,coordinate_gazetteer+official_site,https://www.protopia.community/,CR,UNANIMOUS,Cañas (33.4 km),https://ecovillage.org,FIXED_GLOBAL_SOURCE,,NOT_FOUND,search_index_negative,"site:ecovillage.org returned GEN Costa Rica listings for other communities (RiverFalls Village, Infinite Stillness, Finca Sol y Valle, The ARK) and text describing Protopia's vision, but no community-page URL for Protopia surfaced. No GEN URL recorded.",G1,5,3,S3; S4,S3,"[{""url"":""https://www.protopia.community/"",""rank"":1,""source_class"":""S4"",""platform_type"":""own website"",""independence_group"":""G1"",""confidence"":""HIGH"",""quality_score"":0.86,""verification"":""search_index"",""evidence"":""Official site""},{""url"":""https://numundo.org/center/costa-rica/protopia-community"",""rank"":2,""source_class"":""S3"",""platform_type"":""directory listing"",""independence_group"":""G2"",""confidence"":""MEDIUM"",""quality_score"":0.42,""verification"":""search_index"",""evidence"":""NuMundo centre listing""},{""url"":""https://retreat.guru/centers/9318-1/protopia-community"",""rank"":4,""source_class"":""S3"",""platform_type"":""booking or hosting"",""independence_group"":""G3"",""confidence"":""MEDIUM"",""quality_score"":0.34,""verification"":""search_index"",""evidence"":""Retreat platform record with location detail""},{""url"":""https://www.protopianconvergence.org/"",""rank"":3,""source_class"":""S4"",""platform_type"":""secondary or former website"",""independence_group"":""G1"",""confidence"":""MEDIUM"",""quality_score"":0.4,""verification"":""search_index"",""evidence"":""Associated gathering project on a second domain""},{""url"":""https://ecovillage.org"",""rank"":5,""source_class"":""S3"",""platform_type"":""directory listing"",""independence_group"":""G1"",""confidence"":""HIGH"",""quality_score"":0.1,""verification"":""fixed_global_source"",""evidence"":""Mandatory Global Ecovillage Network network-level seed, present on every row; not evidence that this community is GEN-registered - see gen_community_status""}]",search_index,,,,,COMPLETE,MEDIUM,yes,identity_confidence_below_high,"Jungle coliving and regenerative farm near Arenal; permaculture, workshops, venue hire, and a digital-nomad coliving offer at ~$1,200/month. E2 settlement type needs a coder decision: the residential population is largely transient paying guests rather than permanent members.",2026-08-28,1.0.0
IC127,Eco Aldeia do Vale – Instituto Permacultura,38.880436,-9.307763,Portugal,FULL,,https://www.aldeiadovale.com/ | https://ecovillage.org/project/eco-aldeia-do-vale-instituto-permacultura/ | https://www.jornalmapa.pt/2018/12/05/aldeia-do-vale/ | https://www.aldeiadovale.com/eco-construccedilatildeo.html | https://permacultureglobal.org/projects/2213-aldeia-do-vale-instituto-permacultura-portugal | https://ecovillage.org,Eco Aldeia do Vale â€&quot; Instituto Permacultura,Eco Aldeia do Vale – Instituto Permacultura,yes,Aldeia do Vale; Eco Aldeia do Vale; Instituto Permacultura Portugal,SETTLEMENT,128,single_source_row,1,0.000,"38.880436,-9.307763",SINGLE,38.880436,-9.307763,HIGH,,PT,PRT,"Lisbon District; Sintra municipality, on the Mafra border near Cheleiros",HIGH,coordinate_gazetteer+GEN_profile,https://ecovillage.org/project/eco-aldeia-do-vale-instituto-permacultura/,PT,UNANIMOUS,Algueirão (9.7 km),https://ecovillage.org,FIXED_GLOBAL_SOURCE,https://ecovillage.org/project/eco-aldeia-do-vale-instituto-permacultura/,VERIFIED_COMMUNITY_SOURCE,search_index,site:ecovillage.org returned 'Eco Aldeia do Vale - Instituto Permacultura - Global Ecovillage Network' project page,G1,6,3,S3; S4; S6,S3,"[{""url"":""https://www.aldeiadovale.com/"",""rank"":1,""source_class"":""S4"",""platform_type"":""own website"",""independence_group"":""G1"",""confidence"":""HIGH"",""quality_score"":0.88,""verification"":""search_index"",""evidence"":""Official site""},{""url"":""https://www.aldeiadovale.com/eco-construccedilatildeo.html"",""rank"":4,""source_class"":""S4"",""platform_type"":""own website"",""independence_group"":""G1"",""confidence"":""MEDIUM"",""quality_score"":0.52,""verification"":""search_index"",""evidence"":""Eco-construction page; the mangled path is the site's own, preserved verbatim""},{""url"":""https://ecovillage.org/project/eco-aldeia-do-vale-instituto-permacultura/"",""rank"":2,""source_class"":""S3"",""platform_type"":""directory listing"",""independence_group"":""G1"",""confidence"":""HIGH"",""quality_score"":0.66,""verification"":""search_index"",""evidence"":""Verified GEN project page with the 2016 founding and location""},{""url"":""https://permacultureglobal.org/projects/2213-aldeia-do-vale-instituto-permacultura-portugal"",""rank"":5,""source_class"":""S3"",""platform_type"":""directory listing"",""independence_group"":""G2"",""confidence"":""MEDIUM"",""quality_score"":0.48,""verification"":""search_index"",""evidence"":""Worldwide Permaculture Network record""},{""url"":""https://www.jornalmapa.pt/2018/12/05/aldeia-do-vale/"",""rank"":3,""source_class"":""S6"",""platform_type"":""news outlet"",""independence_group"":""G3"",""confidence"":""MEDIUM"",""quality_score"":0.56,""verification"":""search_index"",""evidence"":""Jornal Mapa feature, dated 2018""},{""url"":""https://ecovillage.org"",""rank"":6,""source_class"":""S3"",""platform_type"":""directory listing"",""independence_group"":""G1"",""confidence"":""HIGH"",""quality_score"":0.1,""verification"":""fixed_global_source"",""evidence"":""Mandatory Global Ecovillage Network network-level seed, present on every row; not evidence that this community is GEN-registered - see gen_community_status""}]",search_index,,,,,COMPLETE,HIGH,no,,"name repaired from a mis-encoded export; original preserved | TEXT REPAIR: original cell held an HTML-escaped mojibake en dash; repaired to 'Eco Aldeia do Vale - Instituto Permacultura'. ADMIN NOTE: located in SINTRA on the Mafra border near Cheleiros, not Torres Vedras. Founded 2016 as a sustainability research and training centre; services include reforestation, water harvesting and storage, food forests and ecological infrastructure - practices directly relevant to the land coding.",2026-08-28,1.0.0
IC128,Spoluzemě Vrábsko,49.464480,14.103488,Czechia,FULL,,https://ecovillage.org/map/community/spoluzeme-vrabsko/ | https://info.dingir.cz/2022/12/propoceny-zimni-slunovrat-v-komunite-spoluzeme/ | https://2022.tydenproklima.cz/poradatele/vznikajici-ekovesnice-spoluzeme-vrabsko | https://ic.org/directory/spoluzeme-vrabsko | https://www.facebook.com/vrabsko/ | https://ecovillage.org,Spoluzemě Vrábsko,Spoluzemě Vrábsko,no,SpoluZeme Vrabsko; Spolecenstvi Vrabsko; Vrabsko,SETTLEMENT,129,single_source_row,1,0.000,"49.464480,14.103488",SINGLE,49.464480,14.103488,HIGH,,CZ,CZE,"South Bohemian Region; Vrabsko, between Pisek and Pribram",HIGH,coordinate_gazetteer+GEN_profile,https://ecovillage.org/map/community/spoluzeme-vrabsko/,CZ,UNANIMOUS,Písek (17.6 km),https://ecovillage.org,FIXED_GLOBAL_SOURCE,https://ecovillage.org/map/community/spoluzeme-vrabsko/,VERIFIED_COMMUNITY_SOURCE,search_index,"site:ecovillage.org returned 'Spoluzeme Vrabsko - Global Ecovillage Network' directory entry, plus a /project/spoluzeme-vrabsko/ page; listed among GEN Europe ASPIRING members",G1,6,4,S2; S3; S6; S7,S2,"[{""url"":""https://ecovillage.org/map/community/spoluzeme-vrabsko/"",""rank"":1,""source_class"":""S3"",""platform_type"":""directory listing"",""independence_group"":""G1"",""confidence"":""HIGH"",""quality_score"":0.68,""verification"":""search_index"",""evidence"":""Verified GEN directory entry""},{""url"":""https://ic.org/directory/spoluzeme-vrabsko"",""rank"":4,""source_class"":""S3"",""platform_type"":""directory listing"",""independence_group"":""G2"",""confidence"":""MEDIUM"",""quality_score"":0.48,""verification"":""search_index"",""evidence"":""Foundation for Intentional Community entry""},{""url"":""https://info.dingir.cz/2022/12/propoceny-zimni-slunovrat-v-komunite-spoluzeme/"",""rank"":2,""source_class"":""S6"",""platform_type"":""news outlet"",""independence_group"":""G3"",""confidence"":""HIGH"",""quality_score"":0.62,""verification"":""search_index"",""evidence"":""Nabozensky infoservis (Dingir) dated 2022 field report - independent religious-studies journalism, the source of the spring 2021 date""},{""url"":""https://2022.tydenproklima.cz/poradatele/vznikajici-ekovesnice-spoluzeme-vrabsko"",""rank"":3,""source_class"":""S2"",""platform_type"":""other"",""independence_group"":""G4"",""confidence"":""MEDIUM"",""quality_score"":0.5,""verification"":""search_index"",""evidence"":""Czech Climate Week organiser record, dated 2022""},{""url"":""https://www.facebook.com/vrabsko/"",""rank"":5,""source_class"":""S7"",""platform_type"":""Facebook"",""independence_group"":""G1"",""confidence"":""MEDIUM"",""quality_score"":0.3,""verification"":""search_index"",""evidence"":""Community page""},{""url"":""https://ecovillage.org"",""rank"":6,""source_class"":""S3"",""platform_type"":""directory listing"",""independence_group"":""G1"",""confidence"":""HIGH"",""quality_score"":0.1,""verification"":""fixed_global_source"",""evidence"":""Mandatory Global Ecovillage Network network-level seed, present on every row; not evidence that this community is GEN-registered - see gen_community_status""}]",search_index,,,,,COMPLETE,MEDIUM,yes,identity_confidence_below_high,"FOUNDING DATE CONFLICTS ACROSS SOURCES: GEN says autumn 2019, Czech press says formally spring 2021 - both are recorded, neither resolved. ~12-15 adults and a few children in a first phase still building housing, space and garden. A GEN Europe ASPIRING member, not a full member - an early-stage project where the satellite record may show little yet.",2026-08-28,1.0.0
IC129,Friskoven,55.095061,14.944695,Denmark,FULL,,https://www.friskoven.dk/ | https://ecovillage.org/project/friskoven/ | https://www.tv2bornholm.dk/artikel/nyt-program-faellesskab-og-byggeri-i-friskoven | https://tidende.dk/bornholm/beboerne-i-friskoven-jubler/151822 | https://okosamfund.dk/en/elementor-14152/medlemmer-en/ | https://ecovillage.org,Friskoven,Friskoven,no,Friskoven; Okosamfundet Friskoven; Friskoven Almindingen,SETTLEMENT,130,single_source_row,1,0.000,"55.095061,14.944695",SINGLE,55.095061,14.944695,HIGH,,DK,DNK,"Capital Region; Bornholm; Almindingen, near Aakirkeby",MEDIUM,coordinate_gazetteer+official_site,https://www.friskoven.dk/,SE,MAJORITY,Ystad (80.4 km),https://ecovillage.org,FIXED_GLOBAL_SOURCE,https://ecovillage.org/project/friskoven/,VERIFIED_COMMUNITY_SOURCE,search_index,site:ecovillage.org returned 'Friskoven - Global Ecovillage Network' project page,G1,6,4,S3; S4; S6,S3,"[{""url"":""https://www.friskoven.dk/"",""rank"":1,""source_class"":""S4"",""platform_type"":""own website"",""independence_group"":""G1"",""confidence"":""HIGH"",""quality_score"":0.9,""verification"":""search_index"",""evidence"":""Official site""},{""url"":""https://ecovillage.org/project/friskoven/"",""rank"":2,""source_class"":""S3"",""platform_type"":""directory listing"",""independence_group"":""G1"",""confidence"":""HIGH"",""quality_score"":0.74,""verification"":""search_index"",""evidence"":""Verified GEN project page with the December 2018 purchase and 12 ha""},{""url"":""https://www.tv2bornholm.dk/artikel/nyt-program-faellesskab-og-byggeri-i-friskoven"",""rank"":3,""source_class"":""S6"",""platform_type"":""news outlet"",""independence_group"":""G2"",""confidence"":""HIGH"",""quality_score"":0.68,""verification"":""search_index"",""evidence"":""TV2 Bornholm - a broadcast series on the community and its building work; dated visual documentation""},{""url"":""https://tidende.dk/bornholm/beboerne-i-friskoven-jubler/151822"",""rank"":4,""source_class"":""S6"",""platform_type"":""news outlet"",""independence_group"":""G3"",""confidence"":""MEDIUM"",""quality_score"":0.56,""verification"":""search_index"",""evidence"":""Bornholms Tidende regional report""},{""url"":""https://okosamfund.dk/en/elementor-14152/medlemmer-en/"",""rank"":5,""source_class"":""S3"",""platform_type"":""directory listing"",""independence_group"":""G4"",""confidence"":""MEDIUM"",""quality_score"":0.42,""verification"":""search_index"",""evidence"":""Danish national ecovillage association member list""},{""url"":""https://ecovillage.org"",""rank"":6,""source_class"":""S3"",""platform_type"":""directory listing"",""independence_group"":""G1"",""confidence"":""HIGH"",""quality_score"":0.1,""verification"":""fixed_global_source"",""evidence"":""Mandatory Global Ecovillage Network network-level seed, present on every row; not evidence that this community is GEN-registered - see gen_community_status""}]",search_index,,,,,COMPLETE,HIGH,yes,country_corrected_from_gazetteer,"country corrected from the gazetteer's Sweden to Denmark on published evidence; the nearest large town lies across a border, a coast or a lake | A group bought an old production school with 12 HECTARES OF LAND AND 2,500 SQ M OF BUILDINGS IN DECEMBER 2018, on the site of a 1939 LABOUR CAMP in Almindingen forest; the project took off summer 2020 and the housing association was founded 2021. Three precisely dated stages on a known prior land use. 11 adults and 11 children; a master plan is under development with the municipality, so planning documents should exist.",2026-08-28,1.0.0
IC130,Gemeinschaft Sulzbrunn,47.670555,10.384863,Germany,FULL,,https://sulzbrunn.org/gemeinschaft/ | https://b2b.allgaeu.de/service/informationen-kommunen/wohnraum-entwicklung/gemeinschaft-sulzbrunn | https://gen-deutschland.de/projekt/gemeinschaft-sulzbrunn/ | https://sulzbrunn.org/seminarhaus/ | http://sites.ecovillage.org/gemeinschaft-sulzbrunn | https://lernorte.gen-deutschland.de/lernort/gemeinschaft-sulzbrunn/ | https://ecovillage.org,Gemeinschaft Sulzbrunn,Gemeinschaft Sulzbrunn,no,Gemeinschaft Sulzbrunn; Sulzbrunn; Seminarhaus Sulzbrunn; Stiftungsfond Sulzbrunn,SETTLEMENT,131,single_source_row,1,0.000,"47.670555,10.384863",SINGLE,47.670555,10.384863,HIGH,,DE,DEU,"Bavaria; Allgaeu; Sulzberg, ~900 m",HIGH,coordinate_gazetteer+official_site,https://sulzbrunn.org/gemeinschaft/,DE,UNANIMOUS,Kempten (Allgäu) (8.2 km),https://ecovillage.org,FIXED_GLOBAL_SOURCE,http://sites.ecovillage.org/gemeinschaft-sulzbrunn,VERIFIED_COMMUNITY_SOURCE_LEGACY_HOST,search_index,site:ecovillage.org returned a GEN community page only on the legacy host sites.ecovillage.org; no current ecovillage.org page surfaced and none is constructed,G1,7,2,S2; S3; S4,S2,"[{""url"":""https://sulzbrunn.org/gemeinschaft/"",""rank"":1,""source_class"":""S4"",""platform_type"":""own website"",""independence_group"":""G1"",""confidence"":""HIGH"",""quality_score"":0.9,""verification"":""search_index"",""evidence"":""Official community page with the three-pillar legal structure""},{""url"":""https://sulzbrunn.org/seminarhaus/"",""rank"":4,""source_class"":""S4"",""platform_type"":""own website"",""independence_group"":""G1"",""confidence"":""MEDIUM"",""quality_score"":0.56,""verification"":""search_index"",""evidence"":""Seminar house page""},{""url"":""https://gen-deutschland.de/projekt/gemeinschaft-sulzbrunn/"",""rank"":3,""source_class"":""S3"",""platform_type"":""directory listing"",""independence_group"":""G1"",""confidence"":""HIGH"",""quality_score"":0.58,""verification"":""search_index"",""evidence"":""GEN Deutschland project record - same GEN family""},{""url"":""http://sites.ecovillage.org/gemeinschaft-sulzbrunn"",""rank"":5,""source_class"":""S3"",""platform_type"":""directory listing"",""independence_group"":""G1"",""confidence"":""MEDIUM"",""quality_score"":0.44,""verification"":""search_index"",""evidence"":""GEN community page on the legacy host""},{""url"":""https://b2b.allgaeu.de/service/informationen-kommunen/wohnraum-entwicklung/gemeinschaft-sulzbrunn"",""rank"":2,""source_class"":""S2"",""platform_type"":""other"",""independence_group"":""G2"",""confidence"":""HIGH"",""quality_score"":0.72,""verification"":""search_index"",""evidence"":""Allgaeu regional development body's housing-development record - an institutional source""},{""url"":""https://lernorte.gen-deutschland.de/lernort/gemeinschaft-sulzbrunn/"",""rank"":6,""source_class"":""S3"",""platform_type"":""directory listing"",""independence_group"":""G1"",""confidence"":""MEDIUM"",""quality_score"":0.4,""verification"":""search_index"",""evidence"":""GEN Deutschland learning-site record""},{""url"":""https://ecovillage.org"",""rank"":7,""source_class"":""S3"",""platform_type"":""directory listing"",""independence_group"":""G1"",""confidence"":""HIGH"",""quality_score"":0.1,""verification"":""fixed_global_source"",""evidence"":""Mandatory Global Ecovillage Network network-level seed, present on every row; not evidence that this community is GEN-registered - see gen_community_status""}]",search_index,,,,,COMPLETE,HIGH,yes,gen_page_qualified,"~50 people aged 0-80 at 900 m in the Allgaeu. THREE-PART LEGAL STRUCTURE: the Stiftungsfond Sulzbrunn owns the LAND, the Gemeinschaft Sulzbrunn eG cooperative manages the property, and a Foerderverein runs non-profit projects - an unusually clear and separable tenure record for register block E. Runs an ecological seminar house.",2026-08-28,1.0.0
IC131,Eotopia,46.709743,3.681777,France,FULL,,https://ecovillage.org/project/eotopia/ | https://france3-regions.franceinfo.fr/bourgogne-franche-comte/saone-loire-visite-au-coeur-du-village-utopique-ecologique-eotopia-1663253.html | https://www.18h39.fr/articles/5-ans-apres-sa-creation-eotopia-eco-lieu-ecolo-et-vegan-poursuit-sa-quete-dune-vie-plus-simple.html | https://www.18h39.fr/articles/bienvenu-a-eotopia-nous-avons-passe-deux-jours-dans-un-village-100-ecolo-et-collectif.html | https://magazine.laruchequiditoui.fr/eotopia-lecovillage-du-partage/ | https://ecovillage.org,Eotopia,Eotopia,no,Eotopia; Ecolieu Eotopia; le jardin Jolivet,SETTLEMENT,132,single_source_row,1,0.000,"46.709743,3.681777",SINGLE,46.709743,3.681777,HIGH,,FR,FRA,"Bourgogne-Franche-Comte; Saone-et-Loire; Cronat, south of the Morvan regional park",HIGH,coordinate_gazetteer+GEN_profile,https://ecovillage.org/project/eotopia/,FR,UNANIMOUS,Moulins (31.2 km),https://ecovillage.org,FIXED_GLOBAL_SOURCE,https://ecovillage.org/project/eotopia/,VERIFIED_COMMUNITY_SOURCE,search_index,site:ecovillage.org returned 'Eotopia - Global Ecovillage Network' project page,G1,6,4,S3; S6,S3,"[{""url"":""https://ecovillage.org/project/eotopia/"",""rank"":1,""source_class"":""S3"",""platform_type"":""directory listing"",""independence_group"":""G1"",""confidence"":""HIGH"",""quality_score"":0.72,""verification"":""search_index"",""evidence"":""Verified GEN project page with the June 2016 date and 3 ha""},{""url"":""https://france3-regions.franceinfo.fr/bourgogne-franche-comte/saone-loire-visite-au-coeur-du-village-utopique-ecologique-eotopia-1663253.html"",""rank"":2,""source_class"":""S6"",""platform_type"":""news outlet"",""independence_group"":""G2"",""confidence"":""HIGH"",""quality_score"":0.7,""verification"":""search_index"",""evidence"":""France 3 regional public broadcaster report - independent, and settles the department""},{""url"":""https://www.18h39.fr/articles/5-ans-apres-sa-creation-eotopia-eco-lieu-ecolo-et-vegan-poursuit-sa-quete-dune-vie-plus-simple.html"",""rank"":3,""source_class"":""S6"",""platform_type"":""news outlet"",""independence_group"":""G3"",""confidence"":""HIGH"",""quality_score"":0.66,""verification"":""search_index"",""evidence"":""Dated five-year retrospective - useful for continuity (register V5)""},{""url"":""https://www.18h39.fr/articles/bienvenu-a-eotopia-nous-avons-passe-deux-jours-dans-un-village-100-ecolo-et-collectif.html"",""rank"":4,""source_class"":""S6"",""platform_type"":""news outlet"",""independence_group"":""G3"",""confidence"":""MEDIUM"",""quality_score"":0.54,""verification"":""search_index"",""evidence"":""Earlier immersive report from the same outlet - same group""},{""url"":""https://magazine.laruchequiditoui.fr/eotopia-lecovillage-du-partage/"",""rank"":5,""source_class"":""S6"",""platform_type"":""other"",""independence_group"":""G4"",""confidence"":""MEDIUM"",""quality_score"":0.46,""verification"":""search_index"",""evidence"":""Independent magazine feature""},{""url"":""https://ecovillage.org"",""rank"":6,""source_class"":""S3"",""platform_type"":""directory listing"",""independence_group"":""G1"",""confidence"":""HIGH"",""quality_score"":0.1,""verification"":""fixed_global_source"",""evidence"":""Mandatory Global Ecovillage Network network-level seed, present on every row; not evidence that this community is GEN-registered - see gen_community_status""}]",search_index,,,,,COMPLETE,HIGH,no,,"ADMIN NOTE: at Cronat in SAONE-ET-LOIRE, not Nievre. On site since June 2016; 3 ha with a house and barns; ~8 full-time residents. Vegan, gift-economy, permaculture and unschooling; no alcohol, tobacco, tea or coffee. France 3 and 18h39 have both covered it, including a dated five-year retrospective.",2026-08-28,1.0.0
IC132,Comunità rigenerative,45.994696,12.999064,Italy,FULL,,https://www.produzionidalbasso.com/project/costruiamo-comunita-recuperando-borghi-e-terreni/ | https://www.ecovillaggi.it/comunita-e-progetticomunita/ecovillaggi-rive/338-comunita-rigenerative.html | https://ecovillage.org/network/gen-europe-aspiring-members/ | https://ecovillage.org,ComunitÃ  rigenerative,Comunità rigenerative,yes,Comunita Rigenerative; Comunita rigenerative Calasca Castiglione,SETTLEMENT,133,single_source_row,1,0.000,"45.994696,12.999064",SINGLE,45.994696,12.999064,HIGH,,IT,ITA,"CONFLICT: RIVE places Comunita Rigenerative at Calasca Castiglione, Verbano-Cusio-Ossola (Piedmont); the supplied coordinate falls in Friuli-Venezia Giulia near Pordenone",HIGH,coordinate_gazetteer+published_source_CONFLICTING,https://www.ecovillaggi.it/comunita-e-progetticomunita/ecovillaggi-rive/338-comunita-rigenerative.html,IT,UNANIMOUS,Udine (20.2 km),https://ecovillage.org,FIXED_GLOBAL_SOURCE,,NOT_FOUND,search_index_negative,"site:ecovillage.org returned the GEN Europe ASPIRING members list, which references Comunita rigenerative, but no community-page URL. No GEN URL recorded.",G1,4,2,S2; S3,S2,"[{""url"":""https://www.ecovillaggi.it/comunita-e-progetticomunita/ecovillaggi-rive/338-comunita-rigenerative.html"",""rank"":2,""source_class"":""S3"",""platform_type"":""directory listing"",""independence_group"":""G1"",""confidence"":""MEDIUM"",""quality_score"":0.6,""verification"":""search_index"",""evidence"":""RIVE (Italian ecovillage network) record - the fullest description, but of a Piedmont site""},{""url"":""https://ecovillage.org/network/gen-europe-aspiring-members/"",""rank"":3,""source_class"":""S3"",""platform_type"":""directory listing"",""independence_group"":""G1"",""confidence"":""MEDIUM"",""quality_score"":0.36,""verification"":""search_index"",""evidence"":""GEN Europe aspiring-members list naming the community""},{""url"":""https://www.produzionidalbasso.com/project/costruiamo-comunita-recuperando-borghi-e-terreni/"",""rank"":1,""source_class"":""S2"",""platform_type"":""crowdfunding"",""independence_group"":""G2"",""confidence"":""HIGH"",""quality_score"":0.68,""verification"":""search_index"",""evidence"":""Crowdfunding campaign 'Costruiamo comunita recuperando borghi e terreni' - dated, budgeted and specific about the land recovery""},{""url"":""https://ecovillage.org"",""rank"":4,""source_class"":""S3"",""platform_type"":""directory listing"",""independence_group"":""G1"",""confidence"":""HIGH"",""quality_score"":0.1,""verification"":""fixed_global_source"",""evidence"":""Mandatory Global Ecovillage Network network-level seed, present on every row; not evidence that this community is GEN-registered - see gen_community_status""}]",search_index,,,,,COMPLETE,LOW,yes,identity_confidence_below_high,"name repaired from a mis-encoded export; original preserved | TEXT REPAIR: original cell 'ComunitA  rigenerative' repaired to 'Comunita rigenerative'. IDENTITY AND LOCATION CONFLICT: the RIVE record for a community of this name places it in the frazioni of Castiglione, Porcareccia and Drocala in Calasca Castiglione, PIEDMONT - roughly 400 km from the supplied coordinate near Pordenone in Friuli. Country (Italy) is not in doubt; which site this row denotes is. Eight adults, five permanent and living from the land, two children; recovering ABANDONED TERRACED LAND, which would be a strong restoration case once the site is pinned down.",2026-08-28,1.0.0
IC133,Thabarwa Nature Centre EU,44.703496,8.851423,Italy,FULL,,https://www.thabarwanaturecentre.it/chi-siamo/ | https://www.thabarwanaturecentre.org/english/what-do-we-do/thabarwa-center-serravalle-scrivia-north/ | https://ecovillage.org/project/thabarwa-nature-centre-eu/ | https://thabarwa-nmc.blogspot.com/2018/01/welcome-to-new-thabarwa-center-in-italy.html | https://www.idealist.org/en/nonprofit/b58dd67d21e8431f89f2488c0da7c5e6-thabarwa-nature-centre-eu-serravalle-scrivia | https://ecovillage.org,Thabarwa Nature Centre EU,Thabarwa Nature Centre EU,no,Thabarwa; Thabarwa Nature Centre EU; ThaBarWa Centre Serravalle Scrivia,SETTLEMENT,134,single_source_row,1,0.000,"44.703496,8.851423",SINGLE,44.703496,8.851423,HIGH,,IT,ITA,"Piedmont; Alessandria; Serravalle Scrivia, Localita Crenna Superiore",HIGH,coordinate_gazetteer+official_site,https://www.thabarwanaturecentre.it/chi-siamo/,IT,UNANIMOUS,Novi Ligure (8.3 km),https://ecovillage.org,FIXED_GLOBAL_SOURCE,https://ecovillage.org/project/thabarwa-nature-centre-eu/,VERIFIED_COMMUNITY_SOURCE,search_index,site:ecovillage.org returned 'Thabarwa Nature Centre EU - Global Ecovillage Network' project page,G1,6,2,S3; S4; S5,S3,"[{""url"":""https://www.thabarwanaturecentre.it/chi-siamo/"",""rank"":1,""source_class"":""S4"",""platform_type"":""own website"",""independence_group"":""G1"",""confidence"":""HIGH"",""quality_score"":0.86,""verification"":""search_index"",""evidence"":""Italian site, 'chi siamo' - the Serravalle centre""},{""url"":""https://www.thabarwanaturecentre.org/english/what-do-we-do/thabarwa-center-serravalle-scrivia-north/"",""rank"":2,""source_class"":""S4"",""platform_type"":""own website"",""independence_group"":""G1"",""confidence"":""HIGH"",""quality_score"":0.82,""verification"":""search_index"",""evidence"":""Page dedicated to the Serravalle Scrivia centre specifically - the right level of identity""},{""url"":""https://ecovillage.org/project/thabarwa-nature-centre-eu/"",""rank"":3,""source_class"":""S3"",""platform_type"":""directory listing"",""independence_group"":""G1"",""confidence"":""HIGH"",""quality_score"":0.64,""verification"":""search_index"",""evidence"":""Verified GEN project page""},{""url"":""https://thabarwa-nmc.blogspot.com/2018/01/welcome-to-new-thabarwa-center-in-italy.html"",""rank"":4,""source_class"":""S5"",""platform_type"":""blog platform"",""independence_group"":""G1"",""confidence"":""HIGH"",""quality_score"":0.6,""verification"":""search_index"",""evidence"":""Network blog post announcing the Italian centre, dated January 2018 - a dated founding record on an older platform""},{""url"":""https://www.idealist.org/en/nonprofit/b58dd67d21e8431f89f2488c0da7c5e6-thabarwa-nature-centre-eu-serravalle-scrivia"",""rank"":5,""source_class"":""S3"",""platform_type"":""directory listing"",""independence_group"":""G2"",""confidence"":""MEDIUM"",""quality_score"":0.38,""verification"":""search_index"",""evidence"":""Idealist organisation record naming Serravalle Scrivia""},{""url"":""https://ecovillage.org"",""rank"":6,""source_class"":""S3"",""platform_type"":""directory listing"",""independence_group"":""G1"",""confidence"":""HIGH"",""quality_score"":0.1,""verification"":""fixed_global_source"",""evidence"":""Mandatory Global Ecovillage Network network-level seed, present on every row; not evidence that this community is GEN-registered - see gen_community_status""}]",search_index,,,,,COMPLETE,HIGH,no,,"First European centre of the Thabarwa network (founded by the Burmese monk Sayadaw Ashin Ottamathara), opened 2017 at Serravalle Scrivia - the coordinate matches. Free refuge and hospitality for people in difficulty; ~115 Thabarwa centres worldwide, two in Italy (the other at Cinquefrondi, Calabria) - so identity must be pinned to the Serravalle site, not the network.",2026-08-28,1.0.0
IC134,Gut Alaune,51.526603,11.919516,Germany,FULL,,https://gutalaune.de/ | https://zeitschrift-info3.de/blog/forschungsprojekt-wie-gelingt-gemeinschaft/ | http://ideenhochdrei.org/de/blog/2021/06/07/gemeinschaftsforschung-im-reallabor-gut-alaune/ | https://soziale-innovation.zsh-online.de/gut-alaune.html | https://ecovillage.org/project/gut-alaune/ | https://gen-deutschland.de/2022/04/04/das-reallabor-gut-alaune-startet-mit-soziokratie-training-im-juni/ | https://ecovillage.org,Gut Alaune,Gut Alaune,no,Gut Alaune; GutAlaune e.V.; Reallabor Gut Alaune,SETTLEMENT,135,single_source_row,1,0.000,"51.526603,11.919516",SINGLE,51.526603,11.919516,HIGH,,DE,DEU,Saxony-Anhalt; northern Halle (Saale),HIGH,coordinate_gazetteer+official_site,https://gutalaune.de/,DE,UNANIMOUS,Halle-Neustadt (5.3 km),https://ecovillage.org,FIXED_GLOBAL_SOURCE,https://ecovillage.org/project/gut-alaune/,VERIFIED_COMMUNITY_SOURCE,search_index,site:ecovillage.org returned 'Gut Alaune - Global Ecovillage Network' project page,G1,7,4,S1; S2; S3; S4,S1,"[{""url"":""https://gutalaune.de/"",""rank"":1,""source_class"":""S4"",""platform_type"":""own website"",""independence_group"":""G1"",""confidence"":""HIGH"",""quality_score"":0.88,""verification"":""search_index"",""evidence"":""Official site""},{""url"":""https://ecovillage.org/project/gut-alaune/"",""rank"":5,""source_class"":""S3"",""platform_type"":""directory listing"",""independence_group"":""G1"",""confidence"":""HIGH"",""quality_score"":0.66,""verification"":""search_index"",""evidence"":""Verified GEN project page with the 2016 founding""},{""url"":""https://zeitschrift-info3.de/blog/forschungsprojekt-wie-gelingt-gemeinschaft/"",""rank"":2,""source_class"":""S1"",""platform_type"":""other"",""independence_group"":""G2"",""confidence"":""HIGH"",""quality_score"":0.78,""verification"":""search_index"",""evidence"":""Account of the research project on the site - academic-adjacent, independent""},{""url"":""http://ideenhochdrei.org/de/blog/2021/06/07/gemeinschaftsforschung-im-reallabor-gut-alaune/"",""rank"":3,""source_class"":""S1"",""platform_type"":""other"",""independence_group"":""G3"",""confidence"":""HIGH"",""quality_score"":0.74,""verification"":""search_index"",""evidence"":""Ideen Hoch 3 record of the Reallabor research, dated 2021""},{""url"":""https://soziale-innovation.zsh-online.de/gut-alaune.html"",""rank"":4,""source_class"":""S2"",""platform_type"":""other"",""independence_group"":""G4"",""confidence"":""HIGH"",""quality_score"":0.7,""verification"":""search_index"",""evidence"":""Saxony-Anhalt social-innovation register (ZSH) record - institutional""},{""url"":""https://gen-deutschland.de/2022/04/04/das-reallabor-gut-alaune-startet-mit-soziokratie-training-im-juni/"",""rank"":6,""source_class"":""S3"",""platform_type"":""directory listing"",""independence_group"":""G1"",""confidence"":""MEDIUM"",""quality_score"":0.46,""verification"":""search_index"",""evidence"":""GEN Deutschland article, dated 2022""},{""url"":""https://ecovillage.org"",""rank"":7,""source_class"":""S3"",""platform_type"":""directory listing"",""independence_group"":""G1"",""confidence"":""HIGH"",""quality_score"":0.1,""verification"":""fixed_global_source"",""evidence"":""Mandatory Global Ecovillage Network network-level seed, present on every row; not evidence that this community is GEN-registered - see gen_community_status""}]",search_index,,,,,COMPLETE,HIGH,no,,"Founded 2016; ~8 people on a small property in northern Halle with community gardens and open workshops. ACADEMICALLY UNUSUAL: it hosts a 'Reallabor' (real-world laboratory) research project with Alanus University, FH Potsdam and the Institute for Ecological Economic Research, running eleven research workshops on community practice - a published research programme about this very site.",2026-08-28,1.0.0
IC135,Ängsbacka,59.601268,13.700271,Sweden,FULL,,https://www.angsbacka.com/about-angsbacka/ | https://ecovillage.org/project/angsbacka/ | https://youth.europa.eu/volunteering/organisation/51707_en | https://en.wikipedia.org/wiki/%C3%84ngsbacka | https://ecovillagegathering.org/angsbacka/ | https://www.visitvarmland.com/karlstad/en/products/activities/angsbacka-course-and-festival-center | https://ecovillage.org,Ängsbacka,Ängsbacka,no,Angsbacka; Angsbacka Kursgard; Angsbacka Kursgard Ekonomisk Forening,SETTLEMENT,136,single_source_row,1,0.000,"59.601268,13.700271",SINGLE,59.601268,13.700271,HIGH,,SE,SWE,"Varmland County; Molkom, near Karlstad",HIGH,coordinate_gazetteer+official_site,https://www.angsbacka.com/contact/,SE,UNANIMOUS,Karlstad (27.1 km),https://ecovillage.org,FIXED_GLOBAL_SOURCE,https://ecovillage.org/project/angsbacka/,VERIFIED_COMMUNITY_SOURCE,search_index,site:ecovillage.org returned 'Angsbacka - Global Ecovillage Network' at /project/angsbacka/ and /ecovillage/angsbacka/,G1,7,4,S2; S3; S4; S6,S2,"[{""url"":""https://www.angsbacka.com/about-angsbacka/"",""rank"":1,""source_class"":""S4"",""platform_type"":""own website"",""independence_group"":""G1"",""confidence"":""HIGH"",""quality_score"":0.88,""verification"":""search_index"",""evidence"":""Official about page""},{""url"":""https://ecovillage.org/project/angsbacka/"",""rank"":2,""source_class"":""S3"",""platform_type"":""directory listing"",""independence_group"":""G1"",""confidence"":""HIGH"",""quality_score"":0.66,""verification"":""search_index"",""evidence"":""Verified GEN project page - names the renewable energy, own food production and planned eco-construction""},{""url"":""https://en.wikipedia.org/wiki/%C3%84ngsbacka"",""rank"":4,""source_class"":""S6"",""platform_type"":""other"",""independence_group"":""G2"",""confidence"":""HIGH"",""quality_score"":0.6,""verification"":""search_index"",""evidence"":""Encyclopaedic article; percent-encoded umlaut - URL-fidelity test case""},{""url"":""https://youth.europa.eu/volunteering/organisation/51707_en"",""rank"":3,""source_class"":""S2"",""platform_type"":""other"",""independence_group"":""G3"",""confidence"":""HIGH"",""quality_score"":0.62,""verification"":""search_index"",""evidence"":""European Youth Portal accreditation for Angsbacka Kursgard Ekonomisk Forening - names the legal entity""},{""url"":""https://ecovillagegathering.org/angsbacka/"",""rank"":5,""source_class"":""S3"",""platform_type"":""directory listing"",""independence_group"":""G1"",""confidence"":""MEDIUM"",""quality_score"":0.48,""verification"":""search_index"",""evidence"":""European Ecovillage Gathering host page, 2024""},{""url"":""https://www.visitvarmland.com/karlstad/en/products/activities/angsbacka-course-and-festival-center"",""rank"":6,""source_class"":""S2"",""platform_type"":""other"",""independence_group"":""G4"",""confidence"":""MEDIUM"",""quality_score"":0.44,""verification"":""search_index"",""evidence"":""Visit Varmland regional tourism record""},{""url"":""https://ecovillage.org"",""rank"":7,""source_class"":""S3"",""platform_type"":""directory listing"",""independence_group"":""G1"",""confidence"":""HIGH"",""quality_score"":0.1,""verification"":""fixed_global_source"",""evidence"":""Mandatory Global Ecovillage Network network-level seed, present on every row; not evidence that this community is GEN-registered - see gen_community_status""}]",search_index,,,,,COMPLETE,HIGH,no,,"Started 1996/97 in the forests of Varmland; a course and festival centre owned by a non-profit association of ~500 members with a core team of 45, drawing ~6,000 visitors a year, and ~200 people living in the adjacent village because of it. Hosted the EUROPEAN ECOVILLAGE GATHERING in August 2024. E2 needs a coder decision: a course centre with a resident core team rather than a village of households.",2026-08-28,1.0.0
IC136,New Mayapur,47.084388,1.405437,France,FULL,,https://centres.iskcon.org/centre/new-mayapur-france/ | https://newmayapur.com/temple | https://iskconnews.org/temple-profile-new-mayapur-france/ | https://ecovillage.org/project/new-mayapur/ | https://www.facebook.com/nouvellemayapur/ | https://ecovillage.org,New Mayapur,New Mayapur,no,New Mayapur; La Nouvelle Mayapur; ISKCON France; Chateau d'Oublaise,SETTLEMENT,137,single_source_row,1,0.000,"47.084388,1.405437",SINGLE,47.084388,1.405437,HIGH,,FR,FRA,"Centre-Val de Loire; Indre; Lucay-le-Male, Chateau d'Oublaise",HIGH,coordinate_gazetteer+official_site,https://centres.iskcon.org/centre/new-mayapur-france/,FR,UNANIMOUS,Châteauroux (37.3 km),https://ecovillage.org,FIXED_GLOBAL_SOURCE,https://ecovillage.org/project/new-mayapur/,VERIFIED_COMMUNITY_SOURCE_IDENTITY_UNCERTAIN,search_index,"site:ecovillage.org returned a 'New Mayapur' project page - BUT ITS TEXT DESCRIBES A COMMUNITY IN UKRAINE on the River Oryl, 108 km from Dnipro, established 2006. The supplied coordinate is in Indre, FRANCE, at the ISKCON Chateau d'Oublaise. The GEN URL is recorded because the name matches exactly, and flagged because the description does not.",G1,6,2,S3; S4; S6; S7,S3,"[{""url"":""https://centres.iskcon.org/centre/new-mayapur-france/"",""rank"":1,""source_class"":""S4"",""platform_type"":""own website"",""independence_group"":""G1"",""confidence"":""HIGH"",""quality_score"":0.86,""verification"":""search_index"",""evidence"":""ISKCON's official centre record for the FRENCH site - the identity anchor""},{""url"":""https://newmayapur.com/temple"",""rank"":2,""source_class"":""S4"",""platform_type"":""own website"",""independence_group"":""G1"",""confidence"":""HIGH"",""quality_score"":0.74,""verification"":""search_index"",""evidence"":""Community's own temple page""},{""url"":""https://iskconnews.org/temple-profile-new-mayapur-france/"",""rank"":3,""source_class"":""S6"",""platform_type"":""other"",""independence_group"":""G2"",""confidence"":""HIGH"",""quality_score"":0.72,""verification"":""search_index"",""evidence"":""ISKCON News temple profile with the 1971/1974/1975 dates and 86 ha""},{""url"":""https://ecovillage.org/project/new-mayapur/"",""rank"":4,""source_class"":""S3"",""platform_type"":""directory listing"",""independence_group"":""G1"",""confidence"":""LOW"",""quality_score"":0.3,""verification"":""search_index"",""evidence"":""GEN project page of the same name whose text describes a UKRAINIAN community - retained only so the conflict is traceable""},{""url"":""https://www.facebook.com/nouvellemayapur/"",""rank"":5,""source_class"":""S7"",""platform_type"":""Facebook"",""independence_group"":""G1"",""confidence"":""MEDIUM"",""quality_score"":0.3,""verification"":""search_index"",""evidence"":""Official French community page""},{""url"":""https://ecovillage.org"",""rank"":6,""source_class"":""S3"",""platform_type"":""directory listing"",""independence_group"":""G1"",""confidence"":""HIGH"",""quality_score"":0.1,""verification"":""fixed_global_source"",""evidence"":""Mandatory Global Ecovillage Network network-level seed, present on every row; not evidence that this community is GEN-registered - see gen_community_status""}]",search_index,,,,,COMPLETE,MEDIUM,yes,gen_page_qualified; identity_confidence_below_high,"IDENTITY CONFLICT ON THE GEN PAGE - see gen_evidence. The French community is well documented independently: the property was acquired 1971, Srila Prabhupada chose the site in July 1974, devotees moved in 1975, and it covers 86 HECTARES around an 1905 chateau. Those dates and that area are from ISKCON's own records and do not depend on the disputed GEN page.",2026-08-28,1.0.0
IC137,Los Guindales,36.566965,-5.278144,Spain,FULL,,https://www.iaph.es/revistaph/index.php/revistaph/article/view/4510 | https://dialnet.unirioja.es/servlet/articulo?codigo=7202536 | https://ecovillage.org/project/los-guindales/ | https://inspyria.com/en/venues/los-guindales-ecovillage | https://ecovillage.org,Los Guindales,Los Guindales,no,Los Guindales; Ecoaldea Los Guindales; Casa Los Guindales; Escuela de Bioconstruccion Los Guindales,SETTLEMENT,138,single_source_row,1,0.000,"36.566965,-5.278144",SINGLE,36.566965,-5.278144,HIGH,,ES,ESP,"Andalusia; Malaga; Algatocin, Serrania de Ronda",HIGH,coordinate_gazetteer+GEN_profile,https://ecovillage.org/project/los-guindales/,ES,UNANIMOUS,Ubrique (19.4 km),https://ecovillage.org,FIXED_GLOBAL_SOURCE,https://ecovillage.org/project/los-guindales/,VERIFIED_COMMUNITY_SOURCE,search_index,site:ecovillage.org returned 'Los Guindales - Global Ecovillage Network' project page plus several bioconstruction-school event pages,G1,5,3,S1; S3,S1,"[{""url"":""https://ecovillage.org/project/los-guindales/"",""rank"":3,""source_class"":""S3"",""platform_type"":""directory listing"",""independence_group"":""G1"",""confidence"":""HIGH"",""quality_score"":0.7,""verification"":""search_index"",""evidence"":""Verified GEN project page with the 4.5 ha and forest composition""},{""url"":""https://www.iaph.es/revistaph/index.php/revistaph/article/view/4510"",""rank"":1,""source_class"":""S1"",""platform_type"":""other"",""independence_group"":""G2"",""confidence"":""HIGH"",""quality_score"":0.92,""verification"":""search_index"",""evidence"":""revista PH (Instituto Andaluz del Patrimonio Historico) article on the ecoaldea - peer-reviewed, register class S1""},{""url"":""https://dialnet.unirioja.es/servlet/articulo?codigo=7202536"",""rank"":2,""source_class"":""S1"",""platform_type"":""other"",""independence_group"":""G2"",""confidence"":""HIGH"",""quality_score"":0.74,""verification"":""search_index"",""evidence"":""Dialnet index record for the same article - same origin, same group; a stable academic identifier""},{""url"":""https://inspyria.com/en/venues/los-guindales-ecovillage"",""rank"":4,""source_class"":""S3"",""platform_type"":""booking or hosting"",""independence_group"":""G3"",""confidence"":""LOW"",""quality_score"":0.28,""verification"":""search_index"",""evidence"":""Venue listing with site detail""},{""url"":""https://ecovillage.org"",""rank"":5,""source_class"":""S3"",""platform_type"":""directory listing"",""independence_group"":""G1"",""confidence"":""HIGH"",""quality_score"":0.1,""verification"":""fixed_global_source"",""evidence"":""Mandatory Global Ecovillage Network network-level seed, present on every row; not evidence that this community is GEN-registered - see gen_community_status""}]",search_index,,,,,COMPLETE,MEDIUM,yes,identity_confidence_below_high,"ADMIN NOTE: at Algatocin in MALAGA province (Serrania de Ronda), not Cadiz. Established 2003/2004; 4.5 HA of chestnut, oak and cork-oak forest with fruit trees and aromatic, medicinal and edible plants. Runs a bioconstruction school. AN ACADEMIC ARTICLE EXISTS: revista PH (Instituto Andaluz del Patrimonio Historico), indexed in Dialnet - a peer-reviewed heritage journal treating the ecoaldea as a rural-culture conservation school.",2026-08-28,1.0.0
IC138,"Ferme de la Chaux, Goshen",47.218402,4.671591,France,FULL,,https://www.bourgogne-franche-comte.developpement-durable.gouv.fr/IMG/pdf/chaux_cle22519a.pdf | https://ecovillage.org/project/ferme-de-la-chaux/ | https://institut-bullezzen-paris.fr/fermedelachaux/ | https://www.facebook.com/fermedelachaux/ | https://ecovillage.org,"Ferme de la Chaux, Goshen","Ferme de la Chaux, Goshen",no,Ferme de la Chaux; Goshen; Eco-hameau Goshen,SETTLEMENT,139,single_source_row,1,0.000,"47.218402,4.671591",SINGLE,47.218402,4.671591,HIGH,,FR,FRA,Bourgogne-Franche-Comte; Cote-d'Or; La Bussiere-sur-Ouche,HIGH,coordinate_gazetteer+GEN_profile,https://ecovillage.org/project/ferme-de-la-chaux/,FR,UNANIMOUS,Beaune (25.0 km),https://ecovillage.org,FIXED_GLOBAL_SOURCE,https://ecovillage.org/project/ferme-de-la-chaux/,VERIFIED_COMMUNITY_SOURCE,search_index,"site:ecovillage.org returned 'Ferme de la Chaux, Goshen - Global Ecovillage Network' project page with the La Bussiere-sur-Ouche address",G1,5,2,S2; S3; S4; S7,S2,"[{""url"":""https://ecovillage.org/project/ferme-de-la-chaux/"",""rank"":2,""source_class"":""S3"",""platform_type"":""directory listing"",""independence_group"":""G1"",""confidence"":""HIGH"",""quality_score"":0.68,""verification"":""search_index"",""evidence"":""Verified GEN project page with address and contact""},{""url"":""https://www.bourgogne-franche-comte.developpement-durable.gouv.fr/IMG/pdf/chaux_cle22519a.pdf"",""rank"":1,""source_class"":""S2"",""platform_type"":""other"",""independence_group"":""G2"",""confidence"":""HIGH"",""quality_score"":0.9,""verification"":""search_index"",""evidence"":""DREAL Bourgogne-Franche-Comte PDF on La ferme de la Chaux - French state environment directorate document, Tier A""},{""url"":""https://institut-bullezzen-paris.fr/fermedelachaux/"",""rank"":3,""source_class"":""S4"",""platform_type"":""secondary or former website"",""independence_group"":""G1"",""confidence"":""MEDIUM"",""quality_score"":0.48,""verification"":""search_index"",""evidence"":""A hosted page for the farm - a second web presence""},{""url"":""https://www.facebook.com/fermedelachaux/"",""rank"":4,""source_class"":""S7"",""platform_type"":""Facebook"",""independence_group"":""G1"",""confidence"":""HIGH"",""quality_score"":0.44,""verification"":""search_index"",""evidence"":""Official page; carries the France 3 ten-year anniversary report - dated visual documentation""},{""url"":""https://ecovillage.org"",""rank"":5,""source_class"":""S3"",""platform_type"":""directory listing"",""independence_group"":""G1"",""confidence"":""HIGH"",""quality_score"":0.1,""verification"":""fixed_global_source"",""evidence"":""Mandatory Global Ecovillage Network network-level seed, present on every row; not evidence that this community is GEN-registered - see gen_community_status""}]",search_index,,,,,COMPLETE,HIGH,no,,"A Christian, participatory eco-hamlet of families and friends at La Bussiere-sur-Ouche, Cote-d'Or; passed its tenth anniversary (covered by France 3 Bourgogne). A DREAL Bourgogne-Franche-Comte PDF documents the farm - a French state environment-directorate document, which is exactly the kind of planning/environmental record the crawler should mine.",2026-08-28,1.0.0
IC139,Aletheia Springs,38.394538,-122.550868,United States,FULL,,https://www.aletheiasprings.com/ | https://www.aletheiasprings.com/village | https://ecovillage.org/project/aletheia-springs/ | https://www.aletheiasprings.com/vision | https://bohemian.com/planned-communities-1/ | https://www.ic.org/directory/community/aletheia-springs/ | https://ecovillage.org,Aletheia Springs,Aletheia Springs,no,Aletheia Springs; Morton's Warm Springs; Restore the Springs,SETTLEMENT,140,single_source_row,1,0.000,"38.394538,-122.550868",SINGLE,38.394538,-122.550868,HIGH,,US,USA,California; Sonoma County; Sonoma Valley (Morton's Warm Springs),HIGH,coordinate_gazetteer+official_site,https://www.aletheiasprings.com/village,US,UNANIMOUS,Agua Caliente (9.6 km),https://ecovillage.org,FIXED_GLOBAL_SOURCE,https://ecovillage.org/project/aletheia-springs/,VERIFIED_COMMUNITY_SOURCE,search_index,site:ecovillage.org returned 'Aletheia Springs - Global Ecovillage Network' at /project/ and /ecovillage/ paths,G1,7,3,S3; S4; S6,S3,"[{""url"":""https://www.aletheiasprings.com/"",""rank"":1,""source_class"":""S4"",""platform_type"":""own website"",""independence_group"":""G1"",""confidence"":""HIGH"",""quality_score"":0.88,""verification"":""search_index"",""evidence"":""Official site""},{""url"":""https://www.aletheiasprings.com/village"",""rank"":2,""source_class"":""S4"",""platform_type"":""own website"",""independence_group"":""G1"",""confidence"":""HIGH"",""quality_score"":0.78,""verification"":""search_index"",""evidence"":""Village page - residents, land and programmes""},{""url"":""https://www.aletheiasprings.com/vision"",""rank"":4,""source_class"":""S4"",""platform_type"":""own website"",""independence_group"":""G1"",""confidence"":""MEDIUM"",""quality_score"":0.58,""verification"":""search_index"",""evidence"":""Vision page including the water-restoration initiative""},{""url"":""https://ecovillage.org/project/aletheia-springs/"",""rank"":3,""source_class"":""S3"",""platform_type"":""directory listing"",""independence_group"":""G1"",""confidence"":""HIGH"",""quality_score"":0.64,""verification"":""search_index"",""evidence"":""Verified GEN project page with the 20-acre figure and land description""},{""url"":""https://www.ic.org/directory/community/aletheia-springs/"",""rank"":6,""source_class"":""S3"",""platform_type"":""directory listing"",""independence_group"":""G2"",""confidence"":""MEDIUM"",""quality_score"":0.44,""verification"":""search_index"",""evidence"":""Foundation for Intentional Community entry""},{""url"":""https://bohemian.com/planned-communities-1/"",""rank"":5,""source_class"":""S6"",""platform_type"":""news outlet"",""independence_group"":""G3"",""confidence"":""MEDIUM"",""quality_score"":0.48,""verification"":""search_index"",""evidence"":""North Bay Bohemian feature on Sonoma/Napa planned communities""},{""url"":""https://ecovillage.org"",""rank"":7,""source_class"":""S3"",""platform_type"":""directory listing"",""independence_group"":""G1"",""confidence"":""HIGH"",""quality_score"":0.1,""verification"":""fixed_global_source"",""evidence"":""Mandatory Global Ecovillage Network network-level seed, present on every row; not evidence that this community is GEN-registered - see gen_community_status""}]",search_index,,,,,COMPLETE,HIGH,no,,"~20 acres around historic geothermal mineral springs in Sonoma Valley, converting from a 1950s summer-recreation business - a documented prior land use. Heritage oak woodlands and open meadows. Runs a non-profit initiative, Restore the Springs, working on the WATER CYCLE AND LOCAL AQUIFERS - a named, datable hydrological intervention.",2026-08-28,1.0.0
IC140,Entelechy,48.805441,-123.489671,Canada,FULL,,https://ecovillage.org/ecovillage/entelechy/ | https://ecovillage.org,Entelechy,Entelechy,no,Entelechy; Entelechy Salt Spring Island,SETTLEMENT,141,single_source_row,1,0.000,"48.805441,-123.489671",SINGLE,48.805441,-123.489671,HIGH,,CA,CAN,British Columbia; Salt Spring Island,HIGH,coordinate_gazetteer+GEN_profile,https://ecovillage.org/ecovillage/entelechy/,CA,UNANIMOUS,North Cowichan (14.9 km),https://ecovillage.org,FIXED_GLOBAL_SOURCE,https://ecovillage.org/ecovillage/entelechy/,VERIFIED_COMMUNITY_SOURCE,search_index,"site:ecovillage.org returned 'Entelechy - Global Ecovillage Network' community page placing it on Salt Spring Island, BC",G1,2,1,S3,S3,"[{""url"":""https://ecovillage.org/ecovillage/entelechy/"",""rank"":1,""source_class"":""S3"",""platform_type"":""directory listing"",""independence_group"":""G1"",""confidence"":""HIGH"",""quality_score"":0.72,""verification"":""search_index"",""evidence"":""Verified GEN community page - the fullest description found""},{""url"":""https://ecovillage.org"",""rank"":2,""source_class"":""S3"",""platform_type"":""directory listing"",""independence_group"":""G1"",""confidence"":""HIGH"",""quality_score"":0.1,""verification"":""fixed_global_source"",""evidence"":""Mandatory Global Ecovillage Network network-level seed, present on every row; not evidence that this community is GEN-registered - see gen_community_status""}]",search_index,,,,,COMPLETE,HIGH,yes,thin_source_set; single_independence_group,"13.5 acres on Salt Spring Island; 18+ long-term residents plus work-stay guests. Runs a seven-day residential mini Ecovillage Design Education, 'From The Ground Up'. The coordinate (48.805N 123.490W) is consistent with Salt Spring Island. No independent non-GEN source located in this pass - a general web search failed on the rate limit and should be repeated.",2026-08-28,1.0.0
IC141,Pura Vida Village at Tico Time River Resort,36.989190,-107.870480,United States,FULL,,https://ecovillage.org/ecovillage/pura-vida-village-at-tico-time-river-resort/ | https://ticotimeresort.com/ | https://www.instagram.com/pura_vida_venue/ | https://ecovillage.org,Pura Vida Village at Tico Time River Resort,Pura Vida Village at Tico Time River Resort,no,Pura Vida Village; Tico Time River Resort; Pura Vida Venue at Tico Time,SETTLEMENT,142,single_source_row,1,0.000,"36.989190,-107.870480",SINGLE,36.989190,-107.870480,HIGH,,US,USA,"New Mexico; San Juan County; Aztec, on the Animas River, ~20 min south of Durango CO",HIGH,coordinate_gazetteer+GEN_profile,https://ecovillage.org/ecovillage/pura-vida-village-at-tico-time-river-resort/,US,UNANIMOUS,Durango (31.8 km),https://ecovillage.org,FIXED_GLOBAL_SOURCE,https://ecovillage.org/ecovillage/pura-vida-village-at-tico-time-river-resort/,VERIFIED_COMMUNITY_SOURCE,search_index,site:ecovillage.org returned 'Pura Vida Village at Tico Time River Resort - Global Ecovillage Network' community page,G1,4,2,S3; S4; S7,S3,"[{""url"":""https://ecovillage.org/ecovillage/pura-vida-village-at-tico-time-river-resort/"",""rank"":1,""source_class"":""S3"",""platform_type"":""directory listing"",""independence_group"":""G1"",""confidence"":""HIGH"",""quality_score"":0.7,""verification"":""search_index"",""evidence"":""Verified GEN community page with the 2019 date and project description""},{""url"":""https://ticotimeresort.com/"",""rank"":2,""source_class"":""S4"",""platform_type"":""own website"",""independence_group"":""G2"",""confidence"":""HIGH"",""quality_score"":0.66,""verification"":""search_index"",""evidence"":""The resort's own site - the landholder, a partly separate voice from the ecovillage project""},{""url"":""https://www.instagram.com/pura_vida_venue/"",""rank"":3,""source_class"":""S7"",""platform_type"":""Instagram"",""independence_group"":""G1"",""confidence"":""MEDIUM"",""quality_score"":0.24,""verification"":""search_index"",""evidence"":""Pura Vida venue account; expect BLOCKED to automated reading""},{""url"":""https://ecovillage.org"",""rank"":4,""source_class"":""S3"",""platform_type"":""directory listing"",""independence_group"":""G1"",""confidence"":""HIGH"",""quality_score"":0.1,""verification"":""fixed_global_source"",""evidence"":""Mandatory Global Ecovillage Network network-level seed, present on every row; not evidence that this community is GEN-registered - see gen_community_status""}]",search_index,,,,,COMPLETE,MEDIUM,yes,identity_confidence_below_high,"ADMIN NOTE: the resort is on the Animas River at AZTEC, NEW MEXICO, about 20 minutes south of Durango, Colorado - the coordinate (36.989N 107.870W) is in New Mexico, so state and country agree. 64-acre riverfront property; the ecovillage element established 2019 alongside eco-tourism, permaculture and a holistic centre. E2 needs a coder decision: an RV resort and festival venue with an ecovillage project inside it.",2026-08-28,1.0.0
IC142,ReTribe at NorthernShire,44.506074,-72.865140,United States,FULL,,https://ecovillage.org/project/retribe-at-northernshire | https://ecovillage.org,ReTribe at NorthernShire,ReTribe at NorthernShire,no,ReTribe; NorthernShire; ReTribe at NorthernShire,SETTLEMENT,143,single_source_row,1,0.000,"44.506074,-72.865140",SINGLE,44.506074,-72.865140,HIGH,,US,USA,Vermont; Lamoille County; near Mt Mansfield and the Long Trail,HIGH,coordinate_gazetteer+GEN_profile,https://ecovillage.org/project/retribe-at-northernshire,US,MAJORITY,Colchester (22.8 km),https://ecovillage.org,FIXED_GLOBAL_SOURCE,https://ecovillage.org/project/retribe-at-northernshire,VERIFIED_COMMUNITY_SOURCE,search_index,site:ecovillage.org returned 'ReTribe at NorthernShire - Global Ecovillage Network' project page,G1,2,1,S3,S3,"[{""url"":""https://ecovillage.org/project/retribe-at-northernshire"",""rank"":1,""source_class"":""S3"",""platform_type"":""directory listing"",""independence_group"":""G1"",""confidence"":""HIGH"",""quality_score"":0.74,""verification"":""search_index"",""evidence"":""Verified GEN project page with the 2018 stewardship date and land description""},{""url"":""https://ecovillage.org"",""rank"":2,""source_class"":""S3"",""platform_type"":""directory listing"",""independence_group"":""G1"",""confidence"":""HIGH"",""quality_score"":0.1,""verification"":""fixed_global_source"",""evidence"":""Mandatory Global Ecovillage Network network-level seed, present on every row; not evidence that this community is GEN-registered - see gen_community_status""}]",search_index,,,,,COMPLETE,HIGH,yes,thin_source_set; single_independence_group,"ReTribe BECAME STEWARDS OF THE LAND CALLED NORTHERNSHIRE IN 2018 - a dated tenure event, and the two names are distinct (the organisation and the land). 80 acres with a swimming pond, a brook with three waterfalls, woods and playfields, one mile from Mt Mansfield. Residents live in a shared dorm building, so 'permanent residents' (E3) needs care.",2026-08-28,1.0.0
IC143,PORTAL XIBALBA: ECO-VILLAGE IN THE JUNGLE OF PLAYA DEL CARMEN,20.699931,-87.060810,Mexico,FULL,,https://ecovillage.org/project/portal-xibalba-eco-village-in-the-jungle-of-playa-del-carmen | https://ecovillage.org,PORTAL XIBALBA: ECO-VILLAGE IN THE JUNGLE OF PLAYA DEL CARMEN,PORTAL XIBALBA: ECO-VILLAGE IN THE JUNGLE OF PLAYA DEL CARMEN,no,Portal Xibalba; Portal Xibalba Eco-Village; Pueblo Sacbe,SETTLEMENT,144,single_source_row,1,0.000,"20.699931,-87.060810",SINGLE,20.699931,-87.060810,HIGH,,MX,MEX,Quintana Roo; Playa del Carmen; Fraccionamiento Pueblo Sacbe,HIGH,coordinate_gazetteer+GEN_profile,https://ecovillage.org/project/portal-xibalba-eco-village-in-the-jungle-of-playa-del-carmen,MX,UNANIMOUS,Playa del Carmen (8.3 km),https://ecovillage.org,FIXED_GLOBAL_SOURCE,https://ecovillage.org/project/portal-xibalba-eco-village-in-the-jungle-of-playa-del-carmen,VERIFIED_COMMUNITY_SOURCE,search_index,site:ecovillage.org returned 'PORTAL XIBALBA: ECO-VILLAGE IN THE JUNGLE OF PLAYA DEL CARMEN - Global Ecovillage Network' project page with the Pueblo Sacbe address,G1,2,1,S3,S3,"[{""url"":""https://ecovillage.org/project/portal-xibalba-eco-village-in-the-jungle-of-playa-del-carmen"",""rank"":1,""source_class"":""S3"",""platform_type"":""directory listing"",""independence_group"":""G1"",""confidence"":""HIGH"",""quality_score"":0.72,""verification"":""search_index"",""evidence"":""Verified GEN project page - the only substantive description found""},{""url"":""https://ecovillage.org"",""rank"":2,""source_class"":""S3"",""platform_type"":""directory listing"",""independence_group"":""G1"",""confidence"":""HIGH"",""quality_score"":0.1,""verification"":""fixed_global_source"",""evidence"":""Mandatory Global Ecovillage Network network-level seed, present on every row; not evidence that this community is GEN-registered - see gen_community_status""}]",search_index,,,,,COMPLETE,MEDIUM,yes,thin_source_set; single_independence_group; identity_confidence_below_high,"Established 2000 in jungle at Fraccionamiento Pueblo Sacbe, Playa del Carmen; eco-community, eco-tourism, holistic and spiritual centre focused on ancestral wisdom and traditional medicine. Peri-urban jungle setting on the edge of a fast-growing resort city, so surrounding land-cover change is a major confounder. No independent non-GEN source located; a general web search failed on the rate limit and should be repeated.",2026-08-28,1.0.0
IC144,Emerald Earth Sanctuary,39.025389,-123.292036,United States,FULL,,https://www.emeraldearth.org | https://www.ic.org/directory/emerald-earth/ | https://ecologycenter.org/directory/directory-entries/emerald-earth-sanctuary/ | https://numundo.org/center/united-states/emerald-earth-sanctuary | https://www.facebook.com/Emeraldearth.org/ | https://ecovillage.org,Emerald Earth Sanctuary,Emerald Earth Sanctuary,no,Emerald Earth; Emerald Earth Sanctuary,SETTLEMENT,145,single_source_row,1,0.000,"39.025389,-123.292036",SINGLE,39.025389,-123.292036,HIGH,,US,USA,"California; Mendocino County; near Boonville, Anderson Valley",HIGH,coordinate_gazetteer+official_site,https://www.emeraldearth.org,US,UNANIMOUS,Ukiah (15.7 km),https://ecovillage.org,FIXED_GLOBAL_SOURCE,,NOT_FOUND,search_index_negative,"A site:ecovillage.org search for 'Emerald Earth' hit the per-turn rate limit and returned no results, so GEN presence is UNRESOLVED rather than established. Recorded as NOT_FOUND with this caveat; re-run the GEN search for this row.",G1,6,4,S3; S4; S7,S3,"[{""url"":""https://www.emeraldearth.org"",""rank"":1,""source_class"":""S4"",""platform_type"":""own website"",""independence_group"":""G1"",""confidence"":""HIGH"",""quality_score"":0.9,""verification"":""search_index"",""evidence"":""Official site""},{""url"":""https://www.ic.org/directory/emerald-earth/"",""rank"":2,""source_class"":""S3"",""platform_type"":""directory listing"",""independence_group"":""G2"",""confidence"":""HIGH"",""quality_score"":0.52,""verification"":""search_index"",""evidence"":""Foundation for Intentional Community entry""},{""url"":""https://ecologycenter.org/directory/directory-entries/emerald-earth-sanctuary/"",""rank"":3,""source_class"":""S3"",""platform_type"":""directory listing"",""independence_group"":""G3"",""confidence"":""MEDIUM"",""quality_score"":0.44,""verification"":""search_index"",""evidence"":""Ecology Center directory record with the 189-acre figure""},{""url"":""https://numundo.org/center/united-states/emerald-earth-sanctuary"",""rank"":4,""source_class"":""S3"",""platform_type"":""directory listing"",""independence_group"":""G4"",""confidence"":""MEDIUM"",""quality_score"":0.32,""verification"":""search_index"",""evidence"":""NuMundo centre listing""},{""url"":""https://www.facebook.com/Emeraldearth.org/"",""rank"":5,""source_class"":""S7"",""platform_type"":""Facebook"",""independence_group"":""G1"",""confidence"":""MEDIUM"",""quality_score"":0.28,""verification"":""search_index"",""evidence"":""Official page""},{""url"":""https://ecovillage.org"",""rank"":6,""source_class"":""S3"",""platform_type"":""directory listing"",""independence_group"":""G1"",""confidence"":""HIGH"",""quality_score"":0.1,""verification"":""fixed_global_source"",""evidence"":""Mandatory Global Ecovillage Network network-level seed, present on every row; not evidence that this community is GEN-registered - see gen_community_status""}]",search_index,,,,,COMPLETE,HIGH,no,,"189 ACRES of mixed forest and meadow in Mendocino County, owned by the non-profit Emerald Earth Sanctuary - a clean tenure record. Ten full-time residents growing the majority of their own food; teaches natural building and permaculture. GEN STATUS UNRESOLVED (see gen_evidence) - the negative here is weaker than elsewhere in this file and should be re-checked.",2026-08-28,1.0.0
IC145,Maleny Eco Village,-26.758032,152.848380,Australia,FULL,,https://www.ecovillages.au/maleny-eco-village | https://www.ecovillages.au/post/eco-village-site-confirmed-property-purchased | https://cosmosmagazine.com/earth/sustainability/maleny-eco-village/ | https://ecovillage.org/ecovillage/maleny-eco-village/ | https://theculturetrip.com/pacific/australia/articles/two-eco-villages-on-the-sunshine-coast-you-must-see | https://ecovillage.org,Maleny Eco Village,Maleny Eco Village,no,Maleny Eco Village; Eco Villages Australia; EVA,SETTLEMENT,146,single_source_row,1,0.000,"-26.758032,152.848380",SINGLE,-26.758032,152.848380,HIGH,,AU,AUS,"Queensland; Sunshine Coast hinterland; Maleny, by Obi Obi Creek",HIGH,coordinate_gazetteer+official_site,https://www.ecovillages.au/maleny-eco-village,AU,UNANIMOUS,Buderim (22.3 km),https://ecovillage.org,FIXED_GLOBAL_SOURCE,https://ecovillage.org/ecovillage/maleny-eco-village/,VERIFIED_COMMUNITY_SOURCE,search_index,site:ecovillage.org returned 'Maleny Eco Village - Global Ecovillage Network' community page,G1,6,3,S3; S4; S6,S3,"[{""url"":""https://www.ecovillages.au/maleny-eco-village"",""rank"":1,""source_class"":""S4"",""platform_type"":""own website"",""independence_group"":""G1"",""confidence"":""HIGH"",""quality_score"":0.9,""verification"":""search_index"",""evidence"":""Official page for the Maleny site""},{""url"":""https://www.ecovillages.au/post/eco-village-site-confirmed-property-purchased"",""rank"":2,""source_class"":""S4"",""platform_type"":""own website"",""independence_group"":""G1"",""confidence"":""HIGH"",""quality_score"":0.84,""verification"":""search_index"",""evidence"":""Dated announcement of the 2019 property purchase - a rank 1-2 onset record""},{""url"":""https://ecovillage.org/ecovillage/maleny-eco-village/"",""rank"":4,""source_class"":""S3"",""platform_type"":""directory listing"",""independence_group"":""G1"",""confidence"":""HIGH"",""quality_score"":0.66,""verification"":""search_index"",""evidence"":""Verified GEN community page""},{""url"":""https://cosmosmagazine.com/earth/sustainability/maleny-eco-village/"",""rank"":3,""source_class"":""S6"",""platform_type"":""news outlet"",""independence_group"":""G2"",""confidence"":""HIGH"",""quality_score"":0.7,""verification"":""search_index"",""evidence"":""Cosmos Magazine feature - independent science journalism""},{""url"":""https://theculturetrip.com/pacific/australia/articles/two-eco-villages-on-the-sunshine-coast-you-must-see"",""rank"":5,""source_class"":""S6"",""platform_type"":""other"",""independence_group"":""G3"",""confidence"":""LOW"",""quality_score"":0.3,""verification"":""search_index"",""evidence"":""Regional feature naming the Sunshine Coast ecovillages""},{""url"":""https://ecovillage.org"",""rank"":6,""source_class"":""S3"",""platform_type"":""directory listing"",""independence_group"":""G1"",""confidence"":""HIGH"",""quality_score"":0.1,""verification"":""fixed_global_source"",""evidence"":""Mandatory Global Ecovillage Network network-level seed, present on every row; not evidence that this community is GEN-registered - see gen_community_status""}]",search_index,,,,,COMPLETE,HIGH,no,,"Eco Villages Australia founded 2018 by Claire Ogden and Andrew McLean; THE MALENY PROPERTY WAS PURCHASED IN 2019 - a precise land-acquisition date, and the organisation published the purchase announcement. Only 3.5 acres, with a spring-fed dam and some rainforest, seven minutes' walk from town: a very small, peri-urban parcel that will test the polygon method. 'Collective stewardship' tenure model.",2026-08-28,1.0.0
IC146,Billen Cliff,-28.612343,153.133824,Australia,FULL,,https://ecovillage.org/project/billen-cliff/ | https://ecovillage.org,Billen Cliff,Billen Cliff,no,Billen Cliff; Billen Cliffs Village; Billen Cliffs,SETTLEMENT,147,single_source_row,1,0.000,"-28.612343,153.133824",SINGLE,-28.612343,153.133824,HIGH,,AU,AUS,"New South Wales; Northern Rivers; Larnook, Martin Road (near Nimbin)",HIGH,coordinate_gazetteer+GEN_profile,https://ecovillage.org/project/billen-cliff/,AU,UNANIMOUS,Banora Point (59.3 km),https://ecovillage.org,FIXED_GLOBAL_SOURCE,https://ecovillage.org/project/billen-cliff/,VERIFIED_COMMUNITY_SOURCE,search_index,"site:ecovillage.org returned 'Billen Cliff - Global Ecovillage Network' project page with the Larnook, NSW address",G1,2,1,S3,S3,"[{""url"":""https://ecovillage.org/project/billen-cliff/"",""rank"":1,""source_class"":""S3"",""platform_type"":""directory listing"",""independence_group"":""G1"",""confidence"":""HIGH"",""quality_score"":0.76,""verification"":""search_index"",""evidence"":""Verified GEN project page with the 1981 date, unit structure and 700-acre commons""},{""url"":""https://ecovillage.org"",""rank"":2,""source_class"":""S3"",""platform_type"":""directory listing"",""independence_group"":""G1"",""confidence"":""HIGH"",""quality_score"":0.1,""verification"":""fixed_global_source"",""evidence"":""Mandatory Global Ecovillage Network network-level seed, present on every row; not evidence that this community is GEN-registered - see gen_community_status""}]",search_index,,,,,COMPLETE,HIGH,yes,thin_source_set; single_independence_group,"Established 1981 - one of the older multiple-occupancy communities of the Nimbin region. STRUCTURE IS UNUSUALLY EXPLICIT: 115 two-acre units PLUS 700 ACRES OF COMMONS, ~150 members. That is a textbook total-holding versus individually-held split for register block E, and the commons is the part the ecological analysis should follow.",2026-08-28,1.0.0
IC147,Arca Verde,-29.465191,-50.500893,Brazil,FULL,,https://lume.ufrgs.br/handle/10183/272282 | https://www.tuaradio.com.br/noticias/meio-ambiente/30-10-2019/curso-do-instituto-arca-verde-em-sao-francisco-de-paula-ensina-a-agricultura-sintropica-na-mata-de-araucaria | https://www.facebook.com/institutoarcaverde/ | https://www.volunteersbase.com/americas/brazil/instituto-arca-verde-brasil-portuguese_i313 | https://ecovillage.org,Arca Verde,Arca Verde,no,Arca Verde; Instituto Arca Verde; Ecovila Arca Verde,SETTLEMENT,148,single_source_row,1,0.000,"-29.465191,-50.500893",SINGLE,-29.465191,-50.500893,HIGH,,BR,BRA,"Rio Grande do Sul; Sao Francisco de Paula, araucaria forest",HIGH,coordinate_gazetteer+published_source,https://lume.ufrgs.br/handle/10183/272282,BR,UNANIMOUS,São Francisco de Paula (8.2 km),https://ecovillage.org,FIXED_GLOBAL_SOURCE,,NOT_FOUND,search_index_negative,"A site:ecovillage.org search for 'Arca Verde' hit the per-turn rate limit and returned no results, so GEN presence is UNRESOLVED rather than established. Recorded as NOT_FOUND with this caveat; re-run the GEN search for this row.",G1,5,4,S1; S3; S6; S7,S1,"[{""url"":""https://lume.ufrgs.br/handle/10183/272282"",""rank"":1,""source_class"":""S1"",""platform_type"":""other"",""independence_group"":""G2"",""confidence"":""HIGH"",""quality_score"":0.94,""verification"":""search_index"",""evidence"":""UFRGS Lume institutional repository: a dissertation on permaculture discourse at Ecovila Arca Verde - register class S1, verified repository record""},{""url"":""https://www.tuaradio.com.br/noticias/meio-ambiente/30-10-2019/curso-do-instituto-arca-verde-em-sao-francisco-de-paula-ensina-a-agricultura-sintropica-na-mata-de-araucaria"",""rank"":2,""source_class"":""S6"",""platform_type"":""news outlet"",""independence_group"":""G3"",""confidence"":""HIGH"",""quality_score"":0.7,""verification"":""search_index"",""evidence"":""Dated 2019 report on the syntropic agriculture course in the araucaria forest""},{""url"":""https://www.facebook.com/institutoarcaverde/"",""rank"":3,""source_class"":""S7"",""platform_type"":""Facebook"",""independence_group"":""G1"",""confidence"":""HIGH"",""quality_score"":0.44,""verification"":""search_index"",""evidence"":""Official page - the institute's principal current channel""},{""url"":""https://www.volunteersbase.com/americas/brazil/instituto-arca-verde-brasil-portuguese_i313"",""rank"":4,""source_class"":""S3"",""platform_type"":""booking or hosting"",""independence_group"":""G4"",""confidence"":""LOW"",""quality_score"":0.26,""verification"":""search_index"",""evidence"":""Volunteer platform listing with site detail""},{""url"":""https://ecovillage.org"",""rank"":5,""source_class"":""S3"",""platform_type"":""directory listing"",""independence_group"":""G1"",""confidence"":""HIGH"",""quality_score"":0.1,""verification"":""fixed_global_source"",""evidence"":""Mandatory Global Ecovillage Network network-level seed, present on every row; not evidence that this community is GEN-registered - see gen_community_status""}]",search_index,,,,,COMPLETE,HIGH,no,,"Ecovila and Instituto Arca Verde in the ARAUCARIA FOREST at Sao Francisco de Paula, teaching SYNTROPIC AGRICULTURE (agroforestry) - a named, high-signal land practice in a threatened forest type. A UFRGS UNIVERSITY DISSERTATION on the collective's permaculture discourse is deposited in the Lume repository, which is the strongest kind of source the register recognises. GEN status unresolved (see gen_evidence).",2026-08-28,1.0.0
IC148,Villa Productiva Agroecológica JANUS,-38.747310,-68.117620,Argentina,FULL,,https://janus.bio/nueva-ruralidad-y-el-buen-vivir/ | https://masp.lmneuquen.com/fruticultura/como-sera-la-primera-villa-agroecologica-un-municipio-del-alto-valle-n1165302 | https://www.revistainternos.com.ar/2018/10/otra-manera-de-vivir-el-campo-janus-proyecto-rural-integrador/ | https://janus.bio/parador-janus-alojamiento-descanso-y-alimento-vital/ | https://ecovillage.org,Villa Productiva Agroecológica JANUS,Villa Productiva Agroecológica JANUS,no,JANUS; Villa Productiva Agroecologica JANUS; JANUS Proyecto Rural Integrador,SETTLEMENT,149,single_source_row,1,0.000,"-38.747310,-68.117620",SINGLE,-38.747310,-68.117620,HIGH,,AR,ARG,"Rio Negro Province; Contralmirante Cordero, Alto Valle",HIGH,coordinate_gazetteer+official_site,https://janus.bio/nueva-ruralidad-y-el-buen-vivir/,AR,UNANIMOUS,Centenario (9.2 km),https://ecovillage.org,FIXED_GLOBAL_SOURCE,,NOT_FOUND,search_index_negative,"site:ecovillage.org returned GEN Argentina index pages and other Argentine communities (Faro del Mundo, Campo Divino) but no community page for JANUS. No GEN URL recorded.",G1,5,3,S4; S6,S4,"[{""url"":""https://janus.bio/nueva-ruralidad-y-el-buen-vivir/"",""rank"":1,""source_class"":""S4"",""platform_type"":""own website"",""independence_group"":""G1"",""confidence"":""HIGH"",""quality_score"":0.86,""verification"":""search_index"",""evidence"":""Official site - the 'New Rurality' concept behind the villa""},{""url"":""https://masp.lmneuquen.com/fruticultura/como-sera-la-primera-villa-agroecologica-un-municipio-del-alto-valle-n1165302"",""rank"":2,""source_class"":""S6"",""platform_type"":""news outlet"",""independence_group"":""G2"",""confidence"":""HIGH"",""quality_score"":0.82,""verification"":""search_index"",""evidence"":""La Manana de Neuquen report on Ordinance 26/24 and the villa's design - dated regional journalism carrying the legal detail""},{""url"":""https://janus.bio/parador-janus-alojamiento-descanso-y-alimento-vital/"",""rank"":4,""source_class"":""S4"",""platform_type"":""own website"",""independence_group"":""G1"",""confidence"":""MEDIUM"",""quality_score"":0.54,""verification"":""search_index"",""evidence"":""Site page on the parador and food production""},{""url"":""https://www.revistainternos.com.ar/2018/10/otra-manera-de-vivir-el-campo-janus-proyecto-rural-integrador/"",""rank"":3,""source_class"":""S6"",""platform_type"":""news outlet"",""independence_group"":""G3"",""confidence"":""MEDIUM"",""quality_score"":0.58,""verification"":""search_index"",""evidence"":""Revista InterNos feature, dated 2018 - predates the villa ordinance, useful for the project's earlier phase""},{""url"":""https://ecovillage.org"",""rank"":5,""source_class"":""S3"",""platform_type"":""directory listing"",""independence_group"":""G1"",""confidence"":""HIGH"",""quality_score"":0.1,""verification"":""fixed_global_source"",""evidence"":""Mandatory Global Ecovillage Network network-level seed, present on every row; not evidence that this community is GEN-registered - see gen_community_status""}]",search_index,,,,,COMPLETE,HIGH,no,,"ADMIN NOTE: in RIO NEGRO province (Contralmirante Cordero, Alto Valle), not Neuquen - the coordinate sits on the provincial border near Cipolletti. 8 ha to be divided into 1,000 sq m lots with co-owned common productive space, on biodynamic-agriculture principles and a CSA model. ORDINANCE 26/24, PASSED 31 DECEMBER 2024 by the Contralmirante Cordero Deliberative Council, authorised the first Agroecological Villa of the Alto Valle - a precisely dated municipal legal instrument, register rank 1.",2026-08-28,1.0.0
IC149,Wisdom Forest,-1.055126,-77.895996,Ecuador,FULL,,https://www.atreeforyou.org/en/ecuador-tena-2025-2029-participatory-reforestation-in-the-ecuadorian-amazon/ | https://satoyamainitiative.org/case_studies/comdeks-project-napo-river-watershed-ecuador/ | https://ecovillage.org/ecovillage/wisdom-forest/ | https://www.facebook.com/wisdomforestecuador/ | https://ecovillage.org,Wisdom Forest,Wisdom Forest,no,Wisdom Forest; Wisdom Forest Ecuador,SETTLEMENT,150,single_source_row,1,0.000,"-1.055126,-77.895996",SINGLE,-1.055126,-77.895996,HIGH,,EC,ECU,"Napo Province; near Tena, Ecuadorian Amazon",HIGH,coordinate_gazetteer+GEN_profile,https://ecovillage.org/ecovillage/wisdom-forest/,EC,UNANIMOUS,Tena (11.3 km),https://ecovillage.org,FIXED_GLOBAL_SOURCE,https://ecovillage.org/ecovillage/wisdom-forest/,VERIFIED_COMMUNITY_SOURCE,search_index,Search returned 'Wisdom Forest - Global Ecovillage Network' community page,G1,5,3,S1; S2; S3; S7,S1,"[{""url"":""https://ecovillage.org/ecovillage/wisdom-forest/"",""rank"":3,""source_class"":""S3"",""platform_type"":""directory listing"",""independence_group"":""G1"",""confidence"":""HIGH"",""quality_score"":0.7,""verification"":""search_index"",""evidence"":""Verified GEN community page""},{""url"":""https://www.atreeforyou.org/en/ecuador-tena-2025-2029-participatory-reforestation-in-the-ecuadorian-amazon/"",""rank"":1,""source_class"":""S2"",""platform_type"":""other"",""independence_group"":""G2"",""confidence"":""HIGH"",""quality_score"":0.74,""verification"":""search_index"",""evidence"":""A Tree For You programme record for participatory reforestation around Tena - institutional, dated, and the key context for separating site from region""},{""url"":""https://satoyamainitiative.org/case_studies/comdeks-project-napo-river-watershed-ecuador/"",""rank"":2,""source_class"":""S1"",""platform_type"":""other"",""independence_group"":""G3"",""confidence"":""HIGH"",""quality_score"":0.72,""verification"":""search_index"",""evidence"":""Satoyama Initiative COMDEKS case study of the Napo River watershed - peer-reviewed-adjacent landscape research""},{""url"":""https://www.facebook.com/wisdomforestecuador/"",""rank"":4,""source_class"":""S7"",""platform_type"":""Facebook"",""independence_group"":""G1"",""confidence"":""MEDIUM"",""quality_score"":0.32,""verification"":""search_index"",""evidence"":""Official page""},{""url"":""https://ecovillage.org"",""rank"":5,""source_class"":""S3"",""platform_type"":""directory listing"",""independence_group"":""G1"",""confidence"":""HIGH"",""quality_score"":0.1,""verification"":""fixed_global_source"",""evidence"":""Mandatory Global Ecovillage Network network-level seed, present on every row; not evidence that this community is GEN-registered - see gen_community_status""}]",search_index,,,,,COMPLETE,MEDIUM,yes,identity_confidence_below_high,"In the hills near Tena in the Ecuadorian Amazon; ecotourism, volunteering and REFORESTATION of cut-over Amazon plots. The wider Tena area has documented participatory reforestation with Kichwa farmers (tens of thousands of trees over multi-year programmes), so regional reforestation is a confounder that must be distinguished from this site's own planting. A general search located the site but the GEN-specific search hit the rate limit; the GEN URL above came from the general search.",2026-08-28,1.0.0
IC150,Bambako Eco Farm / YIRABAH Gambia,13.405483,-15.767966,Gambia,FULL,,https://drop4drop.org/projects/bambako/ | https://ecovillage.org/ecovillage/bambako-eco-farm-yirabah-gambia-association/ | https://m.facebook.com/Yirabah/photos/-exciting-news-from-bambako-eco-farm-we-are-thrilled-to-announce-that-our-bambak/590996070277066/ | https://ecovillage.org/gen_country/gambia/ | https://ecovillage.org,Bambako Eco Farm / YIRABAH Gambia,Bambako Eco Farm / YIRABAH Gambia,no,Bambako Eco Farm; YIRABAH Gambia; Yirabah Gambia e.V.; Bambako village,SETTLEMENT,151,single_source_row,1,0.000,"13.405483,-15.767966",SINGLE,13.405483,-15.767966,HIGH,,GM,GMB,Kiang Central District; Bambako village,HIGH,coordinate_gazetteer+GEN_profile,https://ecovillage.org/ecovillage/bambako-eco-farm-yirabah-gambia-association/,GM,MAJORITY,Nema Kunku (21.3 km),https://ecovillage.org,FIXED_GLOBAL_SOURCE,https://ecovillage.org/ecovillage/bambako-eco-farm-yirabah-gambia-association/,VERIFIED_COMMUNITY_SOURCE,search_index,Search returned 'Bambako Eco Farm / YIRABAH Gambia Association - Global Ecovillage Network' community page,G1,5,2,S2; S3; S7,S2,"[{""url"":""https://ecovillage.org/ecovillage/bambako-eco-farm-yirabah-gambia-association/"",""rank"":2,""source_class"":""S3"",""platform_type"":""directory listing"",""independence_group"":""G1"",""confidence"":""HIGH"",""quality_score"":0.72,""verification"":""search_index"",""evidence"":""Verified GEN community page""},{""url"":""https://drop4drop.org/projects/bambako/"",""rank"":1,""source_class"":""S2"",""platform_type"":""other"",""independence_group"":""G2"",""confidence"":""HIGH"",""quality_score"":0.78,""verification"":""search_index"",""evidence"":""DROP4DROP project record for Bambako village, Kiang Central - an independent NGO with a dated water project""},{""url"":""https://m.facebook.com/Yirabah/photos/-exciting-news-from-bambako-eco-farm-we-are-thrilled-to-announce-that-our-bambak/590996070277066/"",""rank"":3,""source_class"":""S7"",""platform_type"":""Facebook"",""independence_group"":""G1"",""confidence"":""MEDIUM"",""quality_score"":0.36,""verification"":""search_index"",""evidence"":""Yirabah Gambia e.V. post announcing farm news - dated self-documentation""},{""url"":""https://ecovillage.org/gen_country/gambia/"",""rank"":4,""source_class"":""S3"",""platform_type"":""directory listing"",""independence_group"":""G1"",""confidence"":""LOW"",""quality_score"":0.28,""verification"":""search_index"",""evidence"":""GEN Gambia index - route to sibling listings""},{""url"":""https://ecovillage.org"",""rank"":5,""source_class"":""S3"",""platform_type"":""directory listing"",""independence_group"":""G1"",""confidence"":""HIGH"",""quality_score"":0.1,""verification"":""fixed_global_source"",""evidence"":""Mandatory Global Ecovillage Network network-level seed, present on every row; not evidence that this community is GEN-registered - see gen_community_status""}]",search_index,,,,,COMPLETE,HIGH,no,,"YIRABAH Gambia e.V. founded 2007 (a German registered association working in rural Gambia); the Bambako Eco Farm teaches organic agriculture, composting, mulching and crop rotation to local farmers. A DROP4DROP water project is documented at Bambako village - an independent, dated infrastructure record. The German e.V. status means filed association records exist.",2026-08-28,1.0.0
IC151,Honeyville Farm,-33.931231,24.764866,South Africa,FULL,,"https://ecovillage.org/project/honeyville-farm/ | https://www.facebook.com/honeyvillecovillage/ | https://www.youtube.com/watch?v=4SI-8pLnnk0 | https://za.geoview.info/honeyville,995745 | https://ecovillage.org",Honeyville Farm,Honeyville Farm,no,Honeyville Farm; Honeyville Eco Village; Honeyville Nature Reserve,SETTLEMENT,152,single_source_row,1,0.000,"-33.931231,24.764866",SINGLE,-33.931231,24.764866,HIGH,,ZA,ZAF,"Eastern Cape; near Humansdorp, inland from Jeffreys Bay; borders Baviaanskloof Nature Reserve",HIGH,coordinate_gazetteer+GEN_profile,https://ecovillage.org/project/honeyville-farm/,ZA,UNANIMOUS,Kruisfontein (8.6 km),https://ecovillage.org,FIXED_GLOBAL_SOURCE,https://ecovillage.org/project/honeyville-farm/,VERIFIED_COMMUNITY_SOURCE,search_index,site:ecovillage.org returned 'Honeyville Farm - Global Ecovillage Network' project page,G1,5,2,S2; S3; S7,S2,"[{""url"":""https://ecovillage.org/project/honeyville-farm/"",""rank"":1,""source_class"":""S3"",""platform_type"":""directory listing"",""independence_group"":""G1"",""confidence"":""HIGH"",""quality_score"":0.76,""verification"":""search_index"",""evidence"":""Verified GEN project page with the 800/45/30/10 land breakdown""},{""url"":""https://www.facebook.com/honeyvillecovillage/"",""rank"":2,""source_class"":""S7"",""platform_type"":""Facebook"",""independence_group"":""G1"",""confidence"":""HIGH"",""quality_score"":0.44,""verification"":""search_index"",""evidence"":""Official page - the community's main current channel""},{""url"":""https://www.youtube.com/watch?v=4SI-8pLnnk0"",""rank"":3,""source_class"":""S7"",""platform_type"":""YouTube"",""independence_group"":""G1"",""confidence"":""MEDIUM"",""quality_score"":0.4,""verification"":""search_index"",""evidence"":""'Honeyville farm proposed permaculture ecovillage' - visual documentation of the plan""},{""url"":""https://za.geoview.info/honeyville,995745"",""rank"":4,""source_class"":""S2"",""platform_type"":""other"",""independence_group"":""G2"",""confidence"":""LOW"",""quality_score"":0.24,""verification"":""search_index"",""evidence"":""South African place-name gazetteer record for Honeyville farmstead - locality corroboration""},{""url"":""https://ecovillage.org"",""rank"":5,""source_class"":""S3"",""platform_type"":""directory listing"",""independence_group"":""G1"",""confidence"":""HIGH"",""quality_score"":0.1,""verification"":""fixed_global_source"",""evidence"":""Mandatory Global Ecovillage Network network-level seed, present on every row; not evidence that this community is GEN-registered - see gen_community_status""}]",search_index,,,,,COMPLETE,HIGH,no,,"800 HECTARES of which only 45 ha are designated for development and the rest kept as protected wild land bordering the Baviaanskloof Nature Reserve; 30 ha of old arable land with 10 acres currently in organic production. That three-way split - total holding, development footprint, actively farmed extent - is the clearest example in the cohort of why the register separates total holding from managed area.",2026-08-28,1.0.0
IC152,Yasna Sloboda,54.756701,37.875068,Russia,FULL,,https://yasnasloboda.ru/ | https://yasnasloboda.ru/mesto | https://yasnasloboda.ru/o-proekte/o-proekte | https://ecovillage.org/ecovillage/yasna-sloboda/ | https://yasnasloboda.ru/en/8-novosti/101-yasnaya-sloboda-voshla-v-soyuz-ekoposelenij-i-eko-initsiativ | http://humanworld.info/ru-RU/Users/368 | https://ecovillage.org,Yasna Sloboda,Yasna Sloboda,no,Yasna Sloboda; Yasnaya Sloboda; Semeynoe poselenie Yasnaya sloboda,SETTLEMENT,153,single_source_row,1,0.000,"54.756701,37.875068",SINGLE,54.756701,37.875068,HIGH,,RU,RUS,"Tula Oblast; Yasnogorsky District, near the Oka, ~107 km from Moscow",HIGH,coordinate_gazetteer+official_site,https://yasnasloboda.ru/mesto,RU,UNANIMOUS,Pushchino (18.9 km),https://ecovillage.org,FIXED_GLOBAL_SOURCE,https://ecovillage.org/ecovillage/yasna-sloboda/,VERIFIED_COMMUNITY_SOURCE,search_index,site:ecovillage.org returned 'Yasna Sloboda - Global Ecovillage Network' community page plus several /project/yasna-sloboda/ sub-pages,G1,7,2,S3; S4,S3,"[{""url"":""https://yasnasloboda.ru/"",""rank"":1,""source_class"":""S4"",""platform_type"":""own website"",""independence_group"":""G1"",""confidence"":""HIGH"",""quality_score"":0.88,""verification"":""search_index"",""evidence"":""Official settlement site""},{""url"":""https://yasnasloboda.ru/mesto"",""rank"":2,""source_class"":""S4"",""platform_type"":""own website"",""independence_group"":""G1"",""confidence"":""HIGH"",""quality_score"":0.76,""verification"":""search_index"",""evidence"":""'Mesto' - the place/land page giving the location detail""},{""url"":""https://yasnasloboda.ru/o-proekte/o-proekte"",""rank"":3,""source_class"":""S4"",""platform_type"":""own website"",""independence_group"":""G1"",""confidence"":""HIGH"",""quality_score"":0.7,""verification"":""search_index"",""evidence"":""Project description page""},{""url"":""https://ecovillage.org/ecovillage/yasna-sloboda/"",""rank"":4,""source_class"":""S3"",""platform_type"":""directory listing"",""independence_group"":""G1"",""confidence"":""HIGH"",""quality_score"":0.66,""verification"":""search_index"",""evidence"":""Verified GEN community page with the Waldorf centre and sociocracy detail""},{""url"":""https://yasnasloboda.ru/en/8-novosti/101-yasnaya-sloboda-voshla-v-soyuz-ekoposelenij-i-eko-initsiativ"",""rank"":5,""source_class"":""S4"",""platform_type"":""own website"",""independence_group"":""G1"",""confidence"":""MEDIUM"",""quality_score"":0.52,""verification"":""search_index"",""evidence"":""Dated announcement of joining the Russian ecovillage union""},{""url"":""http://humanworld.info/ru-RU/Users/368"",""rank"":6,""source_class"":""S3"",""platform_type"":""directory listing"",""independence_group"":""G2"",""confidence"":""LOW"",""quality_score"":0.24,""verification"":""search_index"",""evidence"":""Third-party Russian community directory entry""},{""url"":""https://ecovillage.org"",""rank"":7,""source_class"":""S3"",""platform_type"":""directory listing"",""independence_group"":""G1"",""confidence"":""HIGH"",""quality_score"":0.1,""verification"":""fixed_global_source"",""evidence"":""Mandatory Global Ecovillage Network network-level seed, present on every row; not evidence that this community is GEN-registered - see gen_community_status""}]",search_index,,,,,COMPLETE,HIGH,no,,"A family settlement of ~15 families in Tula Oblast built around a WALDORF EDUCATION CENTRE (5 teachers, 28 children); governs by sociocracy and teaches it. Member of the Russian Union of Ecovillages and listed in the European 'Eurotopia' directory - two independent network confirmations. The community's own site documents an exchange visit to Sieben Linden, another cohort member.",2026-08-28,1.0.0
IC153,Ecovillage Kovcheg,55.061992,36.128649,Russia,FULL,,https://www.eco-kovcheg.ru/index_en.html | https://www.eco-kovcheg.ru/ | https://www.eco-kovcheg.ru/index3.html | https://ecovillage.org/ecovillage/ecovillage-kovcheg-not-gen-member/ | https://www.eco-kovcheg.ru/news.html | https://kovcheg-village.ru/ | https://ecovillage.org,Ecovillage Kovcheg,Ecovillage Kovcheg,no,Kovcheg; Ecovillage Kovcheg; Ekoposelenie Kovcheg; The Ark,SETTLEMENT,154,single_source_row,1,0.000,"55.061992,36.128649",SINGLE,55.061992,36.128649,HIGH,,RU,RUS,"Kaluga Oblast; Maloyaroslavets District, near Mosolovo, ~140 km SW of Moscow",HIGH,coordinate_gazetteer+official_site,https://www.eco-kovcheg.ru/index_en.html,RU,UNANIMOUS,Maloyaroslavets (22.5 km),https://ecovillage.org,FIXED_GLOBAL_SOURCE,https://ecovillage.org/ecovillage/ecovillage-kovcheg-not-gen-member/,VERIFIED_COMMUNITY_SOURCE_PARENT_ONLY,search_index,"site:ecovillage.org returned a GEN page whose own title states 'Ecovillage Kovcheg (NOT GEN MEMBER)'. The page is real and community-specific, so the URL is recorded, but GEN itself denies membership - so this is emphatically not evidence of GEN registration.",G1,7,1,S3; S4,S3,"[{""url"":""https://www.eco-kovcheg.ru/index_en.html"",""rank"":1,""source_class"":""S4"",""platform_type"":""own website"",""independence_group"":""G1"",""confidence"":""HIGH"",""quality_score"":0.86,""verification"":""search_index"",""evidence"":""Official site, English edition""},{""url"":""https://www.eco-kovcheg.ru/"",""rank"":2,""source_class"":""S4"",""platform_type"":""own website"",""independence_group"":""G1"",""confidence"":""HIGH"",""quality_score"":0.8,""verification"":""search_index"",""evidence"":""Official Russian-language site""},{""url"":""https://www.eco-kovcheg.ru/index3.html"",""rank"":3,""source_class"":""S4"",""platform_type"":""own website"",""independence_group"":""G1"",""confidence"":""HIGH"",""quality_score"":0.72,""verification"":""search_index"",""evidence"":""'How we register the land' - the community's own account of its land tenure""},{""url"":""https://www.eco-kovcheg.ru/news.html"",""rank"":5,""source_class"":""S4"",""platform_type"":""own website"",""independence_group"":""G1"",""confidence"":""MEDIUM"",""quality_score"":0.56,""verification"":""search_index"",""evidence"":""Dated news index - continuity evidence""},{""url"":""https://ecovillage.org/ecovillage/ecovillage-kovcheg-not-gen-member/"",""rank"":4,""source_class"":""S3"",""platform_type"":""directory listing"",""independence_group"":""G1"",""confidence"":""HIGH"",""quality_score"":0.58,""verification"":""search_index"",""evidence"":""GEN page, explicitly marked not a member""},{""url"":""https://kovcheg-village.ru/"",""rank"":6,""source_class"":""S4"",""platform_type"":""secondary or former website"",""independence_group"":""G1"",""confidence"":""MEDIUM"",""quality_score"":0.46,""verification"":""search_index"",""evidence"":""Second community domain""},{""url"":""https://ecovillage.org"",""rank"":7,""source_class"":""S3"",""platform_type"":""directory listing"",""independence_group"":""G1"",""confidence"":""HIGH"",""quality_score"":0.1,""verification"":""fixed_global_source"",""evidence"":""Mandatory Global Ecovillage Network network-level seed, present on every row; not evidence that this community is GEN-registered - see gen_community_status""}]",search_index,,,,,COMPLETE,HIGH,yes,gen_page_qualified; single_independence_group,"121 HA about 140 km south-west of Moscow, organised as FAMILY ESTATES OF ONE HECTARE EACH held in the family across generations, each with woods, fruit trees, garden and a small pond - a distinctive Russian 'kin's domain' tenure model that the area coding must handle carefully, since the managed unit is the hectare estate rather than the settlement. GEN explicitly records it as NOT a member.",2026-08-28,1.0.0
IC154,Yeniköy,39.933706,26.165414,Turkey,FULL,,https://www.researchgate.net/publication/344919304_Ecovillage_Movement_in_Turkey | https://ecovillage.org/project/bayramic-yenikoy | https://ecovillage.org/gen_country/turkey/ | https://ecovillage.org,Yeniköy,Yeniköy,no,Yenikoy; Bayramic Yenikoy; EKOYER network member,SETTLEMENT,155,single_source_row,1,0.000,"39.933706,26.165414",SINGLE,39.933706,26.165414,HIGH,,TR,TUR,"CONFLICT: GEN's project is Bayramic Yenikoy (Bayramic district, Canakkale); the supplied coordinate lies near Ezine, ~45 km away",HIGH,coordinate_gazetteer+GEN_profile_CONFLICTING,https://ecovillage.org/project/bayramic-yenikoy,TR,UNANIMOUS,Ezine (22.3 km),https://ecovillage.org,FIXED_GLOBAL_SOURCE,https://ecovillage.org/project/bayramic-yenikoy,VERIFIED_COMMUNITY_SOURCE_IDENTITY_UNCERTAIN,search_index,"site:ecovillage.org returned 'Bayramic Yenikoy - Global Ecovillage Network'. Canakkale province contains several villages called Yenikoy (in Ezine, Yenice and Bayramic districts); the GEN project is the BAYRAMIC one, while the supplied coordinate falls nearer Ezine. Recorded and flagged rather than assumed identical.",G1,4,2,S1; S3,S1,"[{""url"":""https://ecovillage.org/project/bayramic-yenikoy"",""rank"":2,""source_class"":""S3"",""platform_type"":""directory listing"",""independence_group"":""G1"",""confidence"":""MEDIUM"",""quality_score"":0.64,""verification"":""search_index"",""evidence"":""GEN project page for Bayramic Yenikoy - real, but possibly a different village from the coordinate""},{""url"":""https://www.researchgate.net/publication/344919304_Ecovillage_Movement_in_Turkey"",""rank"":1,""source_class"":""S1"",""platform_type"":""other"",""independence_group"":""G2"",""confidence"":""HIGH"",""quality_score"":0.86,""verification"":""search_index"",""evidence"":""Academic paper 'Ecovillage Movement in Turkey' - register class S1, and the best route to disambiguating the Yenikoy sites""},{""url"":""https://ecovillage.org/gen_country/turkey/"",""rank"":3,""source_class"":""S3"",""platform_type"":""directory listing"",""independence_group"":""G1"",""confidence"":""MEDIUM"",""quality_score"":0.34,""verification"":""search_index"",""evidence"":""GEN Turkey index - route to sibling listings""},{""url"":""https://ecovillage.org"",""rank"":4,""source_class"":""S3"",""platform_type"":""directory listing"",""independence_group"":""G1"",""confidence"":""HIGH"",""quality_score"":0.1,""verification"":""fixed_global_source"",""evidence"":""Mandatory Global Ecovillage Network network-level seed, present on every row; not evidence that this community is GEN-registered - see gen_community_status""}]",search_index,,,,,COMPLETE,LOW,yes,gen_page_qualified; identity_confidence_below_high,"IDENTITY CONFLICT - see gen_evidence. The Bayramic Yenikoy project is an NGO building a self-sustaining village on permaculture principles, known for LOCAL SEED PRODUCTION, natural farming and surplus-sharing economics, and part of Turkey's EKOYER network. A ResearchGate paper 'Ecovillage Movement in Turkey' should help settle which Yenikoy this row denotes.",2026-08-28,1.0.0
IC155,Serene Eco Village,18.315759,73.624871,India,FULL,,https://sereneecovillage.com/ | https://thebetterindia.com/70981/doctor-pravin-chordia-forest-serene-eco-village-medicine-free-life/ | https://sereneecovillage.com/contact-us/ | https://lbb.in/mumbai/check-serene-eco-village-staying-mud-houses-organic-farming-lush-treks/ | https://www.facebook.com/sereneecovillage | https://ecovillage.org,Serene Eco Village,Serene Eco Village,no,Serene Eco Village; Dr Pravin Chordia's forest,SETTLEMENT,156,single_source_row,1,0.000,"18.315759,73.624871",SINGLE,18.315759,73.624871,HIGH,,IN,IND,"Maharashtra; Pune district; near Velhe, by the Gunjavani dam, ~45 km from Pune",HIGH,coordinate_gazetteer+official_site,https://sereneecovillage.com/,IN,UNANIMOUS,Kharakvasla (21.1 km),https://ecovillage.org,FIXED_GLOBAL_SOURCE,,NOT_FOUND,search_index_negative,"A site:ecovillage.org search returned only third-party pages (TripAdvisor, The Better India, Facebook) and the community's own site; no GEN community page for Serene Eco Village surfaced. No GEN URL recorded.",G1,6,3,S4; S6; S7,S4,"[{""url"":""https://sereneecovillage.com/"",""rank"":1,""source_class"":""S4"",""platform_type"":""own website"",""independence_group"":""G1"",""confidence"":""HIGH"",""quality_score"":0.88,""verification"":""search_index"",""evidence"":""Official site""},{""url"":""https://thebetterindia.com/70981/doctor-pravin-chordia-forest-serene-eco-village-medicine-free-life/"",""rank"":2,""source_class"":""S6"",""platform_type"":""news outlet"",""independence_group"":""G2"",""confidence"":""HIGH"",""quality_score"":0.82,""verification"":""search_index"",""evidence"":""The Better India long-form piece - the source of the barren-land origin and the planting figure""},{""url"":""https://sereneecovillage.com/contact-us/"",""rank"":3,""source_class"":""S4"",""platform_type"":""own website"",""independence_group"":""G1"",""confidence"":""MEDIUM"",""quality_score"":0.48,""verification"":""search_index"",""evidence"":""Contact page giving the locality""},{""url"":""https://lbb.in/mumbai/check-serene-eco-village-staying-mud-houses-organic-farming-lush-treks/"",""rank"":4,""source_class"":""S6"",""platform_type"":""other"",""independence_group"":""G3"",""confidence"":""MEDIUM"",""quality_score"":0.44,""verification"":""search_index"",""evidence"":""Independent feature describing the mud houses and organic farming""},{""url"":""https://www.facebook.com/sereneecovillage"",""rank"":5,""source_class"":""S7"",""platform_type"":""Facebook"",""independence_group"":""G1"",""confidence"":""MEDIUM"",""quality_score"":0.3,""verification"":""search_index"",""evidence"":""Official page""},{""url"":""https://ecovillage.org"",""rank"":6,""source_class"":""S3"",""platform_type"":""directory listing"",""independence_group"":""G1"",""confidence"":""HIGH"",""quality_score"":0.1,""verification"":""fixed_global_source"",""evidence"":""Mandatory Global Ecovillage Network network-level seed, present on every row; not evidence that this community is GEN-registered - see gen_community_status""}]",search_index,,,,,COMPLETE,HIGH,no,,"A MAN-MADE FOREST on land bought BARREN by Dr Pravin Chordia and family more than 15 years ago, with a reported 250,000 TREES PLANTED - an exceptionally strong before/after reforestation case on a documented degraded baseline, on a hillside above the Gunjavani dam. Not GEN-listed. Also a wellness/agri-tourism destination, so E2 needs a coder decision.",2026-08-28,1.0.0
IC156,Tasman Ecovillage,-43.093448,147.742258,Australia,FULL,,https://tasmanecovillage.org.au/village/location | https://land.tasmanecovillage.org.au/tasman-ecovillage-location | https://ecovillage.org/project/tasman-ecovillage/ | https://tasmanecovillage.org.au/village/for-sale | https://medium.com/@petergringinger/community-living-on-the-southern-edge-tasman-ecovillage-tasmania-7011eef4594c | https://ecovillage.org,Tasman Ecovillage,Tasman Ecovillage,no,Tasman Ecovillage; Tasman Ecovillage Tasmania,SETTLEMENT,157,single_source_row,1,0.000,"-43.093448,147.742258",SINGLE,-43.093448,147.742258,HIGH,,AU,AUS,"Tasmania; Tasman Peninsula; Nubeena, overlooking Parsons Bay",HIGH,coordinate_gazetteer+official_site,https://tasmanecovillage.org.au/village/location,AU,UNANIMOUS,Hobart (41.2 km),https://ecovillage.org,FIXED_GLOBAL_SOURCE,https://ecovillage.org/project/tasman-ecovillage/,VERIFIED_COMMUNITY_SOURCE,search_index,site:ecovillage.org returned 'Tasman Ecovillage - Global Ecovillage Network' project page,G1,6,2,S3; S4; S6,S3,"[{""url"":""https://tasmanecovillage.org.au/village/location"",""rank"":1,""source_class"":""S4"",""platform_type"":""own website"",""independence_group"":""G1"",""confidence"":""HIGH"",""quality_score"":0.86,""verification"":""search_index"",""evidence"":""Official location page""},{""url"":""https://land.tasmanecovillage.org.au/tasman-ecovillage-location"",""rank"":2,""source_class"":""S4"",""platform_type"":""secondary or former website"",""independence_group"":""G1"",""confidence"":""HIGH"",""quality_score"":0.7,""verification"":""search_index"",""evidence"":""Dedicated land sub-domain - parcel-level material""},{""url"":""https://ecovillage.org/project/tasman-ecovillage/"",""rank"":3,""source_class"":""S3"",""platform_type"":""directory listing"",""independence_group"":""G1"",""confidence"":""HIGH"",""quality_score"":0.7,""verification"":""search_index"",""evidence"":""Verified GEN project page with the 2013 strata-title date and build progress""},{""url"":""https://tasmanecovillage.org.au/village/for-sale"",""rank"":4,""source_class"":""S4"",""platform_type"":""own website"",""independence_group"":""G1"",""confidence"":""MEDIUM"",""quality_score"":0.5,""verification"":""search_index"",""evidence"":""Lots for sale - tenure and parcel information""},{""url"":""https://medium.com/@petergringinger/community-living-on-the-southern-edge-tasman-ecovillage-tasmania-7011eef4594c"",""rank"":5,""source_class"":""S6"",""platform_type"":""blog platform"",""independence_group"":""G2"",""confidence"":""MEDIUM"",""quality_score"":0.48,""verification"":""search_index"",""evidence"":""Independent long-form visit account""},{""url"":""https://ecovillage.org"",""rank"":6,""source_class"":""S3"",""platform_type"":""directory listing"",""independence_group"":""G1"",""confidence"":""HIGH"",""quality_score"":0.1,""verification"":""fixed_global_source"",""evidence"":""Mandatory Global Ecovillage Network network-level seed, present on every row; not evidence that this community is GEN-registered - see gen_community_status""}]",search_index,,,,,COMPLETE,HIGH,no,,"Tasmania's first ecovillage; CAME INTO EXISTENCE IN 2013 when the Community Development Scheme (Strata Title) was lodged - a precisely dated legal instrument and a clean tenure record. ~40 Body Corporate owners with 12 dwellings completed as at 2023, so the built area is still growing during the study window. Permaculture and cohousing principles; a dedicated land sub-domain exists.",2026-08-28,1.0.0
IC157,Patanga,-30.438118,152.694861,Australia,FULL,,https://ecovillage.org/project/patanga | https://patanga.org.au/index.php?catid=102&id=87%3Awelcome&view=article | https://www.bluemountainsgazette.com.au/story/4258861/meet-the-aussies-living-in-intentional-communities/ | http://patanga.org.au/contact.html | https://ecovillage.org,Patanga,Patanga,no,Patanga; Patanga Bellinger Valley,SETTLEMENT,158,single_source_row,1,0.000,"-30.438118,152.694861",SINGLE,-30.438118,152.694861,HIGH,,AU,AUS,"New South Wales; Bellinger Valley; Thora, Darkwood Road (near Bellingen)",HIGH,coordinate_gazetteer+official_site,http://patanga.org.au/contact.html,AU,UNANIMOUS,Coffs Harbour (43.2 km),https://ecovillage.org,FIXED_GLOBAL_SOURCE,https://ecovillage.org/project/patanga,VERIFIED_COMMUNITY_SOURCE,search_index,site:ecovillage.org returned 'Patanga - Global Ecovillage Network' project page,G1,5,2,S3; S4; S6,S3,"[{""url"":""https://ecovillage.org/project/patanga"",""rank"":1,""source_class"":""S3"",""platform_type"":""directory listing"",""independence_group"":""G1"",""confidence"":""HIGH"",""quality_score"":0.76,""verification"":""search_index"",""evidence"":""Verified GEN project page recording the wildlife-refuge registration and biodynamic certification""},{""url"":""https://patanga.org.au/index.php?catid=102&id=87%3Awelcome&view=article"",""rank"":2,""source_class"":""S4"",""platform_type"":""own website"",""independence_group"":""G1"",""confidence"":""HIGH"",""quality_score"":0.72,""verification"":""search_index"",""evidence"":""Official welcome page; heavily parameterised URL with percent-encoding - a URL-fidelity test case""},{""url"":""http://patanga.org.au/contact.html"",""rank"":4,""source_class"":""S4"",""platform_type"":""own website"",""independence_group"":""G1"",""confidence"":""MEDIUM"",""quality_score"":0.54,""verification"":""search_index"",""evidence"":""Contact page giving the Darkwood Road address""},{""url"":""https://www.bluemountainsgazette.com.au/story/4258861/meet-the-aussies-living-in-intentional-communities/"",""rank"":3,""source_class"":""S6"",""platform_type"":""news outlet"",""independence_group"":""G2"",""confidence"":""HIGH"",""quality_score"":0.62,""verification"":""search_index"",""evidence"":""Fairfax regional feature on Australian intentional communities covering Patanga's structure""},{""url"":""https://ecovillage.org"",""rank"":5,""source_class"":""S3"",""platform_type"":""directory listing"",""independence_group"":""G1"",""confidence"":""HIGH"",""quality_score"":0.1,""verification"":""fixed_global_source"",""evidence"":""Mandatory Global Ecovillage Network network-level seed, present on every row; not evidence that this community is GEN-registered - see gen_community_status""}]",search_index,,,,,COMPLETE,HIGH,no,,"Founded decades ago by a group from Sydney; a company with 15 director-shareholders. TWO STRONG ECOLOGICAL CREDENTIALS: the property is a REGISTERED WILDLIFE REFUGE with the NSW parks and wildlife authority, and the community is CERTIFIED BIODYNAMIC - both are third-party assessed designations (register V3), and both should have dated documentary records.",2026-08-28,1.0.0
IC158,Ecolieu Argoumbat,43.910315,0.980360,France,FULL,,https://www.argoumbat.org/ | https://www.argoumbat.org/ecolieu/ | https://ecovillage.org/ecovillage/argoumbat/ | https://www.helloasso.com/associations/les-lucioles-d-argoumbat | https://colibris-lafabrique.org/les-projets/ecolieu-argoumbat | https://ecovillage.org,Ecolieu Argoumbat,Ecolieu Argoumbat,no,Ecolieu Argoumbat; Argoumbat; Les Lucioles d'Argoumbat,SETTLEMENT,159,single_source_row,1,0.000,"43.910315,0.980360",SINGLE,43.910315,0.980360,HIGH,,FR,FRA,Occitanie; Tarn-et-Garonne; Beaumont-de-Lomagne,HIGH,coordinate_gazetteer+official_site,https://www.argoumbat.org/ecolieu/,FR,UNANIMOUS,Montauban (32.2 km),https://ecovillage.org,FIXED_GLOBAL_SOURCE,https://ecovillage.org/ecovillage/argoumbat/,VERIFIED_COMMUNITY_SOURCE,search_index,site:ecovillage.org returned 'Argoumbat - Global Ecovillage Network' community page; also listed among GEN Europe aspiring members,G1,6,3,S2; S3; S4,S2,"[{""url"":""https://www.argoumbat.org/"",""rank"":1,""source_class"":""S4"",""platform_type"":""own website"",""independence_group"":""G1"",""confidence"":""HIGH"",""quality_score"":0.88,""verification"":""search_index"",""evidence"":""Official site""},{""url"":""https://www.argoumbat.org/ecolieu/"",""rank"":2,""source_class"":""S4"",""platform_type"":""own website"",""independence_group"":""G1"",""confidence"":""HIGH"",""quality_score"":0.78,""verification"":""search_index"",""evidence"":""Ecolieu page - the land description""},{""url"":""https://ecovillage.org/ecovillage/argoumbat/"",""rank"":3,""source_class"":""S3"",""platform_type"":""directory listing"",""independence_group"":""G1"",""confidence"":""HIGH"",""quality_score"":0.72,""verification"":""search_index"",""evidence"":""Verified GEN community page with the 38 ha / 5 ha split and the 2021 founding""},{""url"":""https://www.helloasso.com/associations/les-lucioles-d-argoumbat"",""rank"":4,""source_class"":""S2"",""platform_type"":""crowdfunding"",""independence_group"":""G2"",""confidence"":""HIGH"",""quality_score"":0.66,""verification"":""search_index"",""evidence"":""HelloAsso association record for Les Lucioles d'Argoumbat - a dated French association and funding record""},{""url"":""https://colibris-lafabrique.org/les-projets/ecolieu-argoumbat"",""rank"":5,""source_class"":""S3"",""platform_type"":""directory listing"",""independence_group"":""G3"",""confidence"":""MEDIUM"",""quality_score"":0.44,""verification"":""search_index"",""evidence"":""Colibris La Fabrique project record""},{""url"":""https://ecovillage.org"",""rank"":6,""source_class"":""S3"",""platform_type"":""directory listing"",""independence_group"":""G1"",""confidence"":""HIGH"",""quality_score"":0.1,""verification"":""fixed_global_source"",""evidence"":""Mandatory Global Ecovillage Network network-level seed, present on every row; not evidence that this community is GEN-registered - see gen_community_status""}]",search_index,,,,,COMPLETE,HIGH,no,,"ADMIN NOTE: at Beaumont-de-Lomagne in TARN-ET-GARONNE, not Gers or Lot-et-Garonne. Founded 2021 as a cooperative; 38 HA OF FOREST WITH 5 HA OF GARDENS AND MEADOWS - an explicit forest/managed split. ~10 adults and 5 children. Works on permaculture, agroforestry and regenerative farming. Very young, so the satellite record may show little change yet.",2026-08-28,1.0.0
IC159,Arterra Bizimodu,42.715388,-1.325865,Spain,FULL,,https://www.arterrabizimodu.org/ | https://gen-europe.org/members/arterra-bizimodu/ | https://ecovillage.org/ | https://ecovillage.org,Arterra Bizimodu,Arterra Bizimodu,no,Arterra Bizimodu; Arterra; Arterra Bizimodu Elkartea,SETTLEMENT,160,single_source_row,1,0.000,"42.715388,-1.325865",SINGLE,42.715388,-1.325865,HIGH,,ES,ESP,Navarra; Artieda,HIGH,coordinate_gazetteer+official_site,https://www.arterrabizimodu.org/,ES,UNANIMOUS,Burlata (26.7 km),https://ecovillage.org,FIXED_GLOBAL_SOURCE,,NOT_FOUND,search_index_negative,"site:ecovillage.org searched; Arterra appears on GEN Europe network and news pages as a FULL member and as the host of GEN Europe's office, but no /project/ or /ecovillage/ community page was returned",G1,4,1,S3; S4,S3,"[{""url"":""https://www.arterrabizimodu.org/"",""rank"":1,""source_class"":""S4"",""platform_type"":""own website"",""independence_group"":""G1"",""confidence"":""HIGH"",""quality_score"":0.88,""verification"":""search_index"",""evidence"":""Official site""},{""url"":""https://gen-europe.org/members/arterra-bizimodu/"",""rank"":2,""source_class"":""S3"",""platform_type"":""directory listing"",""independence_group"":""G1"",""confidence"":""MEDIUM"",""quality_score"":0.62,""verification"":""search_index"",""evidence"":""GEN Europe full-member record""},{""url"":""https://ecovillage.org/"",""rank"":3,""source_class"":""S3"",""platform_type"":""directory listing"",""independence_group"":""G1"",""confidence"":""HIGH"",""quality_score"":0.3,""verification"":""search_index"",""evidence"":""Fixed network seed source""},{""url"":""https://ecovillage.org"",""rank"":4,""source_class"":""S3"",""platform_type"":""directory listing"",""independence_group"":""G1"",""confidence"":""HIGH"",""quality_score"":0.1,""verification"":""fixed_global_source"",""evidence"":""Mandatory Global Ecovillage Network network-level seed, present on every row; not evidence that this community is GEN-registered - see gen_community_status""}]",search_index,,,,,COMPLETE,HIGH,yes,single_independence_group,"Born spring 2014 in a FORMER SPA / BALNEARIO BUILDING of about 8,000 m2 plus roughly 3 ha of fields, at Artieda in the Navarran Pyrenean foothills. Around 32-50 people. Governed by sociocracy. GEN Europe FULL member and host of the GEN Europe office, so the building predates the community by decades - the satellite record will show adaptive reuse rather than new construction.",2026-08-28,1.0.0
IC160,Keuruu Ecovillage,62.306323,24.622492,Finland,FULL,,https://www.keuruunekokyla.fi/ | https://ecovillage.org/ecovillage/keuruu-ecovillage/ | https://ecovillage.org/ | https://ecovillage.org,Keuruu Ecovillage,Keuruu Ecovillage,no,Keuruun ekokyla; Keuruu Ecovillage; Keuruun Ekokyla ry,SETTLEMENT,161,single_source_row,1,0.000,"62.306323,24.622492",SINGLE,62.306323,24.622492,HIGH,,FI,FIN,Central Finland; Keuruu,HIGH,coordinate_gazetteer+gen_page,https://ecovillage.org/ecovillage/keuruu-ecovillage/,FI,UNANIMOUS,Jyväskylä (57.3 km),https://ecovillage.org,FIXED_GLOBAL_SOURCE,https://ecovillage.org/ecovillage/keuruu-ecovillage/,VERIFIED_COMMUNITY_SOURCE,search_index,site:ecovillage.org returned 'Keuruu Ecovillage - Global Ecovillage Network',G1,4,1,S3; S4,S3,"[{""url"":""https://www.keuruunekokyla.fi/"",""rank"":1,""source_class"":""S4"",""platform_type"":""own website"",""independence_group"":""G1"",""confidence"":""HIGH"",""quality_score"":0.88,""verification"":""search_index"",""evidence"":""Official site""},{""url"":""https://ecovillage.org/ecovillage/keuruu-ecovillage/"",""rank"":2,""source_class"":""S3"",""platform_type"":""directory listing"",""independence_group"":""G1"",""confidence"":""HIGH"",""quality_score"":0.74,""verification"":""search_index"",""evidence"":""Verified GEN community page carrying the 54 ha / 24 ha split and the 1997 founding""},{""url"":""https://ecovillage.org/"",""rank"":3,""source_class"":""S3"",""platform_type"":""directory listing"",""independence_group"":""G1"",""confidence"":""HIGH"",""quality_score"":0.3,""verification"":""search_index"",""evidence"":""Fixed network seed source""},{""url"":""https://ecovillage.org"",""rank"":4,""source_class"":""S3"",""platform_type"":""directory listing"",""independence_group"":""G1"",""confidence"":""HIGH"",""quality_score"":0.1,""verification"":""fixed_global_source"",""evidence"":""Mandatory Global Ecovillage Network network-level seed, present on every row; not evidence that this community is GEN-registered - see gen_community_status""}]",search_index,,,,,COMPLETE,HIGH,yes,single_independence_group,LAND SPLIT IS EXPLICIT: 54 ha of which 24 ha biologically cultivated and the remainder preserved forest. Founded 1997. About 30 buildings beside Lake Kivijarvi. This is one of the clearest cultivated/forest baselines in the cohort.,2026-08-28,1.0.0
IC161,Zeleni Kruchi,49.425633,30.869992,Ukraine,FULL,,https://zelenikruchi.in.ua/ | https://ecovillage.org/project/dubravushka | https://ecovillage.org/ | https://ecovillage.org,Zeleni Kruchi,Zeleni Kruchi,no,Zeleni Kruchi; Zeleni Kruchi (Green Slopes); Dubravushka (former name to 2018); Dubravushka eco-settlement,SETTLEMENT,162,single_source_row,1,0.000,"49.425633,30.869992",SINGLE,49.425633,30.869992,HIGH,,UA,UKR,Kyiv Oblast; Boguslav district; Dmytrenky,HIGH,coordinate_gazetteer+gen_page,https://ecovillage.org/project/dubravushka,UA,UNANIMOUS,Bohuslav (13.4 km),https://ecovillage.org,FIXED_GLOBAL_SOURCE,https://ecovillage.org/project/dubravushka,VERIFIED_COMMUNITY_SOURCE,search_index,GEN page is filed under the community's FORMER NAME Dubravushka - the slug /project/dubravushka could not have been guessed from 'Zeleni Kruchi'. Renamed in 2018.,G1,4,1,S3; S4,S3,"[{""url"":""https://zelenikruchi.in.ua/"",""rank"":1,""source_class"":""S4"",""platform_type"":""own website"",""independence_group"":""G1"",""confidence"":""HIGH"",""quality_score"":0.86,""verification"":""search_index"",""evidence"":""Official site""},{""url"":""https://ecovillage.org/project/dubravushka"",""rank"":2,""source_class"":""S3"",""platform_type"":""directory listing"",""independence_group"":""G1"",""confidence"":""HIGH"",""quality_score"":0.76,""verification"":""search_index"",""evidence"":""GEN community page under the pre-2018 name, confirming the rename and the 4 ha plot""},{""url"":""https://ecovillage.org/"",""rank"":3,""source_class"":""S3"",""platform_type"":""directory listing"",""independence_group"":""G1"",""confidence"":""HIGH"",""quality_score"":0.3,""verification"":""search_index"",""evidence"":""Fixed network seed source""},{""url"":""https://ecovillage.org"",""rank"":4,""source_class"":""S3"",""platform_type"":""directory listing"",""independence_group"":""G1"",""confidence"":""HIGH"",""quality_score"":0.1,""verification"":""fixed_global_source"",""evidence"":""Mandatory Global Ecovillage Network network-level seed, present on every row; not evidence that this community is GEN-registered - see gen_community_status""}]",search_index,,,,,COMPLETE,HIGH,yes,single_independence_group,"RENAMED IN 2018 from Dubravushka, which is why the GEN slug does not match the name in the cohort - a second unguessable-slug case. Founded 2012 at Dmytrenky, Boguslav district, Kyiv region. 13 adults and 10 children. About 4 ha permaculture plot. Runs the 'Green Road' project housing internally displaced people since the full-scale invasion, so post-2022 imagery may show rapid new building for wartime reasons rather than growth.",2026-08-28,1.0.0
IC162,Damanhur,45.431012,7.757471,Italy,FULL,,https://damanhur.org/ | https://ecovillage.org/project/damanhur-federation | https://en.wikipedia.org/wiki/Damanhur_(commune) | https://ecovillage.org/ | https://ecovillage.org,Damanhur,Damanhur,no,Damanhur; Federation of Damanhur; Federazione di Damanhur; Damanhur Federation of Communities,SETTLEMENT,163,single_source_row,1,0.000,"45.431012,7.757471",SINGLE,45.431012,7.757471,HIGH,,IT,ITA,Piedmont; Metropolitan City of Turin; Valchiusella / Vidracco,HIGH,coordinate_gazetteer+gen_page,https://ecovillage.org/project/damanhur-federation,IT,UNANIMOUS,Ivrea (10.1 km),https://ecovillage.org,FIXED_GLOBAL_SOURCE,https://ecovillage.org/project/damanhur-federation,VERIFIED_COMMUNITY_SOURCE,search_index,site:ecovillage.org returned the 'Damanhur Federation' project page,G1,5,2,S3; S4,S3,"[{""url"":""https://damanhur.org/"",""rank"":1,""source_class"":""S4"",""platform_type"":""own website"",""independence_group"":""G1"",""confidence"":""HIGH"",""quality_score"":0.88,""verification"":""search_index"",""evidence"":""Official site""},{""url"":""https://ecovillage.org/project/damanhur-federation"",""rank"":2,""source_class"":""S3"",""platform_type"":""directory listing"",""independence_group"":""G1"",""confidence"":""HIGH"",""quality_score"":0.74,""verification"":""search_index"",""evidence"":""Verified GEN project page""},{""url"":""https://en.wikipedia.org/wiki/Damanhur_(commune)"",""rank"":3,""source_class"":""S3"",""platform_type"":""directory listing"",""independence_group"":""G2"",""confidence"":""MEDIUM"",""quality_score"":0.48,""verification"":""search_index"",""evidence"":""Encyclopaedia record - useful only as a bibliography of the substantial independent literature on Damanhur""},{""url"":""https://ecovillage.org/"",""rank"":4,""source_class"":""S3"",""platform_type"":""directory listing"",""independence_group"":""G1"",""confidence"":""HIGH"",""quality_score"":0.3,""verification"":""search_index"",""evidence"":""Fixed network seed source""},{""url"":""https://ecovillage.org"",""rank"":5,""source_class"":""S3"",""platform_type"":""directory listing"",""independence_group"":""G1"",""confidence"":""HIGH"",""quality_score"":0.1,""verification"":""fixed_global_source"",""evidence"":""Mandatory Global Ecovillage Network network-level seed, present on every row; not evidence that this community is GEN-registered - see gen_community_status""}]",search_index,,,,,COMPLETE,HIGH,no,,"One of the largest and oldest in the cohort. Founded 1975 by Oberto Airaudi. SPREAD OVER 1,200+ ACRES of woodland, farmland and residential land in Valchiusella, Piedmont - a federation of many nucleo-communities rather than a single site, so a single coordinate under-represents it and the crawl should expect dispersed built area. Temples of Humankind are underground and will not appear in imagery. Has its own constitution and internal currency.",2026-08-28,1.0.0
IC163,Soheili Village,26.755264,55.787829,Iran,FULL,,https://soheilivillage.com/ | https://www.unwto.org/best-tourism-villages | https://ecovillage.org/ | https://ecovillage.org,Soheili Village,Soheili Village,no,Soheili Village; Soheili; Sohaili; Roostaye Soheili,SETTLEMENT,164,single_source_row,1,0.000,"26.755264,55.787829",SINGLE,26.755264,55.787829,HIGH,,IR,IRN,Hormozgan; Qeshm Island; Soheili,HIGH,coordinate_gazetteer+official_site,https://soheilivillage.com/,IR,MAJORITY,Bandar-e Khamīr (29.7 km),https://ecovillage.org,FIXED_GLOBAL_SOURCE,,NOT_FOUND,search_index_negative,"site:ecovillage.org searched under Soheili, Soheili Village and Qeshm; no GEN community page returned",G1,4,2,S2; S3; S4,S2,"[{""url"":""https://soheilivillage.com/"",""rank"":1,""source_class"":""S4"",""platform_type"":""own website"",""independence_group"":""G1"",""confidence"":""MEDIUM"",""quality_score"":0.72,""verification"":""search_index"",""evidence"":""Village ecotourism site""},{""url"":""https://www.unwto.org/best-tourism-villages"",""rank"":2,""source_class"":""S2"",""platform_type"":""other"",""independence_group"":""G2"",""confidence"":""MEDIUM"",""quality_score"":0.58,""verification"":""search_index"",""evidence"":""UN Tourism Best Tourism Villages programme - the 2025 designation is an institutional record independent of the village""},{""url"":""https://ecovillage.org/"",""rank"":3,""source_class"":""S3"",""platform_type"":""directory listing"",""independence_group"":""G1"",""confidence"":""HIGH"",""quality_score"":0.3,""verification"":""search_index"",""evidence"":""Fixed network seed source""},{""url"":""https://ecovillage.org"",""rank"":4,""source_class"":""S3"",""platform_type"":""directory listing"",""independence_group"":""G1"",""confidence"":""HIGH"",""quality_score"":0.1,""verification"":""fixed_global_source"",""evidence"":""Mandatory Global Ecovillage Network network-level seed, present on every row; not evidence that this community is GEN-registered - see gen_community_status""}]",search_index,,,,,COMPLETE,MEDIUM,yes,identity_confidence_below_high,"DUPLICATE-IDENTITY FLAG: this is very probably the same place as seq 1 'Soheili Village_Hara' in this cohort. Both rows are preserved per the no-deletion rule, but a coder should treat them as one site or explain the split. Soheili is on Qeshm Island, Hormozgan, beside the Hara (mangrove) protected area - which is what the '_Hara' suffix on seq 1 refers to. Named a UN Tourism (UNWTO) Best Tourism Village in 2025. This is a traditional village with an ecotourism programme rather than an intentional community founded from scratch, so 'ecovillage' here means a designated eco-village, a different category from most of the cohort.",2026-08-28,1.0.0
IC164,Land van Aine,52.867512,7.088633,Netherlands,FULL,,https://www.ecodorplandvanaine.nl/ | https://www.interregeurope.eu/good-practices | https://ecovillage.org/ | https://ecovillage.org,Land van Aine,Land van Aine,no,Land van Aine; Ecodorp Land van Aine; Land van Aine Ter Apel,SETTLEMENT,165,single_source_row,1,0.000,"52.867512,7.088633",SINGLE,52.867512,7.088633,HIGH,,NL,NLD,Groningen; Westerwolde; Ter Apel,HIGH,coordinate_gazetteer+official_site,https://www.ecodorplandvanaine.nl/,NL,SPLIT,Haren (13.2 km),https://ecovillage.org,FIXED_GLOBAL_SOURCE,,NOT_FOUND,search_index_negative,site:ecovillage.org searched under Land van Aine and Ecodorp Land van Aine; no GEN community page returned,G1,4,2,S2; S3; S4,S2,"[{""url"":""https://www.ecodorplandvanaine.nl/"",""rank"":1,""source_class"":""S4"",""platform_type"":""own website"",""independence_group"":""G1"",""confidence"":""HIGH"",""quality_score"":0.88,""verification"":""search_index"",""evidence"":""Official site""},{""url"":""https://www.interregeurope.eu/good-practices"",""rank"":2,""source_class"":""S2"",""platform_type"":""other"",""independence_group"":""G2"",""confidence"":""MEDIUM"",""quality_score"":0.6,""verification"":""search_index"",""evidence"":""Interreg Europe good-practice database record - an EU institutional source independent of the community""},{""url"":""https://ecovillage.org/"",""rank"":3,""source_class"":""S3"",""platform_type"":""directory listing"",""independence_group"":""G1"",""confidence"":""HIGH"",""quality_score"":0.3,""verification"":""search_index"",""evidence"":""Fixed network seed source""},{""url"":""https://ecovillage.org"",""rank"":4,""source_class"":""S3"",""platform_type"":""directory listing"",""independence_group"":""G1"",""confidence"":""HIGH"",""quality_score"":0.1,""verification"":""fixed_global_source"",""evidence"":""Mandatory Global Ecovillage Network network-level seed, present on every row; not evidence that this community is GEN-registered - see gen_community_status""}]",search_index,,,,,COMPLETE,HIGH,yes,gazetteer_split,"COUNTRY RESOLVED: the gazetteer vote was split NL/DE because Ter Apel sits on the German border; the official site and the Interreg record both place it in Groningen, NETHERLANDS. Built on a FORMER POTATO STARCH FACTORY - a 9.5 ha industrial brownfield - with work since 2018. 50-65 residents including about 25 children. A food forest has been planted. The pre-2018 imagery therefore shows industrial buildings and hardstanding, not farmland; expect de-paving rather than land clearance.",2026-08-28,1.0.0
IC165,Bali Ecovillage,-8.268028,115.249245,Indonesia,FULL,,https://ecovillage.org/ | https://ecovillage.org,Bali Ecovillage,Bali Ecovillage,no,Bali Ecovillage,SETTLEMENT,166,single_source_row,1,0.000,"-8.268028,115.249245",SINGLE,-8.268028,115.249245,HIGH,,ID,IDN,Bali,HIGH,coordinate_gazetteer,coordinate gazetteer vote,ID,UNANIMOUS,Singaraja (24.8 km),https://ecovillage.org,FIXED_GLOBAL_SOURCE,,NOT_FOUND,search_index_negative,"site:ecovillage.org searched for 'Bali Ecovillage'; GEN lists other Bali communities (Inspirement Village, Alaya Ecolodge, Mandala Eco-Village) but nothing under this name",G1,2,1,S3,S3,"[{""url"":""https://ecovillage.org/"",""rank"":1,""source_class"":""S3"",""platform_type"":""directory listing"",""independence_group"":""G1"",""confidence"":""HIGH"",""quality_score"":0.3,""verification"":""search_index"",""evidence"":""Fixed network seed source""},{""url"":""https://ecovillage.org"",""rank"":2,""source_class"":""S3"",""platform_type"":""directory listing"",""independence_group"":""G1"",""confidence"":""HIGH"",""quality_score"":0.1,""verification"":""fixed_global_source"",""evidence"":""Mandatory Global Ecovillage Network network-level seed, present on every row; not evidence that this community is GEN-registered - see gen_community_status""}]",search_index,,,,,COMPLETE,LOW,yes,thin_source_set; single_independence_group; identity_confidence_below_high,"IDENTITY UNRESOLVED - REVIEW REQUIRED. 'Bali Ecovillage' is a generic label and no single organisation was found using it as its own name. GEN lists several distinct Bali communities and none matches. No official site was confirmed. The coordinate is trusted (it is the only signal here) but the NAME cannot be tied to a specific organisation, so no community-specific URL is recorded rather than attaching a plausible-looking Bali project. A human coder must identify this site from the coordinate before any source is accepted.",2026-08-28,1.0.0
IC166,Pun Pun,19.214646,99.012448,Thailand,FULL,,https://www.punpunthailand.org/ | https://ecovillage.org/project/pun-pun | https://ecovillage.org/ | https://ecovillage.org,Pun Pun,Pun Pun,no,Pun Pun; Pun Pun Organic Farm; Punpun; Pun Pun Center for Self-Reliance,SETTLEMENT,167,single_source_row,1,0.000,"19.214646,99.012448",SINGLE,19.214646,99.012448,HIGH,,TH,THA,Chiang Mai; Mae Taeng,HIGH,coordinate_gazetteer+gen_page,https://ecovillage.org/project/pun-pun,TH,UNANIMOUS,Chiang Mai (47.3 km),https://ecovillage.org,FIXED_GLOBAL_SOURCE,https://ecovillage.org/project/pun-pun,VERIFIED_COMMUNITY_SOURCE,search_index,site:ecovillage.org returned the 'Pun Pun' project page,G1,4,1,S3; S4,S3,"[{""url"":""https://www.punpunthailand.org/"",""rank"":1,""source_class"":""S4"",""platform_type"":""own website"",""independence_group"":""G1"",""confidence"":""HIGH"",""quality_score"":0.88,""verification"":""search_index"",""evidence"":""Official site""},{""url"":""https://ecovillage.org/project/pun-pun"",""rank"":2,""source_class"":""S3"",""platform_type"":""directory listing"",""independence_group"":""G1"",""confidence"":""HIGH"",""quality_score"":0.74,""verification"":""search_index"",""evidence"":""Verified GEN project page with the 2003 founding and the Mae Taeng location""},{""url"":""https://ecovillage.org/"",""rank"":3,""source_class"":""S3"",""platform_type"":""directory listing"",""independence_group"":""G1"",""confidence"":""HIGH"",""quality_score"":0.3,""verification"":""search_index"",""evidence"":""Fixed network seed source""},{""url"":""https://ecovillage.org"",""rank"":4,""source_class"":""S3"",""platform_type"":""directory listing"",""independence_group"":""G1"",""confidence"":""HIGH"",""quality_score"":0.1,""verification"":""fixed_global_source"",""evidence"":""Mandatory Global Ecovillage Network network-level seed, present on every row; not evidence that this community is GEN-registered - see gen_community_status""}]",search_index,,,,,COMPLETE,HIGH,yes,single_independence_group,"Founded July 2003 by Jon Jandai and Peggy Reents at Mae Taeng, about 50 km north of Chiang Mai. A seed-saving centre and natural-building school; roughly 30 people. Widely covered in the natural-building and seed-sovereignty literature, so academic sources are likely to exist beyond what this pass found.",2026-08-28,1.0.0
IC167,Neot Semadar,30.048671,35.026633,Israel,FULL,,https://www.neot-semadar.com/ | https://www.unwto.org/best-tourism-villages | https://ecovillage.org/ | https://ecovillage.org,Neot Semadar,Neot Semadar,no,Neot Semadar; Neot Smadar; Kibbutz Neot Semadar; Kibbutz Neot Smadar,SETTLEMENT,168,single_source_row,1,0.000,"30.048671,35.026633",SINGLE,30.048671,35.026633,HIGH,,IL,ISR,Southern District; Arava / Negev; Neot Semadar,MEDIUM,coordinate_gazetteer+official_site,https://www.neot-semadar.com/,JO,SPLIT,Eilat (55.1 km),https://ecovillage.org,FIXED_GLOBAL_SOURCE,,NOT_FOUND,search_index_negative,"site:ecovillage.org searched; only a /t/kibbutz/ tag page and an article mentioning the kibbutz were returned, not a community profile page. A tag page is not a community page and is not recorded as one.",G1,4,2,S2; S3; S4,S2,"[{""url"":""https://www.neot-semadar.com/"",""rank"":1,""source_class"":""S4"",""platform_type"":""own website"",""independence_group"":""G1"",""confidence"":""HIGH"",""quality_score"":0.88,""verification"":""search_index"",""evidence"":""Official site""},{""url"":""https://www.unwto.org/best-tourism-villages"",""rank"":2,""source_class"":""S2"",""platform_type"":""other"",""independence_group"":""G2"",""confidence"":""MEDIUM"",""quality_score"":0.56,""verification"":""search_index"",""evidence"":""UN Tourism Best Tourism Villages 2025 designation - institutional and independent of the kibbutz""},{""url"":""https://ecovillage.org/"",""rank"":3,""source_class"":""S3"",""platform_type"":""directory listing"",""independence_group"":""G1"",""confidence"":""HIGH"",""quality_score"":0.3,""verification"":""search_index"",""evidence"":""Fixed network seed source""},{""url"":""https://ecovillage.org"",""rank"":4,""source_class"":""S3"",""platform_type"":""directory listing"",""independence_group"":""G1"",""confidence"":""HIGH"",""quality_score"":0.1,""verification"":""fixed_global_source"",""evidence"":""Mandatory Global Ecovillage Network network-level seed, present on every row; not evidence that this community is GEN-registered - see gen_community_status""}]",search_index,,,,,COMPLETE,HIGH,yes,country_corrected_from_gazetteer; gazetteer_split,"country corrected from the gazetteer's Jordan to Israel on published evidence; the nearest large town lies across a border, a coast or a lake | Established 1989 in the southern Negev / Arava, about 60 km north of Eilat. 90 adult members, 70 children and roughly 50 volunteers. DESERT AGRICULTURE ON RECYCLED WATER - organic orchards, a winery and olive oil - so the vegetation signal against bare desert should be unusually sharp and is irrigation-driven. UN Tourism Best Tourism Village 2025. The Art Centre building is a landmark.",2026-08-28,1.0.0
IC168,Witchcliffe Ecovillage,-34.024552,115.104041,Australia,FULL,,https://ecovillage.net.au/ | https://ecovillage.org/ecovillage/witchcliffe-ecovillage/ | https://www.amrshire.wa.gov.au/ | https://udia.com.au/ | https://ecovillage.org/ | https://ecovillage.org,Witchcliffe Ecovillage,Witchcliffe Ecovillage,no,Witchcliffe Ecovillage; The Witchcliffe Ecovillage; Witchcliffe,SETTLEMENT,169,single_source_row,1,0.000,"-34.024552,115.104041",SINGLE,-34.024552,115.104041,HIGH,,AU,AUS,Western Australia; Shire of Augusta-Margaret River; Witchcliffe,HIGH,coordinate_gazetteer+gen_page,https://ecovillage.org/ecovillage/witchcliffe-ecovillage/,AU,UNANIMOUS,Busselton (47.0 km),https://ecovillage.org,FIXED_GLOBAL_SOURCE,https://ecovillage.org/ecovillage/witchcliffe-ecovillage/,VERIFIED_COMMUNITY_SOURCE,search_index,site:ecovillage.org returned 'Witchcliffe Ecovillage - Global Ecovillage Network',G1,6,3,S2; S3; S4,S2,"[{""url"":""https://ecovillage.net.au/"",""rank"":1,""source_class"":""S4"",""platform_type"":""own website"",""independence_group"":""G1"",""confidence"":""HIGH"",""quality_score"":0.88,""verification"":""search_index"",""evidence"":""Official site""},{""url"":""https://ecovillage.org/ecovillage/witchcliffe-ecovillage/"",""rank"":2,""source_class"":""S3"",""platform_type"":""directory listing"",""independence_group"":""G1"",""confidence"":""HIGH"",""quality_score"":0.74,""verification"":""search_index"",""evidence"":""Verified GEN community page""},{""url"":""https://www.amrshire.wa.gov.au/"",""rank"":3,""source_class"":""S2"",""platform_type"":""other"",""independence_group"":""G2"",""confidence"":""MEDIUM"",""quality_score"":0.62,""verification"":""search_index"",""evidence"":""Shire of Augusta-Margaret River - the local planning authority that approved the staged subdivision; the structure-plan and approval documents are the independent institutional record""},{""url"":""https://udia.com.au/"",""rank"":4,""source_class"":""S2"",""platform_type"":""other"",""independence_group"":""G3"",""confidence"":""MEDIUM"",""quality_score"":0.52,""verification"":""search_index"",""evidence"":""Urban Development Institute of Australia - awarded national Project of the Year 2024, an industry record independent of the developer""},{""url"":""https://ecovillage.org/"",""rank"":5,""source_class"":""S3"",""platform_type"":""directory listing"",""independence_group"":""G1"",""confidence"":""HIGH"",""quality_score"":0.3,""verification"":""search_index"",""evidence"":""Fixed network seed source""},{""url"":""https://ecovillage.org"",""rank"":6,""source_class"":""S3"",""platform_type"":""directory listing"",""independence_group"":""G1"",""confidence"":""HIGH"",""quality_score"":0.1,""verification"":""fixed_global_source"",""evidence"":""Mandatory Global Ecovillage Network network-level seed, present on every row; not evidence that this community is GEN-registered - see gen_community_status""}]",search_index,,,,,COMPLETE,HIGH,no,,"STRONG DOCUMENTARY CASE: 120 ha of farmland PURCHASED IN 2010 in a 50/50 joint venture, then developed as a staged subdivision - so there is a planning-approval paper trail with the Shire of Augusta-Margaret River and the WA Planning Commission. Self-sufficient in renewable energy, water and food. About 150 residents. UDIA national Project of the Year 2024. The 2010 purchase date gives a clean pre-development baseline.",2026-08-28,1.0.0
IC169,Almost Heaven Farms,26.885190,88.043108,Nepal,FULL,,https://ecovillage.org/project/almost-heaven-farms/ | https://www.goodmarket.global/almostheavenfarms | https://ecovillage.org/ | https://ecovillage.org,Almost Heaven Farms,Almost Heaven Farms,no,Almost Heaven Farms; AHF; Almost Heaven Farm,SETTLEMENT,170,single_source_row,1,0.000,"26.885190,88.043108",SINGLE,26.885190,88.043108,HIGH,,NP,NPL,Koshi Province; Ilam,MEDIUM,official_source_overrides_gazetteer,https://ecovillage.org/project/almost-heaven-farms/,IN,SPLIT,Ilām (11.7 km),https://ecovillage.org,FIXED_GLOBAL_SOURCE,https://ecovillage.org/project/almost-heaven-farms/,VERIFIED_COMMUNITY_SOURCE,search_index,"site:ecovillage.org returned 'Almost Heaven Farms - Global Ecovillage Network'; the GEN text places the farm at Ilam, Nepal",G1,4,2,S3,S3,"[{""url"":""https://ecovillage.org/project/almost-heaven-farms/"",""rank"":1,""source_class"":""S3"",""platform_type"":""directory listing"",""independence_group"":""G1"",""confidence"":""HIGH"",""quality_score"":0.74,""verification"":""search_index"",""evidence"":""Verified GEN project page; the source that establishes Nepal rather than India""},{""url"":""https://www.goodmarket.global/almostheavenfarms"",""rank"":2,""source_class"":""S3"",""platform_type"":""directory listing"",""independence_group"":""G2"",""confidence"":""MEDIUM"",""quality_score"":0.56,""verification"":""search_index"",""evidence"":""Good Market vetted-enterprise listing - Good Market screens applicants, so this is a light verification independent of GEN""},{""url"":""https://ecovillage.org/"",""rank"":3,""source_class"":""S3"",""platform_type"":""directory listing"",""independence_group"":""G1"",""confidence"":""HIGH"",""quality_score"":0.3,""verification"":""search_index"",""evidence"":""Fixed network seed source""},{""url"":""https://ecovillage.org"",""rank"":4,""source_class"":""S3"",""platform_type"":""directory listing"",""independence_group"":""G1"",""confidence"":""HIGH"",""quality_score"":0.1,""verification"":""fixed_global_source"",""evidence"":""Mandatory Global Ecovillage Network network-level seed, present on every row; not evidence that this community is GEN-registered - see gen_community_status""}]",search_index,,,,,COMPLETE,HIGH,yes,country_corrected_from_gazetteer; gazetteer_split,"country corrected from the gazetteer's India to Nepal on published evidence; the nearest large town lies across a border, a coast or a lake | COUNTRY CORRECTED: the gazetteer vote split and returned INDIA, because the coordinate sits within a few kilometres of the Mechi border and the nearest large towns are in Darjeeling and Sikkim. GEN, Good Market and the local business record all place the farm in ILAM, NEPAL ('108 Buddhanagar, Ilam'), so Nepal is taken on published evidence rather than on the vote. Established 2013 as a permaculture demonstration, training and research centre in the eastern Himalayan hills. Works with surrounding smallholders on regenerative agriculture, so the land-cover change of interest may extend beyond the farm boundary onto neighbouring farms.",2026-08-28,1.0.0
IC170,Baireni Ecovillage,26.981135,86.533428,Nepal,FULL,,https://www.researchgate.net/publication/310302840_Socio-economic_and_technological_transformation_in_ecovillage_Baireni_Udayapur | https://ecovillage.org/ecovillage/baireni-ecovillage/ | https://ecovillage.org/project/baireni-ecovillage/ | https://ecovillage.org/ | https://ecovillage.org,Baireni Ecovillage,Baireni Ecovillage,no,"Baireni Ecovillage; Ecovillage Baireni; Baireni, Udayapur; Rajabas Baireni",SETTLEMENT,171,single_source_row,1,0.000,"26.981135,86.533428",SINGLE,26.981135,86.533428,HIGH,,NP,NPL,Koshi Province; Udayapur; Triyuga Municipality; Rajabas / Gaighat,HIGH,coordinate_gazetteer+gen_page+academic,https://ecovillage.org/ecovillage/baireni-ecovillage/,NP,MAJORITY,Triyuga (26.7 km),https://ecovillage.org,FIXED_GLOBAL_SOURCE,https://ecovillage.org/ecovillage/baireni-ecovillage/,VERIFIED_COMMUNITY_SOURCE,search_index,"site:ecovillage.org returned 'Baireni Ecovillage'; the same record is reachable under BOTH /ecovillage/baireni-ecovillage/ and /project/baireni-ecovillage/ - GEN serves some communities on two paths, which the crawler should treat as one page, not two sources",G1,5,2,S1; S3,S1,"[{""url"":""https://www.researchgate.net/publication/310302840_Socio-economic_and_technological_transformation_in_ecovillage_Baireni_Udayapur"",""rank"":1,""source_class"":""S1"",""platform_type"":""other"",""independence_group"":""G2"",""confidence"":""HIGH"",""quality_score"":0.92,""verification"":""search_index"",""evidence"":""Peer-reviewed study 'Socio-economic and technological transformation in ecovillage Baireni, Udayapur' - independent academic assessment of this exact site""},{""url"":""https://ecovillage.org/ecovillage/baireni-ecovillage/"",""rank"":2,""source_class"":""S3"",""platform_type"":""directory listing"",""independence_group"":""G1"",""confidence"":""HIGH"",""quality_score"":0.74,""verification"":""search_index"",""evidence"":""Verified GEN community page""},{""url"":""https://ecovillage.org/project/baireni-ecovillage/"",""rank"":3,""source_class"":""S3"",""platform_type"":""directory listing"",""independence_group"":""G1"",""confidence"":""MEDIUM"",""quality_score"":0.6,""verification"":""search_index"",""evidence"":""Same GEN record on GEN's alternate /project/ path - recorded so the crawler recognises it as a duplicate rather than a second source""},{""url"":""https://ecovillage.org/"",""rank"":4,""source_class"":""S3"",""platform_type"":""directory listing"",""independence_group"":""G1"",""confidence"":""HIGH"",""quality_score"":0.3,""verification"":""search_index"",""evidence"":""Fixed network seed source""},{""url"":""https://ecovillage.org"",""rank"":5,""source_class"":""S3"",""platform_type"":""directory listing"",""independence_group"":""G1"",""confidence"":""HIGH"",""quality_score"":0.1,""verification"":""fixed_global_source"",""evidence"":""Mandatory Global Ecovillage Network network-level seed, present on every row; not evidence that this community is GEN-registered - see gen_community_status""}]",search_index,,,,,COMPLETE,HIGH,no,,"DISAMBIGUATION: there are several places called Baireni in Nepal (Dhading, Chitwan). This one is in TRIYUGA MUNICIPALITY, RAJABAS, UDAYAPUR, near Gaighat - which is what the coordinate matches. NOT the Dhading Baireni. One of five villages in Dr Rajbhandari's programme converting existing traditional villages to ecovillages on a bio-intensive farming model - so this is a RETROFIT of an existing settlement, not a new build, and imagery will show incremental change (biogas plants, improved stoves and toilets, micro-irrigation, animal sheds) rather than new construction. A peer-reviewed study of exactly this transformation exists and is the strongest source in the record.",2026-08-28,1.0.0
IC171,Blue Star Tapovan Trinidad,10.349735,-61.452866,Trinidad and Tobago,FULL,,https://www.blue-star.org/tapovan/ | https://ecovillage.org/project/blue-star-tapovan-trinidad/ | https://www.blue-star.org/vrindavan-story/ | https://www.facebook.com/TapovanEcoProject/ | https://ecovillage.org/ | https://ecovillage.org,Blue Star Tapovan Trinidad,Blue Star Tapovan Trinidad,no,Blue Star Tapovan Trinidad; Tapovan; Tapovan TT; Tapovan Ecological Project; Vrindavan Eco Village of Blue Star,SETTLEMENT,172,single_source_row,1,0.000,"10.349735,-61.452866",SINGLE,10.349735,-61.452866,HIGH,,TT,TTO,Couva-Tabaquite-Talparo; Montserrat Hills; Brasso Venado,HIGH,coordinate_gazetteer+gen_page,https://ecovillage.org/project/blue-star-tapovan-trinidad/,TT,UNANIMOUS,Marabella (4.9 km),https://ecovillage.org,FIXED_GLOBAL_SOURCE,https://ecovillage.org/project/blue-star-tapovan-trinidad/,VERIFIED_COMMUNITY_SOURCE,search_index,site:ecovillage.org returned 'Blue Star Tapovan Trinidad - Global Ecovillage Network',G1,6,1,S3; S4; S7,S3,"[{""url"":""https://www.blue-star.org/tapovan/"",""rank"":1,""source_class"":""S4"",""platform_type"":""own website"",""independence_group"":""G1"",""confidence"":""HIGH"",""quality_score"":0.88,""verification"":""search_index"",""evidence"":""Official Tapovan Ecological Project page - carries the 51 acres and the 2009/2012 purchase dates""},{""url"":""https://www.blue-star.org/vrindavan-story/"",""rank"":3,""source_class"":""S4"",""platform_type"":""own website"",""independence_group"":""G1"",""confidence"":""HIGH"",""quality_score"":0.7,""verification"":""search_index"",""evidence"":""Official history of the Trinidad site""},{""url"":""https://ecovillage.org/project/blue-star-tapovan-trinidad/"",""rank"":2,""source_class"":""S3"",""platform_type"":""directory listing"",""independence_group"":""G1"",""confidence"":""HIGH"",""quality_score"":0.72,""verification"":""search_index"",""evidence"":""Verified GEN project page""},{""url"":""https://www.facebook.com/TapovanEcoProject/"",""rank"":4,""source_class"":""S7"",""platform_type"":""Facebook"",""independence_group"":""G1"",""confidence"":""MEDIUM"",""quality_score"":0.4,""verification"":""search_index"",""evidence"":""Community's own Facebook page, posting dated field work - useful only as change-over-time imagery""},{""url"":""https://ecovillage.org/"",""rank"":5,""source_class"":""S3"",""platform_type"":""directory listing"",""independence_group"":""G1"",""confidence"":""HIGH"",""quality_score"":0.3,""verification"":""search_index"",""evidence"":""Fixed network seed source""},{""url"":""https://ecovillage.org"",""rank"":6,""source_class"":""S3"",""platform_type"":""directory listing"",""independence_group"":""G1"",""confidence"":""HIGH"",""quality_score"":0.1,""verification"":""fixed_global_source"",""evidence"":""Mandatory Global Ecovillage Network network-level seed, present on every row; not evidence that this community is GEN-registered - see gen_community_status""}]",search_index,,,,,COMPLETE,HIGH,yes,single_independence_group,"DATED LAND ACQUISITION: just over 51 ACRES at Brasso Venado in the Montserrat Hills, bought in TWO tranches, 2009 and 2012 - a clean two-step baseline. The land is tropical rainforest plus a FORMER COCOA, COFFEE AND CITRUS PLANTATION, so 'reforestation' here is partly abandoned-plantation succession and should not be read as new planting without care. ADMIN NOTE: the cohort coordinate falls nearer Marabella than Brasso Venado, roughly 10 km west of the stated location - treat the coordinate as approximate. Name from Sanskrit tapo (spiritual practice) + vana (forest).",2026-08-28,1.0.0
IC172,Chambalabamba,-4.274831,-79.203292,Ecuador,FULL,,https://chambalabamba.org/ | https://ecovillage.org/project/chambalabamba-2/ | https://www.spiritualityhealth.com/articles/2018/08/27/welcome-to-chambala-bamba | https://www.ic.org/directory/shambalabamba/ | https://www.idealist.org/en/nonprofit/c2ced085d3d4446e9d228e9238fd7480-chambalabamba-vilcabamba | https://ecovillage.org/ | https://ecovillage.org,Chambalabamba,Chambalabamba,no,Chambalabamba; Chambala Bamba; Shambalabamba (the spelling used by the Foundation for Intentional Community); Chambalabamba Vilcabamba,SETTLEMENT,173,single_source_row,1,0.000,"-4.274831,-79.203292",SINGLE,-4.274831,-79.203292,HIGH,,EC,ECU,Loja Province; Loja Canton; Vilcabamba,HIGH,coordinate_gazetteer+gen_page,https://ecovillage.org/project/chambalabamba-2/,EC,UNANIMOUS,Loja (31.3 km),https://ecovillage.org,FIXED_GLOBAL_SOURCE,https://ecovillage.org/project/chambalabamba-2/,VERIFIED_COMMUNITY_SOURCE,search_index,site:ecovillage.org returned the community page at the slug /project/chambalabamba-2/ - the trailing '-2' is a GEN-internal disambiguator and could not have been derived from the name,G1,7,3,S3; S4; S6,S3,"[{""url"":""https://chambalabamba.org/"",""rank"":1,""source_class"":""S4"",""platform_type"":""own website"",""independence_group"":""G1"",""confidence"":""HIGH"",""quality_score"":0.86,""verification"":""search_index"",""evidence"":""Official site""},{""url"":""https://ecovillage.org/project/chambalabamba-2/"",""rank"":2,""source_class"":""S3"",""platform_type"":""directory listing"",""independence_group"":""G1"",""confidence"":""HIGH"",""quality_score"":0.74,""verification"":""search_index"",""evidence"":""Verified GEN project page with the 6 ha figure and the December 2012 founding""},{""url"":""https://www.ic.org/directory/shambalabamba/"",""rank"":4,""source_class"":""S3"",""platform_type"":""directory listing"",""independence_group"":""G1"",""confidence"":""MEDIUM"",""quality_score"":0.5,""verification"":""search_index"",""evidence"":""Foundation for Intentional Community directory record, filed under the variant spelling 'shambalabamba'""},{""url"":""https://www.idealist.org/en/nonprofit/c2ced085d3d4446e9d228e9238fd7480-chambalabamba-vilcabamba"",""rank"":5,""source_class"":""S3"",""platform_type"":""directory listing"",""independence_group"":""G2"",""confidence"":""MEDIUM"",""quality_score"":0.46,""verification"":""search_index"",""evidence"":""Idealist non-profit record""},{""url"":""https://www.spiritualityhealth.com/articles/2018/08/27/welcome-to-chambala-bamba"",""rank"":3,""source_class"":""S6"",""platform_type"":""news outlet"",""independence_group"":""G3"",""confidence"":""MEDIUM"",""quality_score"":0.54,""verification"":""search_index"",""evidence"":""Dated 2018 magazine feature written from a visit - independent journalism""},{""url"":""https://ecovillage.org/"",""rank"":6,""source_class"":""S3"",""platform_type"":""directory listing"",""independence_group"":""G1"",""confidence"":""HIGH"",""quality_score"":0.3,""verification"":""search_index"",""evidence"":""Fixed network seed source""},{""url"":""https://ecovillage.org"",""rank"":7,""source_class"":""S3"",""platform_type"":""directory listing"",""independence_group"":""G1"",""confidence"":""HIGH"",""quality_score"":0.1,""verification"":""fixed_global_source"",""evidence"":""Mandatory Global Ecovillage Network network-level seed, present on every row; not evidence that this community is GEN-registered - see gen_community_status""}]",search_index,,,,,COMPLETE,HIGH,no,,"SPELLING VARIANT MATTERS: the Foundation for Intentional Community files this community under 'shambalabamba', so a name-only search misses that directory record. Founded December 2012 in the Vilcabamba valley, Loja, between Vilcabamba and Podocarpus National Park. 6 HECTARES of flat Andean land beside the Chamba River, assembled by buying adjacent properties - so the parcel boundary GREW over time and a single early boundary will understate it. Built features are light and largely non-permanent (6 teepees, a 12 m open-sided malokka, dry toilets, a swimming pond), which will read faintly in imagery; the clearer signals are the vegetable gardens, cultivated fields and fruit trees.",2026-08-28,1.0.0
IC173,Chanchos de Monte,10.793327,-84.393727,Costa Rica,FULL,,https://ecovillage.org/ecovillage/chanchos-de-monte/ | https://seedsforecocommunities.org/list-of-eco-communities | https://ecovillage.org/ | https://ecovillage.org,Chanchos de Monte,Chanchos de Monte,no,Chanchos de Monte; Ecoaldea Chanchos de Monte; Chanchos de Monte Las Nubes,SETTLEMENT,174,single_source_row,1,0.000,"10.793327,-84.393727",SINGLE,10.793327,-84.393727,HIGH,,CR,CRI,"CONFLICT - see notes; GEN gives Las Nubes de Abangares, Guanacaste; the coordinate falls in Alajuela near Ciudad Quesada",HIGH,coordinate_gazetteer+gen_page,https://ecovillage.org/ecovillage/chanchos-de-monte/,CR,UNANIMOUS,Quesada (52.1 km),https://ecovillage.org,FIXED_GLOBAL_SOURCE,https://ecovillage.org/ecovillage/chanchos-de-monte/,VERIFIED_COMMUNITY_SOURCE,search_index,site:ecovillage.org returned 'Chanchos de Monte - Global Ecovillage Network',G1,4,2,S3,S3,"[{""url"":""https://ecovillage.org/ecovillage/chanchos-de-monte/"",""rank"":1,""source_class"":""S3"",""platform_type"":""directory listing"",""independence_group"":""G1"",""confidence"":""HIGH"",""quality_score"":0.72,""verification"":""search_index"",""evidence"":""Verified GEN community page - the only located record found; carries the 1 ha / 40% cloud forest figure and the Las Nubes de Abangares address""},{""url"":""https://seedsforecocommunities.org/list-of-eco-communities"",""rank"":2,""source_class"":""S3"",""platform_type"":""directory listing"",""independence_group"":""G2"",""confidence"":""LOW"",""quality_score"":0.34,""verification"":""search_index"",""evidence"":""Seeds for Eco Communities list - a cross-check that the community exists outside GEN, but not a located record""},{""url"":""https://ecovillage.org/"",""rank"":3,""source_class"":""S3"",""platform_type"":""directory listing"",""independence_group"":""G1"",""confidence"":""HIGH"",""quality_score"":0.3,""verification"":""search_index"",""evidence"":""Fixed network seed source""},{""url"":""https://ecovillage.org"",""rank"":4,""source_class"":""S3"",""platform_type"":""directory listing"",""independence_group"":""G1"",""confidence"":""HIGH"",""quality_score"":0.1,""verification"":""fixed_global_source"",""evidence"":""Mandatory Global Ecovillage Network network-level seed, present on every row; not evidence that this community is GEN-registered - see gen_community_status""}]",search_index,,,,,COMPLETE,MEDIUM,yes,identity_confidence_below_high,"LOCATION CONFLICT - REVIEW REQUIRED. The GEN record places the ecoaldea at LAS NUBES DE ABANGARES, 3 km north of the Santa Elena plaza (the Monteverde area, roughly 10.3N 84.8W). The cohort coordinate is at 10.79N 84.39W, near Ciudad Quesada in Alajuela - about 75 km north-east. Both are in Costa Rica so the country is not in doubt, but the SITE is: a coder must decide which point to crawl before any land-cover reading is trusted. Also note the name is a common Costa Rican term for the white-lipped peccary (Tayassu pecari), so most search hits are wildlife literature rather than this community. Small: about ONE HECTARE, of which 40% is cloud forest with water sources - at that size the parcel may be near the limit of what a coarse land-cover product can resolve. As of 2019 the community was still defining its governance and site plan and had not yet built its operations centre.",2026-08-28,1.0.0
IC174,Ecovila Piracanga,-14.214697,-38.995034,Brazil,FULL,,https://www.scielo.br/j/sn/a/9GkN4p77pSDchJcnpLhVR4j/abstract/?lang=pt | https://www.ecovilapiracanga.com.br/ | https://www.redalyc.org/journal/3213/321355044007/html/ | https://ecovillage.org/project/ecovila-piracanga/ | https://ecovillage.org/hildur-jackson-award-2021-finalists/piracanga-centro-de-permacultura/ | https://ecovillage.org/ | https://ecovillage.org,Ecovila Piracanga,Ecovila Piracanga,no,Ecovila Piracanga; Piracanga; Piracanga Ecovillage; Inkiri Piracanga; Comunidade Inkiri; Piracanga Centro de Permacultura,SETTLEMENT,175,single_source_row,1,0.000,"-14.214697,-38.995034",SINGLE,-14.214697,-38.995034,HIGH,,BR,BRA,"Bahia; Marau; Peninsula de Marau, between Itacare and Algodoes",HIGH,coordinate_gazetteer+gen_page+academic,https://ecovillage.org/project/ecovila-piracanga/,BR,UNANIMOUS,Itacaré (7.1 km),https://ecovillage.org,FIXED_GLOBAL_SOURCE,https://ecovillage.org/project/ecovila-piracanga/,VERIFIED_COMMUNITY_SOURCE,search_index,site:ecovillage.org returned 'Ecovila Piracanga'; GEN also carries a Hildur Jackson Award 2021 finalist page and an interview with Bruno Tambellini of Piracanga,G1,7,2,S1; S3; S4,S1,"[{""url"":""https://www.scielo.br/j/sn/a/9GkN4p77pSDchJcnpLhVR4j/abstract/?lang=pt"",""rank"":1,""source_class"":""S1"",""platform_type"":""other"",""independence_group"":""G2"",""confidence"":""HIGH"",""quality_score"":0.94,""verification"":""search_index"",""evidence"":""Peer-reviewed article in Sociedade & Natureza, 'Ecovila como alternativa de organizacao socioambiental sustentavel: uma avaliacao de Piracanga, Bahia' - an independent scholarly assessment of this exact site, open access on SciELO""},{""url"":""https://www.redalyc.org/journal/3213/321355044007/html/"",""rank"":3,""source_class"":""S1"",""platform_type"":""other"",""independence_group"":""G2"",""confidence"":""HIGH"",""quality_score"":0.8,""verification"":""search_index"",""evidence"":""Full text of the same article on Redalyc - same work and same authors, so the SAME independence group, not a second voice""},{""url"":""https://www.ecovilapiracanga.com.br/"",""rank"":2,""source_class"":""S4"",""platform_type"":""own website"",""independence_group"":""G1"",""confidence"":""HIGH"",""quality_score"":0.86,""verification"":""search_index"",""evidence"":""Official site""},{""url"":""https://ecovillage.org/project/ecovila-piracanga/"",""rank"":4,""source_class"":""S3"",""platform_type"":""directory listing"",""independence_group"":""G1"",""confidence"":""HIGH"",""quality_score"":0.72,""verification"":""search_index"",""evidence"":""Verified GEN project page""},{""url"":""https://ecovillage.org/hildur-jackson-award-2021-finalists/piracanga-centro-de-permacultura/"",""rank"":5,""source_class"":""S3"",""platform_type"":""directory listing"",""independence_group"":""G1"",""confidence"":""MEDIUM"",""quality_score"":0.48,""verification"":""search_index"",""evidence"":""GEN Hildur Jackson Award 2021 finalist page for the Piracanga permaculture centre""},{""url"":""https://ecovillage.org/"",""rank"":6,""source_class"":""S3"",""platform_type"":""directory listing"",""independence_group"":""G1"",""confidence"":""HIGH"",""quality_score"":0.3,""verification"":""search_index"",""evidence"":""Fixed network seed source""},{""url"":""https://ecovillage.org"",""rank"":7,""source_class"":""S3"",""platform_type"":""directory listing"",""independence_group"":""G1"",""confidence"":""HIGH"",""quality_score"":0.1,""verification"":""fixed_global_source"",""evidence"":""Mandatory Global Ecovillage Network network-level seed, present on every row; not evidence that this community is GEN-registered - see gen_community_status""}]",search_index,,,,,COMPLETE,HIGH,no,,"BEST-DOCUMENTED BRAZILIAN SITE IN THE COHORT and the clearest land-history case: the land was ACQUIRED IN 2000 AS A DEFORESTED COCONUT FARM - it had already been cleared for coconut cultivation before the community existed. So a pre-community baseline shows cleared plantation, not primary forest, and any regrowth after 2006-2011 is restoration of previously cleared ground. Settlement from about 2006; formally structured as a community in 2010-2011 after workshops led by Damanhur (seq 162 in this cohort - the two communities are linked). Roughly 180-200 residents including about 40 children. The Inkiri Community proper was founded 2015 with 43 adults and 15 children, so 'Piracanga' and 'Inkiri' are nested, not synonymous. Inside a federal environmental protection area, among forest, river, sea, mangrove and coconut grove.",2026-08-28,1.0.0
IC175,Ecovila Raiz do Anuhmas,-22.791348,-47.050440,Brazil,FULL,,https://ecovillage.org/ecovillage/ecovila-raiz-do-anuhmas/ | https://www.redecasabrasil.org/post/mapeamento-de-ecovilas-e-comunidades-regenerativas-no-brasil-2022 | https://www.instagram.com/ecovilaraizdoanhumas/ | https://ecovillage.org/ | https://ecovillage.org,Ecovila Raiz do Anuhmas,Ecovila Raiz do Anuhmas,no,Ecovila Raiz do Anuhmas; Ecovila Raiz do Anhumas; Raiz do Anhumas; Ecovila Raiz do Anhumas Campinas,SETTLEMENT,176,single_source_row,1,0.000,"-22.791348,-47.050440",SINGLE,-22.791348,-47.050440,HIGH,,BR,BRA,"Sao Paulo; Campinas; Cidade Universitaria / Barao Geraldo, Anhumas",HIGH,coordinate_gazetteer+gen_page,https://ecovillage.org/ecovillage/ecovila-raiz-do-anuhmas/,BR,UNANIMOUS,Paulínia (11.2 km),https://ecovillage.org,FIXED_GLOBAL_SOURCE,https://ecovillage.org/ecovillage/ecovila-raiz-do-anuhmas/,VERIFIED_COMMUNITY_SOURCE,search_index,site:ecovillage.org returned 'Ecovila Raiz do Anuhmas - Global Ecovillage Network',G1,5,2,S3; S7,S3,"[{""url"":""https://ecovillage.org/ecovillage/ecovila-raiz-do-anuhmas/"",""rank"":1,""source_class"":""S3"",""platform_type"":""directory listing"",""independence_group"":""G1"",""confidence"":""HIGH"",""quality_score"":0.74,""verification"":""search_index"",""evidence"":""Verified GEN community page with the 2011 founding and the 20-member figure""},{""url"":""https://www.instagram.com/ecovilaraizdoanhumas/"",""rank"":3,""source_class"":""S7"",""platform_type"":""Instagram"",""independence_group"":""G1"",""confidence"":""MEDIUM"",""quality_score"":0.44,""verification"":""search_index"",""evidence"":""Community's own Instagram, under the 'Anhumas' spelling - dated photographic record""},{""url"":""https://www.redecasabrasil.org/post/mapeamento-de-ecovilas-e-comunidades-regenerativas-no-brasil-2022"",""rank"":2,""source_class"":""S3"",""platform_type"":""directory listing"",""independence_group"":""G2"",""confidence"":""MEDIUM"",""quality_score"":0.52,""verification"":""search_index"",""evidence"":""Rede CASA Brasil 2022 national mapping of Brazilian ecovillages - a regional network census independent of GEN""},{""url"":""https://ecovillage.org/"",""rank"":4,""source_class"":""S3"",""platform_type"":""directory listing"",""independence_group"":""G1"",""confidence"":""HIGH"",""quality_score"":0.3,""verification"":""search_index"",""evidence"":""Fixed network seed source""},{""url"":""https://ecovillage.org"",""rank"":5,""source_class"":""S3"",""platform_type"":""directory listing"",""independence_group"":""G1"",""confidence"":""HIGH"",""quality_score"":0.1,""verification"":""fixed_global_source"",""evidence"":""Mandatory Global Ecovillage Network network-level seed, present on every row; not evidence that this community is GEN-registered - see gen_community_status""}]",search_index,,,,,COMPLETE,HIGH,no,,"SPELLING VARIANT MATTERS: GEN and the cohort spell it 'Anuhmas', but the community's own Instagram and the Brazilian business records spell it 'ANHUMAS' - after the Anhumas river and district in Campinas. Search both. Established 2011; 20 families / 20 members, closed to new members at the time of the GEN record. Bioconstruction and organic food production, governed by sociocracy. NOT RURAL: it sits inside a technology pole in Campinas, ringed by two large universities, so the surrounding land cover is peri-urban and the community parcel is small against an urbanising background - the confound to watch is city growth, not agriculture. NOTE the neighbouring cohort row seq 176 'Ecovila Santa Margarida' is only about 2 km away and is a commercial condominium, not a community; do not conflate them.",2026-08-28,1.0.0
IC176,Ecovila Santa Margarida,-22.789479,-47.069783,Brazil,FULL,,https://ecovilasantamargarida.com.br/ | https://www.ecovilaincorporadora.com.br/empreendimentos/eco-vila-santa-margarida/ | https://ecovillage.org/ | https://ecovillage.org,Ecovila Santa Margarida,Ecovila Santa Margarida,no,Ecovila Santa Margarida; Eco Vila Santa Margarida,SETTLEMENT,177,single_source_row,1,0.000,"-22.789479,-47.069783",SINGLE,-22.789479,-47.069783,HIGH,,BR,BRA,Sao Paulo; Paulinia; Morumbi,HIGH,coordinate_gazetteer+developer_record,https://ecovilasantamargarida.com.br/,BR,UNANIMOUS,Paulínia (9.2 km),https://ecovillage.org,FIXED_GLOBAL_SOURCE,,NOT_FOUND,search_index_negative,site:ecovillage.org and open-web searches returned no GEN record and no intentional-community record under this name,G1,4,1,S2; S3; S4,S2,"[{""url"":""https://ecovilasantamargarida.com.br/"",""rank"":1,""source_class"":""S4"",""platform_type"":""own website"",""independence_group"":""G1"",""confidence"":""HIGH"",""quality_score"":0.7,""verification"":""search_index"",""evidence"":""The development's own marketing site - the evidence that this is a residential real-estate product""},{""url"":""https://www.ecovilaincorporadora.com.br/empreendimentos/eco-vila-santa-margarida/"",""rank"":2,""source_class"":""S2"",""platform_type"":""other"",""independence_group"":""G1"",""confidence"":""HIGH"",""quality_score"":0.62,""verification"":""search_index"",""evidence"":""Developer's project record - names the launch date, tower count and unit count""},{""url"":""https://ecovillage.org/"",""rank"":3,""source_class"":""S3"",""platform_type"":""directory listing"",""independence_group"":""G1"",""confidence"":""HIGH"",""quality_score"":0.3,""verification"":""search_index"",""evidence"":""Fixed network seed source""},{""url"":""https://ecovillage.org"",""rank"":4,""source_class"":""S3"",""platform_type"":""directory listing"",""independence_group"":""G1"",""confidence"":""HIGH"",""quality_score"":0.1,""verification"":""fixed_global_source"",""evidence"":""Mandatory Global Ecovillage Network network-level seed, present on every row; not evidence that this community is GEN-registered - see gen_community_status""}]",search_index,,,,,COMPLETE,HIGH,yes,single_independence_group,"CATEGORY MISMATCH - REVIEW REQUIRED. THIS IS NOT AN INTENTIONAL COMMUNITY OR ECOVILLAGE. Every source found identifies 'Eco Vila Santa Margarida' as a COMMERCIAL RESIDENTIAL CONDOMINIUM launched in November 2021 by Furlan Participacoes / Eco Vila Incorporadora at Av. Alexandre Martins Laroca, Morumbi, Paulinia: 4 towers, 192 apartments of 65-99 m2, marketed with a heated pool, cinema, sports court, sauna and gourmet kiosks. 'Eco Vila' here is the developer's brand, not a community form. The coordinate matches the development site. The row is RETAINED UNCHANGED as required, but it should not be analysed as an ecovillage, and including it would bias any cohort statistic. A coder must decide whether to exclude it at analysis time. Note it is about 2 km from seq 175 Ecovila Raiz do Anuhmas, which IS a genuine community - the proximity plus the shared 'Ecovila' prefix is the likely route by which this entry entered the list.",2026-08-28,1.0.0
IC177,Ecovillage Pentierebougou,13.086727,-7.940589,Mali,FULL,,https://ecovillage.org/project/ecovillage-pentierebougou/ | https://ecovillage.org/region/gen-africa/ecovillage-projects/ | https://ecovillage.org/ | https://ecovillage.org,Ecovillage Pentierebougou,Ecovillage Pentierebougou,no,Ecovillage Pentierebougou; Pentierebougou; Pentierebougou-Est; Pentiere Bougou,SETTLEMENT,178,single_source_row,1,0.000,"13.086727,-7.940589",SINGLE,13.086727,-7.940589,HIGH,,ML,MLI,Koulikoro Region; Cercle de Kati; Commune de Nossombougou,HIGH,coordinate_gazetteer+gen_page,https://ecovillage.org/project/ecovillage-pentierebougou/,ML,UNANIMOUS,Kati (40.7 km),https://ecovillage.org,FIXED_GLOBAL_SOURCE,https://ecovillage.org/project/ecovillage-pentierebougou/,VERIFIED_COMMUNITY_SOURCE,search_index,site:ecovillage.org returned 'Ecovillage Pentierebougou - Global Ecovillage Network'; also listed under GEN Africa's ecovillage projects,G1,4,1,S3,S3,"[{""url"":""https://ecovillage.org/project/ecovillage-pentierebougou/"",""rank"":1,""source_class"":""S3"",""platform_type"":""directory listing"",""independence_group"":""G1"",""confidence"":""HIGH"",""quality_score"":0.72,""verification"":""search_index"",""evidence"":""Verified GEN project page - names AMSD as implementer and Nossombougou as the commune""},{""url"":""https://ecovillage.org/region/gen-africa/ecovillage-projects/"",""rank"":2,""source_class"":""S3"",""platform_type"":""directory listing"",""independence_group"":""G1"",""confidence"":""MEDIUM"",""quality_score"":0.4,""verification"":""search_index"",""evidence"":""GEN Africa regional project index - corroborates the listing within the network""},{""url"":""https://ecovillage.org/"",""rank"":3,""source_class"":""S3"",""platform_type"":""directory listing"",""independence_group"":""G1"",""confidence"":""HIGH"",""quality_score"":0.3,""verification"":""search_index"",""evidence"":""Fixed network seed source""},{""url"":""https://ecovillage.org"",""rank"":4,""source_class"":""S3"",""platform_type"":""directory listing"",""independence_group"":""G1"",""confidence"":""HIGH"",""quality_score"":0.1,""verification"":""fixed_global_source"",""evidence"":""Mandatory Global Ecovillage Network network-level seed, present on every row; not evidence that this community is GEN-registered - see gen_community_status""}]",search_index,,,,,COMPLETE,MEDIUM,yes,single_independence_group; identity_confidence_below_high,"ADMIN NOTE: GEN places the village in the COMMUNE OF NOSSOMBOUGOU, north of Bamako in Kati Cercle; the cohort coordinate falls nearer Kati town itself, roughly 30 km south - treat the coordinate as approximate and verify before crawling. This is a DEVELOPMENT-PROGRAMME ECOVILLAGE, not a founded intentional community: l'Association Malienne pour la Solidarite et le Developpement (AMSD) runs a 'promotion of an entire village' pilot converting an existing Malian village, with poverty-reduction targets, farm-income growth and infrastructure works, and a stated 2024 vision for Pentierebougou-Est. So the imagery signal is village infrastructure and agricultural intensification in an existing settlement, not new settlement construction. The project is francophone; French-language searching is likely to find the AMSD and donor reports that this English pass did not.",2026-08-28,1.0.0
IC178,Jyagdi EcoVillage Chapakot Syangja Nepal,27.935840,83.878329,Nepal,FULL,,https://ecovillage.org/ecovillage/jyagdi-ecovillage-chapakot-syangja-nepal/ | https://www.facebook.com/jyagdiecovillage/ | https://www.facebook.com/ecotreks.org | https://www.youtube.com/watch?v=7m45KWB4dhc | https://ecovillage.org/ | https://ecovillage.org,Jyagdi EcoVillage Chapakot Syangja Nepal,Jyagdi EcoVillage Chapakot Syangja Nepal,no,Jyagdi EcoVillage; Jyagdi Eco Village; Jyagdi EcoVillage Chapakot Syangja Nepal; Ecotreks,SETTLEMENT,179,single_source_row,1,0.000,"27.935840,83.878329",SINGLE,27.935840,83.878329,HIGH,,NP,NPL,Gandaki Province; Syangja; Chapakot Municipality; Ramadanda-5,HIGH,coordinate_gazetteer+gen_page,https://ecovillage.org/ecovillage/jyagdi-ecovillage-chapakot-syangja-nepal/,NP,UNANIMOUS,Wāliṅ (12.8 km),https://ecovillage.org,FIXED_GLOBAL_SOURCE,https://ecovillage.org/ecovillage/jyagdi-ecovillage-chapakot-syangja-nepal/,VERIFIED_COMMUNITY_SOURCE,search_index,site:ecovillage.org returned 'Jyagdi EcoVillage Chapakot Syangja Nepal - Global Ecovillage Network',G1,6,1,S3; S7,S3,"[{""url"":""https://ecovillage.org/ecovillage/jyagdi-ecovillage-chapakot-syangja-nepal/"",""rank"":1,""source_class"":""S3"",""platform_type"":""directory listing"",""independence_group"":""G1"",""confidence"":""HIGH"",""quality_score"":0.74,""verification"":""search_index"",""evidence"":""Verified GEN community page - the only structured record found""},{""url"":""https://www.facebook.com/jyagdiecovillage/"",""rank"":2,""source_class"":""S7"",""platform_type"":""Facebook"",""independence_group"":""G1"",""confidence"":""MEDIUM"",""quality_score"":0.46,""verification"":""search_index"",""evidence"":""Community's own Facebook page""},{""url"":""https://www.facebook.com/ecotreks.org"",""rank"":3,""source_class"":""S7"",""platform_type"":""Facebook"",""independence_group"":""G1"",""confidence"":""MEDIUM"",""quality_score"":0.42,""verification"":""search_index"",""evidence"":""Second Facebook page run by the same project under the Ecotreks handle, carrying dated site photography and video""},{""url"":""https://www.youtube.com/watch?v=7m45KWB4dhc"",""rank"":4,""source_class"":""S7"",""platform_type"":""YouTube"",""independence_group"":""G1"",""confidence"":""LOW"",""quality_score"":0.32,""verification"":""search_index"",""evidence"":""Video of the site - visual context only""},{""url"":""https://ecovillage.org/"",""rank"":5,""source_class"":""S3"",""platform_type"":""directory listing"",""independence_group"":""G1"",""confidence"":""HIGH"",""quality_score"":0.3,""verification"":""search_index"",""evidence"":""Fixed network seed source""},{""url"":""https://ecovillage.org"",""rank"":6,""source_class"":""S3"",""platform_type"":""directory listing"",""independence_group"":""G1"",""confidence"":""HIGH"",""quality_score"":0.1,""verification"":""fixed_global_source"",""evidence"":""Mandatory Global Ecovillage Network network-level seed, present on every row; not evidence that this community is GEN-registered - see gen_community_status""}]",search_index,,,,,COMPLETE,HIGH,yes,single_independence_group,"Chapakot Municipality ward 5, Ramadanda, Syangja - the coordinate matches. ECO-TOURISM LED: homestays, guided eco-tours, yoga and meditation retreats, alongside organic farming, plastic-waste reduction and reforestation. No standalone website was found; the community's public presence is on Facebook (two pages, one under the 'ecotreks.org' handle) and YouTube, so the documentary record is social-media-borne and thin, and I12 crawl_truncated is a live risk here. Reforestation is a stated activity, so a vegetation-gain signal is plausible and worth testing.",2026-08-28,1.0.0
IC179,Habiba Community,29.010284,34.670396,Egypt,FULL,,https://habibacommunity.com/agriculture/ | https://ecovillage.org/ecovillage/habiba-community/ | https://medomed.org/featured_item/the-habiba-organic-farm/ | https://ecosystemrestorationcommunities.org/2024/11/26/from-scarcity-to-abundance-the-inspiring-regenerative-journey-of-habiba-community/ | https://cairoscene.com/lifestyle/habiba-organic-farm-leading-the-way-in-egyptian-agro-tourism | https://permacultureglobal.org/projects/1127-habiba-organic-farm | https://ecovillage.org/ | https://ecovillage.org,Habiba Community,Habiba Community,no,Habiba Community; Habiba Organic Farm; HOF; Habiba Beach Lodge; Habiba Learning Center; Sinai Date Palm Foundation,SETTLEMENT,180; 181; 182; 183,verified_against_published_address_candidate_4,4,57.719,"28.612207,34.557279 | 28.929031,34.642872 | 28.509623,34.514068 | 29.010284,34.670396",MULTIPLE_CANDIDATES_RESOLVED,28.612207,34.557279,HIGH,"published locality: Nuweiba, at the mouth of the Wadi Watir delta, South Sinai [https://habibacommunity.com/agriculture/]. c4 sits on Nuweiba. c1 - the coordinate the export put first - is far to the south towards Dahab, which is the whole of the location conflict this row was flagged for during discovery.",EG,EGY,South Sinai; Nuweiba; Wadi Watir delta,HIGH,official_source_resolves_gazetteer_split,https://habibacommunity.com/agriculture/,EG,SPLIT,Ḩaql (40.8 km),https://ecovillage.org,FIXED_GLOBAL_SOURCE,https://ecovillage.org/ecovillage/habiba-community/,VERIFIED_COMMUNITY_SOURCE,search_index,site:ecovillage.org returned 'Habiba Community - Global Ecovillage Network',G1,8,5,S2; S3; S4; S6,S2,"[{""url"":""https://habibacommunity.com/agriculture/"",""rank"":1,""source_class"":""S4"",""platform_type"":""own website"",""independence_group"":""G1"",""confidence"":""HIGH"",""quality_score"":0.88,""verification"":""search_index"",""evidence"":""Official agriculture page - carries the 16,000 m2 figure and the Wadi Watir delta location""},{""url"":""https://ecovillage.org/ecovillage/habiba-community/"",""rank"":2,""source_class"":""S3"",""platform_type"":""directory listing"",""independence_group"":""G1"",""confidence"":""HIGH"",""quality_score"":0.72,""verification"":""search_index"",""evidence"":""Verified GEN community page""},{""url"":""https://medomed.org/featured_item/the-habiba-organic-farm/"",""rank"":3,""source_class"":""S2"",""platform_type"":""other"",""independence_group"":""G2"",""confidence"":""HIGH"",""quality_score"":0.7,""verification"":""search_index"",""evidence"":""Med-O-Med, the FUNCI (Fundacion de Cultura Islamica) programme on Mediterranean gardens and landscapes - an institutional record independent of the farm""},{""url"":""https://ecosystemrestorationcommunities.org/2024/11/26/from-scarcity-to-abundance-the-inspiring-regenerative-journey-of-habiba-community/"",""rank"":4,""source_class"":""S6"",""platform_type"":""news outlet"",""independence_group"":""G3"",""confidence"":""MEDIUM"",""quality_score"":0.62,""verification"":""search_index"",""evidence"":""Dated November 2024 write-up by Ecosystem Restoration Communities - an outside network's account of the restoration trajectory""},{""url"":""https://permacultureglobal.org/projects/1127-habiba-organic-farm"",""rank"":6,""source_class"":""S3"",""platform_type"":""directory listing"",""independence_group"":""G4"",""confidence"":""MEDIUM"",""quality_score"":0.48,""verification"":""search_index"",""evidence"":""Permaculture Global project record""},{""url"":""https://cairoscene.com/lifestyle/habiba-organic-farm-leading-the-way-in-egyptian-agro-tourism"",""rank"":5,""source_class"":""S6"",""platform_type"":""news outlet"",""independence_group"":""G5"",""confidence"":""MEDIUM"",""quality_score"":0.58,""verification"":""search_index"",""evidence"":""CairoScene feature - Egyptian journalism independent of the farm""},{""url"":""https://ecovillage.org/"",""rank"":7,""source_class"":""S3"",""platform_type"":""directory listing"",""independence_group"":""G1"",""confidence"":""HIGH"",""quality_score"":0.3,""verification"":""search_index"",""evidence"":""Fixed network seed source""},{""url"":""https://ecovillage.org"",""rank"":8,""source_class"":""S3"",""platform_type"":""directory listing"",""independence_group"":""G1"",""confidence"":""HIGH"",""quality_score"":0.1,""verification"":""fixed_global_source"",""evidence"":""Mandatory Global Ecovillage Network network-level seed, present on every row; not evidence that this community is GEN-registered - see gen_community_status""}]",search_index,,,,,COMPLETE,HIGH,yes,gazetteer_split,"the export gave 4 geocoder candidates and picked none; candidate 4 is the one that matches this community's published address, and is what latitude/longitude now carry - the export's original first candidate is kept in latitude_as_exported/longitude_as_exported | COORDINATE QUERY, NOW RESOLVED - Every source places Habiba at NUWEIBA, at the base of the WADI WATIR DELTA about 2 km from the sea (near 29.03N). The cohort coordinate is at 28.61N, roughly 45 km south, nearer Dahab. The country is not in doubt - the gazetteer split only because the Saudi coast is a few tens of kilometres across the Gulf of Aqaba - but the SITE must be re-fixed before crawling. EXCELLENT PHYSICAL BASELINE: the farm is a stated 16,000 m2 on SALINE DESERT SOIL, so vegetation against bare desert should be a very high-contrast signal and is entirely irrigation-dependent. Founded in the late 1990s by Maged Elsaid; comprises an eco-lodge, a certified organic farm and a regenerative-agriculture learning centre. Crops include moringa, quinoa, dates, olives and pomegranate. Also runs the Sinai Date Palm Foundation and the Habiba Learning Center. COORDINATE RESOLVED: the apparent location conflict on this row was not a conflict in the underlying record. The export carried four geocoder candidates for this community and picked none; the first of them - the one a reader takes by default - was the wrong one. Candidate 4 matches the published address above and is now what latitude/longitude carry. The export's original first coordinate is preserved in latitude_as_exported/longitude_as_exported and all four candidates remain in coordinate_candidates.",2026-08-28,1.0.0
IC180,Fruit Haven EcoVillage Ecuador,-3.527531,-78.529830,Ecuador,FULL,,https://fruithaven.land/ | https://ecovillage.org/ecovillage/fruit-haven-ecovllage-ecuador/ | https://ecovillage.org/project/fruit-haven-ecovllage-ecuador/ | https://www.tripadvisor.com/Attraction_Review-g654329-d26834904-Reviews-Fruit_Haven_Ecovillage_Ecuador-Gualaquiza_Morona_Santiago_Province.html | https://ecovillage.org/ | https://ecovillage.org,Fruit Haven EcoVillage Ecuador,Fruit Haven EcoVillage Ecuador,no,Fruit Haven EcoVillage Ecuador; Fruit Haven; Fruit Haven Ecovillage Gualaquiza; Fruithaven,SETTLEMENT,184; 185; 186; 187,verified_against_published_address_candidate_4,4,59.118,"-3.204382,-78.434897 | -3.727531,-78.529830 | -3.405627,-78.582450 | -3.527531,-78.529830",MULTIPLE_CANDIDATES_RESOLVED,-3.204382,-78.434897,MEDIUM,"published locality: Chuchumbletza, near Gualaquiza, Morona Santiago [https://ecovillage.org/ecovillage/fruit-haven-ecovllage-ecuador/]. c3 is Gualaquiza town itself, the decoy slot. c4 lies south of it, which is where Chuchumbletza is. c1 is in Azuay province, which is what made this row look like a province conflict. Held at MEDIUM because the community spans seven separate properties and no single parcel address was published.",EC,ECU,Morona Santiago; Gualaquiza; Chuchumbletza,HIGH,coordinate_gazetteer+gen_page,https://ecovillage.org/ecovillage/fruit-haven-ecovllage-ecuador/,EC,UNANIMOUS,Gualaceo (75.7 km),https://ecovillage.org,FIXED_GLOBAL_SOURCE,https://ecovillage.org/ecovillage/fruit-haven-ecovllage-ecuador/,VERIFIED_COMMUNITY_SOURCE,search_index,"site:ecovillage.org returned 'Fruit Haven EcoVillage Ecuador'. NOTE THE TYPO IN GEN'S OWN SLUG - 'ecovllage', missing the i - so the URL could not have been constructed from the name. Served on both /ecovillage/ and /project/ paths.",G1,6,2,S3; S4,S3,"[{""url"":""https://fruithaven.land/"",""rank"":1,""source_class"":""S4"",""platform_type"":""own website"",""independence_group"":""G1"",""confidence"":""HIGH"",""quality_score"":0.86,""verification"":""search_index"",""evidence"":""Official site""},{""url"":""https://ecovillage.org/ecovillage/fruit-haven-ecovllage-ecuador/"",""rank"":2,""source_class"":""S3"",""platform_type"":""directory listing"",""independence_group"":""G1"",""confidence"":""HIGH"",""quality_score"":0.72,""verification"":""search_index"",""evidence"":""Verified GEN community page (note GEN's misspelled slug)""},{""url"":""https://ecovillage.org/project/fruit-haven-ecovllage-ecuador/"",""rank"":3,""source_class"":""S3"",""platform_type"":""directory listing"",""independence_group"":""G1"",""confidence"":""MEDIUM"",""quality_score"":0.58,""verification"":""search_index"",""evidence"":""The same GEN record on the alternate /project/ path - a duplicate, not a second source""},{""url"":""https://www.tripadvisor.com/Attraction_Review-g654329-d26834904-Reviews-Fruit_Haven_Ecovillage_Ecuador-Gualaquiza_Morona_Santiago_Province.html"",""rank"":4,""source_class"":""S3"",""platform_type"":""directory listing"",""independence_group"":""G2"",""confidence"":""MEDIUM"",""quality_score"":0.44,""verification"":""search_index"",""evidence"":""TripAdvisor record - low evidential value in itself, but it is the source that independently files the community under Gualaquiza, Morona Santiago, and so bears on the province conflict""},{""url"":""https://ecovillage.org/"",""rank"":5,""source_class"":""S3"",""platform_type"":""directory listing"",""independence_group"":""G1"",""confidence"":""HIGH"",""quality_score"":0.3,""verification"":""search_index"",""evidence"":""Fixed network seed source""},{""url"":""https://ecovillage.org"",""rank"":6,""source_class"":""S3"",""platform_type"":""directory listing"",""independence_group"":""G1"",""confidence"":""HIGH"",""quality_score"":0.1,""verification"":""fixed_global_source"",""evidence"":""Mandatory Global Ecovillage Network network-level seed, present on every row; not evidence that this community is GEN-registered - see gen_community_status""}]",search_index,,,,,COMPLETE,HIGH,yes,coordinate_resolved_below_high,"the export gave 4 geocoder candidates and picked none; candidate 4 is the one that matches this community's published address, and is what latitude/longitude now carry - the export's original first candidate is kept in latitude_as_exported/longitude_as_exported | PROVINCE QUERY, NOW RESOLVED - Sources place the community at Chuchumbletza, near Gualaquiza, MORONA SANTIAGO province, on the Amazon side of the Andean foothills; the gazetteer's nearest town for the cohort coordinate is Gualaceo in AZUAY, a different province on the other side of the divide. Verify the point before crawling. SCALE FIGURES DISAGREE AND ARE NOT RECONCILED HERE: one community source says members bought 'over 1000 acres' (about 405 ha), another says '7 independent properties of over 150 hectares'. FOUNDING YEAR ALSO DISAGREES: GEN says established 2014, the community's own text says the first property was bought in 2016. Both are recorded as found; neither is adopted. IMPORTANT FOR LAND ANALYSIS: this is a MULTI-PARCEL, INDIVIDUALLY-OWNED land buy - 7 separate properties, 40+ owners, 40+ lots still for sale - so there is no single contiguous boundary and the built-up signal will be scattered lots appearing one at a time. Vegan/fruitarian community; the stated purpose of the land purchase is Amazon rainforest preservation, so the expected signal is forest RETENTION against a deforesting background, not forest gain. COORDINATE RESOLVED: the apparent location conflict on this row was not a conflict in the underlying record. The export carried four geocoder candidates for this community and picked none; the first of them - the one a reader takes by default - was the wrong one. Candidate 4 matches the published address above and is now what latitude/longitude carry. The export's original first coordinate is preserved in latitude_as_exported/longitude_as_exported and all four candidates remain in coordinate_candidates.",2026-08-28,1.0.0
IC181,Valle de Sensaciones,36.957270,-3.136732,Spain,FULL,,https://spacesarchives.org/explore/search-the-online-collection/achim-burkard-valle-de-sensaciones/ | https://ecohomes.blog/2010/06/15/el-valle-de-sensaciones-yator-spain/ | https://gen-europe.org/rental-opportunity-community-house-in-south-of-spain-during-winter/ | https://find.coop/organizations/22032-valle-de-sensaciones | https://ecovillage.org/ | https://ecovillage.org,Valle de Sensaciones,Valle de Sensaciones,no,Valle de Sensaciones; El Valle de Sensaciones; Valley of Sensations; Sensaciones,SETTLEMENT,188; 189; 190; 191,verified_against_published_address_candidate_4,4,81.220,"37.010000,-2.739901 | 37.040521,-2.661636 | 37.146121,-3.567734 | 36.957270,-3.136732",MULTIPLE_CANDIDATES_RESOLVED,37.010000,-2.739901,HIGH,"published locality: Yator, Cadiar, Las Alpujarras, Granada 18448 [https://ecohomes.blog/2010/06/15/el-valle-de-sensaciones-yator-spain/]. c4 falls on Yator in Granada province. c1 is in Almeria province, which is the province conflict recorded against this row.",ES,ESP,"Andalusia; Granada; Cadiar; Yator (18448), Las Alpujarras",HIGH,coordinate_gazetteer+multiple_published_addresses,https://ecohomes.blog/2010/06/15/el-valle-de-sensaciones-yator-spain/,ES,UNANIMOUS,Berja (20.7 km),https://ecovillage.org,FIXED_GLOBAL_SOURCE,,NOT_FOUND,search_index_negative,"site: and open-web searches returned no ecovillage.org community page. GEN Europe carries a notice about renting the community house over winter, which shows network association but is a network news item, not a community profile, and is not recorded as one.",G1,6,4,S2; S3; S6,S2,"[{""url"":""https://spacesarchives.org/explore/search-the-online-collection/achim-burkard-valle-de-sensaciones/"",""rank"":1,""source_class"":""S2"",""platform_type"":""other"",""independence_group"":""G2"",""confidence"":""HIGH"",""quality_score"":0.76,""verification"":""search_index"",""evidence"":""SPACES Archives (Saving and Preserving Arts and Cultural Environments) - a curated archive of art environments; an institutional, catalogued record of the site independent of the community""},{""url"":""https://gen-europe.org/rental-opportunity-community-house-in-south-of-spain-during-winter/"",""rank"":3,""source_class"":""S3"",""platform_type"":""directory listing"",""independence_group"":""G1"",""confidence"":""MEDIUM"",""quality_score"":0.46,""verification"":""search_index"",""evidence"":""GEN Europe notice - evidence of network association; explicitly NOT a GEN community profile""},{""url"":""https://ecohomes.blog/2010/06/15/el-valle-de-sensaciones-yator-spain/"",""rank"":2,""source_class"":""S6"",""platform_type"":""blog platform"",""independence_group"":""G3"",""confidence"":""MEDIUM"",""quality_score"":0.52,""verification"":""search_index"",""evidence"":""Dated 2010 visitor account with the Yator address - an outside observer's record, useful as an early time point""},{""url"":""https://find.coop/organizations/22032-valle-de-sensaciones"",""rank"":4,""source_class"":""S3"",""platform_type"":""directory listing"",""independence_group"":""G4"",""confidence"":""LOW"",""quality_score"":0.34,""verification"":""search_index"",""evidence"":""find.coop cooperative directory record""},{""url"":""https://ecovillage.org/"",""rank"":5,""source_class"":""S3"",""platform_type"":""directory listing"",""independence_group"":""G1"",""confidence"":""HIGH"",""quality_score"":0.3,""verification"":""search_index"",""evidence"":""Fixed network seed source""},{""url"":""https://ecovillage.org"",""rank"":6,""source_class"":""S3"",""platform_type"":""directory listing"",""independence_group"":""G1"",""confidence"":""HIGH"",""quality_score"":0.1,""verification"":""fixed_global_source"",""evidence"":""Mandatory Global Ecovillage Network network-level seed, present on every row; not evidence that this community is GEN-registered - see gen_community_status""}]",search_index,,,,,COMPLETE,HIGH,no,,"the export gave 4 geocoder candidates and picked none; candidate 4 is the one that matches this community's published address, and is what latitude/longitude now carry - the export's original first candidate is kept in latitude_as_exported/longitude_as_exported | PROVINCE QUERY, NOW RESOLVED - Independent sources agree the site is at YATOR, in the Cadiar area of Las Alpujarras, postcode 18448, GRANADA province. The gazetteer's nearest town for the cohort coordinate is Vicar, in ALMERIA province. Verify before crawling. Founded by the German artist and traveller Achim Burkard, who began the project in the mid-1990s. Describes itself as an 'ecovillage laboratory' rather than a settled village: POPULATION FLUCTUATES BETWEEN ABOUT 3 AND 30, many of them nomads, so a stable resident count does not exist and permanence-based indicators will read low. The built environment is deliberately ephemeral and artistic - treehouses, cave spaces, clay buildings, circus caravans, a glass temple, a moon temple, a medicine wheel and a natural pool - which is poor material for a built-up-area signal. COORDINATE RESOLVED: the apparent location conflict on this row was not a conflict in the underlying record. The export carried four geocoder candidates for this community and picked none; the first of them - the one a reader takes by default - was the wrong one. Candidate 4 matches the published address above and is now what latitude/longitude carry. The export's original first coordinate is preserved in latitude_as_exported/longitude_as_exported and all four candidates remain in coordinate_candidates.",2026-08-28,1.0.0
IC182,Las Cañadas Bosque de Niebla,19.176892,-96.972307,Mexico,FULL,,https://bosquedeniebla.com.mx/quienes-somos/ | https://ecotec.unam.mx/organizaciones/las-canadas-bosque-de-niebla | https://ecovillage.org/project/las-canadas-bosque-de-niebla/ | https://www.cantaroazul.org/post/experiencia-en-las-ca%C3%B1adas-bosque-de-niebla-en-huatusco-de-chicu%C3%A9llar-veracruz | https://summit2021.ecovillage.org/talks/las-canadas-bosque-de-niebla-ecovillage/ | https://ecovillage.org/ | https://ecovillage.org,Las Cañadas Bosque de Niebla,Las Cañadas Bosque de Niebla,no,Las Canadas Bosque de Niebla; Las Canadas; Bosque de Niebla; Cooperativa Las Canadas; Las Canadas de Huatusco,SETTLEMENT,192; 193; 194; 195,verified_against_published_address_candidate_4,4,33.092,"19.381856,-97.078764 | 19.473477,-96.998428 | 19.423259,-97.013185 | 19.176892,-96.972307",MULTIPLE_CANDIDATES_RESOLVED,19.381856,-97.078764,HIGH,"published locality: Huatusco de Chicuellar, Veracruz [https://bosquedeniebla.com.mx/quienes-somos/]. c4 is on Huatusco; c1 is up towards Xico, which is why the gazetteer named a different town than the community's own address.",MX,MEX,Veracruz; Huatusco de Chicuellar,HIGH,coordinate_gazetteer+gen_page+institutional,https://bosquedeniebla.com.mx/quienes-somos/,MX,UNANIMOUS,Huatusco (3.2 km),https://ecovillage.org,FIXED_GLOBAL_SOURCE,https://ecovillage.org/project/las-canadas-bosque-de-niebla/,VERIFIED_COMMUNITY_SOURCE,search_index,site:ecovillage.org returned 'Las Canadas Bosque de Niebla'; GEN's 2021 Ecovillage Summit also carries a speaker page and a recorded talk for the community,G1,7,3,S1; S2; S3; S4,S1,"[{""url"":""https://bosquedeniebla.com.mx/quienes-somos/"",""rank"":1,""source_class"":""S4"",""platform_type"":""own website"",""independence_group"":""G1"",""confidence"":""HIGH"",""quality_score"":0.9,""verification"":""search_index"",""evidence"":""Official 'Quienes Somos' page - the source of the 225 ha restored / 307 ha total / 265 ha forested figures""},{""url"":""https://ecotec.unam.mx/organizaciones/las-canadas-bosque-de-niebla"",""rank"":2,""source_class"":""S1"",""platform_type"":""other"",""independence_group"":""G2"",""confidence"":""HIGH"",""quality_score"":0.82,""verification"":""search_index"",""evidence"":""Unidad de Ecotecnologias, UNAM Campus Morelia - a national university research unit's organisational record; independent academic recognition of the site""},{""url"":""https://ecovillage.org/project/las-canadas-bosque-de-niebla/"",""rank"":3,""source_class"":""S3"",""platform_type"":""directory listing"",""independence_group"":""G1"",""confidence"":""HIGH"",""quality_score"":0.72,""verification"":""search_index"",""evidence"":""Verified GEN project page""},{""url"":""https://summit2021.ecovillage.org/talks/las-canadas-bosque-de-niebla-ecovillage/"",""rank"":5,""source_class"":""S3"",""platform_type"":""other"",""independence_group"":""G1"",""confidence"":""MEDIUM"",""quality_score"":0.5,""verification"":""search_index"",""evidence"":""Recorded talk given by the community at GEN's 2021 Ecovillage Summit - the community's own voice, dated""},{""url"":""https://www.cantaroazul.org/post/experiencia-en-las-ca%C3%B1adas-bosque-de-niebla-en-huatusco-de-chicu%C3%A9llar-veracruz"",""rank"":4,""source_class"":""S2"",""platform_type"":""other"",""independence_group"":""G3"",""confidence"":""MEDIUM"",""quality_score"":0.56,""verification"":""search_index"",""evidence"":""Cantaro Azul, a Mexican water-and-sanitation NGO, reporting a site visit - an outside organisation's dated account""},{""url"":""https://ecovillage.org/"",""rank"":6,""source_class"":""S3"",""platform_type"":""directory listing"",""independence_group"":""G1"",""confidence"":""HIGH"",""quality_score"":0.3,""verification"":""search_index"",""evidence"":""Fixed network seed source""},{""url"":""https://ecovillage.org"",""rank"":7,""source_class"":""S3"",""platform_type"":""directory listing"",""independence_group"":""G1"",""confidence"":""HIGH"",""quality_score"":0.1,""verification"":""fixed_global_source"",""evidence"":""Mandatory Global Ecovillage Network network-level seed, present on every row; not evidence that this community is GEN-registered - see gen_community_status""}]",search_index,,,,,COMPLETE,HIGH,no,,"the export gave 4 geocoder candidates and picked none; candidate 4 is the one that matches this community's published address, and is what latitude/longitude now carry - the export's original first candidate is kept in latitude_as_exported/longitude_as_exported | THE STRONGEST QUANTIFIED LAND-CHANGE CASE IN THE WHOLE COHORT, and the numbers come from the community's own published account: 225 HECTARES OF PASTURELAND RESTORED to cloud forest over more than 30 years; the cooperative sits on 307 HECTARES of which 265 IS NOW FORESTED. That is an explicit, datable pasture-to-forest conversion at a scale any moderate-resolution sensor will resolve, and it is the reverse of the usual regional trend. Work since 1999; the cooperative was legally constituted in 2006; 22 working partners. Projects include permaculture, agroecology, a coffee farm, bamboo, managed forestry, bioconstruction and ecotechnologies; they grow maize, beans, tubers, vegetables, eggs, milk and some meat. Situated in one of the last remaining fragments of central Veracruz cloud forest. ADMIN NOTE: the gazetteer's nearest town is Xico; the community's address is Huatusco de Chicuellar - both are in the same central Veracruz mountain zone, so this is a minor difference, not a conflict. COORDINATE RESOLVED: the apparent location conflict on this row was not a conflict in the underlying record. The export carried four geocoder candidates for this community and picked none; the first of them - the one a reader takes by default - was the wrong one. Candidate 4 matches the published address above and is now what latitude/longitude carry. The export's original first coordinate is preserved in latitude_as_exported/longitude_as_exported and all four candidates remain in coordinate_candidates.",2026-08-28,1.0.0
IC183,Valdepielagos,40.760722,-3.465693,Spain,FULL,,https://ecovillage.org/ecovillage/valdepielagos/ | https://www.telemadrid.es/programas/madrid-directo/asi-se-vive-ecoaldea-Valdepielagos-2-2118408183--20190503083325.html | https://ecoaldeas.org/valdepielagos/ | https://eutopia-earth.com/en/articoli/valdepi%C3%A9lagos-the-sustainable-cohousing-that-brought-new-life-to-a-village | https://numundo.org/center/spain/ecoaldea-de-valdepielagos | https://ecovillage.org/ | https://ecovillage.org,Valdepielagos,Valdepielagos,no,Valdepielagos; Ecoaldea de Valdepielagos; Valdepielagos ecoaldea; Sociedad Cooperativa de Viviendas Bioclimaticas de Valdepielagos,SETTLEMENT,196; 197; 198; 199,verified_against_published_address_candidate_4,4,81.652,"40.867064,-3.057009 | 40.529270,-3.829909 | 40.475278,-3.875856 | 40.760722,-3.465693",MULTIPLE_CANDIDATES_RESOLVED,40.867064,-3.057009,HIGH,"published locality: Valdepielagos, Comunidad de Madrid, about 50 km north of Madrid [https://ecoaldeas.org/valdepielagos/]. c4 lands on the municipality of Valdepielagos in Madrid. c1 is well east in Guadalajara province - the province conflict on this row.",ES,ESP,"Comunidad de Madrid; Valdepielagos, about 50 km north of Madrid",HIGH,coordinate_gazetteer+gen_page,https://ecovillage.org/ecovillage/valdepielagos/,ES,UNANIMOUS,Algete (18.4 km),https://ecovillage.org,FIXED_GLOBAL_SOURCE,https://ecovillage.org/ecovillage/valdepielagos/,VERIFIED_COMMUNITY_SOURCE,search_index,site:ecovillage.org returned 'Valdepielagos - Global Ecovillage Network',G1,7,5,S3; S6,S3,"[{""url"":""https://ecovillage.org/ecovillage/valdepielagos/"",""rank"":1,""source_class"":""S3"",""platform_type"":""directory listing"",""independence_group"":""G1"",""confidence"":""HIGH"",""quality_score"":0.72,""verification"":""search_index"",""evidence"":""Verified GEN community page""},{""url"":""https://ecoaldeas.org/valdepielagos/"",""rank"":3,""source_class"":""S3"",""platform_type"":""directory listing"",""independence_group"":""G2"",""confidence"":""MEDIUM"",""quality_score"":0.6,""verification"":""search_index"",""evidence"":""Red Iberica de Ecoaldeas record - the Iberian ecovillage network's own listing, carrying the 1996 constitution and 2008 occupation dates""},{""url"":""https://www.telemadrid.es/programas/madrid-directo/asi-se-vive-ecoaldea-Valdepielagos-2-2118408183--20190503083325.html"",""rank"":2,""source_class"":""S6"",""platform_type"":""news outlet"",""independence_group"":""G3"",""confidence"":""HIGH"",""quality_score"":0.66,""verification"":""search_index"",""evidence"":""Telemadrid 'Madrid Directo' broadcast report, dated 3 May 2019 - regional public-service journalism filmed on site""},{""url"":""https://eutopia-earth.com/en/articoli/valdepi%C3%A9lagos-the-sustainable-cohousing-that-brought-new-life-to-a-village"",""rank"":4,""source_class"":""S6"",""platform_type"":""news outlet"",""independence_group"":""G4"",""confidence"":""MEDIUM"",""quality_score"":0.54,""verification"":""search_index"",""evidence"":""Eutopia feature on the cohousing scheme and its effect on the host village""},{""url"":""https://numundo.org/center/spain/ecoaldea-de-valdepielagos"",""rank"":5,""source_class"":""S3"",""platform_type"":""directory listing"",""independence_group"":""G5"",""confidence"":""LOW"",""quality_score"":0.36,""verification"":""search_index"",""evidence"":""NuMundo directory record""},{""url"":""https://ecovillage.org/"",""rank"":6,""source_class"":""S3"",""platform_type"":""directory listing"",""independence_group"":""G1"",""confidence"":""HIGH"",""quality_score"":0.3,""verification"":""search_index"",""evidence"":""Fixed network seed source""},{""url"":""https://ecovillage.org"",""rank"":7,""source_class"":""S3"",""platform_type"":""directory listing"",""independence_group"":""G1"",""confidence"":""HIGH"",""quality_score"":0.1,""verification"":""fixed_global_source"",""evidence"":""Mandatory Global Ecovillage Network network-level seed, present on every row; not evidence that this community is GEN-registered - see gen_community_status""}]",search_index,,,,,COMPLETE,HIGH,no,,"the export gave 4 geocoder candidates and picked none; candidate 4 is the one that matches this community's published address, and is what latitude/longitude now carry - the export's original first candidate is kept in latitude_as_exported/longitude_as_exported | PROVINCE QUERY, NOW RESOLVED - Sources place the ecoaldea in the municipality of VALDEPIELAGOS in the Comunidad de Madrid, about 50 km north of the city; the gazetteer's nearest city for the cohort coordinate is Guadalajara, a different province to the east. Verify before crawling. CLEAN TWO-DATE BASELINE: the housing cooperative was constituted in 1996 and the 30 SINGLE-FAMILY HOMES WERE FIRST OCCUPIED IN SPRING 2008 - so there is a twelve-year planning gap and then a single, sharp construction event, which is unusually easy to date in imagery. 30 families. Bioclimatic and bioconstruction design, solar thermal, greywater reuse, rainwater harvesting into a shared 150 m3 tank used to irrigate the common fruit trees. NOT A GREENFIELD SITE: it was built as an extension of an existing village and is repeatedly described as having brought new life to it, so the change signal is village growth, not isolated settlement. Member of the Red Iberica de Ecoaldeas. COORDINATE RESOLVED: the apparent location conflict on this row was not a conflict in the underlying record. The export carried four geocoder candidates for this community and picked none; the first of them - the one a reader takes by default - was the wrong one. Candidate 4 matches the published address above and is now what latitude/longitude carry. The export's original first coordinate is preserved in latitude_as_exported/longitude_as_exported and all four candidates remain in coordinate_candidates.",2026-08-28,1.0.0
IC184,Earthship Greater World Community,36.494782,-105.752179,United States,FULL,,https://sah-archipedia.org/buildings/NM-01-055-0185 | https://earthship.com/ | https://greaterworldhoa.communitysite.com/ | https://taos.org/explore/landmarks/taos-earthships/ | https://roadtrippers.com/magazine/earthship-biotecture-off-grid-living/ | https://ecovillage.org/ | https://ecovillage.org,Earthship Greater World Community,Earthship Greater World Community,no,Earthship Greater World Community; Greater World Earthship Community; Greater World Subdivision; Greater World; Earthship Biotecture; REACH community,SETTLEMENT,200; 201; 202; 203,verified_against_published_address_candidate_4,4,92.133,"36.438188,-105.544605 | 36.378960,-105.746606 | 35.678588,-105.928746 | 36.494782,-105.752179",MULTIPLE_CANDIDATES_RESOLVED,36.438188,-105.544605,HIGH,"published locality: the mesa north-west of Taos across the Rio Grande gorge, Taos County [https://greaterworldhoa.communitysite.com/]. c4 is on the mesa north-west of Taos where the subdivision lies; c1 sits east of the gorge, on the wrong side of the canyon from the community.",US,USA,"New Mexico; Taos County; mesa north-west of Taos, Tres Piedras postal area",HIGH,coordinate_gazetteer+official_site,https://earthship.com/,US,UNANIMOUS,Santa Fe (91.4 km),https://ecovillage.org,FIXED_GLOBAL_SOURCE,,NOT_FOUND,search_index_negative,"site:ecovillage.org searched under Greater World, Earthship and Earthship Biotecture; no GEN community page returned",G1,7,4,S1; S2; S3; S4; S6,S1,"[{""url"":""https://sah-archipedia.org/buildings/NM-01-055-0185"",""rank"":1,""source_class"":""S1"",""platform_type"":""other"",""independence_group"":""G2"",""confidence"":""HIGH"",""quality_score"":0.86,""verification"":""search_index"",""evidence"":""SAH Archipedia, the Society of Architectural Historians' peer-reviewed encyclopaedia of American architecture - a scholarly, edited entry on the Greater World Earthship Community; the source of the March 2004 county approval and its conditions""},{""url"":""https://earthship.com/"",""rank"":2,""source_class"":""S4"",""platform_type"":""own website"",""independence_group"":""G1"",""confidence"":""HIGH"",""quality_score"":0.8,""verification"":""search_index"",""evidence"":""Earthship Biotecture, the founding organisation's site""},{""url"":""https://greaterworldhoa.communitysite.com/"",""rank"":3,""source_class"":""S4"",""platform_type"":""own website"",""independence_group"":""G1"",""confidence"":""HIGH"",""quality_score"":0.74,""verification"":""search_index"",""evidence"":""The Greater World homeowners' association site - the residents' own governance body, and the source that files the subdivision under Tres Piedras, NM""},{""url"":""https://taos.org/explore/landmarks/taos-earthships/"",""rank"":4,""source_class"":""S2"",""platform_type"":""other"",""independence_group"":""G3"",""confidence"":""MEDIUM"",""quality_score"":0.58,""verification"":""search_index"",""evidence"":""Taos County official tourism body's landmark record - a local institutional source""},{""url"":""https://roadtrippers.com/magazine/earthship-biotecture-off-grid-living/"",""rank"":5,""source_class"":""S6"",""platform_type"":""news outlet"",""independence_group"":""G4"",""confidence"":""MEDIUM"",""quality_score"":0.5,""verification"":""search_index"",""evidence"":""Feature written from a visit - independent journalism""},{""url"":""https://ecovillage.org/"",""rank"":6,""source_class"":""S3"",""platform_type"":""directory listing"",""independence_group"":""G1"",""confidence"":""HIGH"",""quality_score"":0.3,""verification"":""search_index"",""evidence"":""Fixed network seed source""},{""url"":""https://ecovillage.org"",""rank"":7,""source_class"":""S3"",""platform_type"":""directory listing"",""independence_group"":""G1"",""confidence"":""HIGH"",""quality_score"":0.1,""verification"":""fixed_global_source"",""evidence"":""Mandatory Global Ecovillage Network network-level seed, present on every row; not evidence that this community is GEN-registered - see gen_community_status""}]",search_index,,,,,COMPLETE,HIGH,no,,"the export gave 4 geocoder candidates and picked none; candidate 4 is the one that matches this community's published address, and is what latitude/longitude now carry - the export's original first candidate is kept in latitude_as_exported/longitude_as_exported | BEST GOVERNMENT PAPER TRAIL IN THE COHORT: in MARCH 2004 the Taos County Commission formally approved the development, subject to conditions - private ownership of individual lots, uniform roads and standardised house plans - so there is a county planning record with a hard date, and the conditions themselves predict what the imagery will show. THE WORLD'S FIRST EARTHSHIP SUBDIVISION, founded by Mike Reynolds of Earthship Biotecture. AREA FIGURES DIFFER BY SOURCE AND ARE BOTH RECORDED: total given as '600+ acres' and as '634 acres'; shared/common land given as 'more than 300 acres' and as '347 acres'. At least 130 full-time residents. Fully off-grid on solar and wind. Explicitly a 20-year build-out, so growth should be gradual and lot-by-lot rather than a single construction event. Earthships are earth-bermed and made from rammed tyres, so the roof signature is unusual and thermal or built-up classifiers may under-count them. COORDINATE RESOLVED: the apparent location conflict on this row was not a conflict in the underlying record. The export carried four geocoder candidates for this community and picked none; the first of them - the one a reader takes by default - was the wrong one. Candidate 4 matches the published address above and is now what latitude/longitude carry. The export's original first coordinate is preserved in latitude_as_exported/longitude_as_exported and all four candidates remain in coordinate_candidates.",2026-08-28,1.0.0
IC185,Wind Spirit Community,33.146860,-110.835378,United States,FULL,,https://windspiritcommunity.org/about/ | https://cronkitenews.azpbs.org/2018/03/19/eco-villages/ | https://www.ic.org/arizona-ecovillages/ | https://find.coop/organizations/22305-wind-spirit-community | https://ecovillage.org/ | https://ecovillage.org,Wind Spirit Community,Wind Spirit Community,no,Wind Spirit Community; Wind Spirit; Wind Spirit Community Inc; formerly part of Christmas Star Community,SETTLEMENT,204; 205; 206; 207,verified_against_published_address_candidate_4,4,101.273,"32.920233,-110.728282 | 33.119606,-110.705413 | 32.239667,-110.931139 | 33.146860,-110.835378",MULTIPLE_CANDIDATES_RESOLVED,32.920233,-110.728282,HIGH,"published locality: Dripping Springs Valley, Pinal County, Arizona [https://windspiritcommunity.org/about/]. c4 is in the Dripping Springs Valley; c3 is Tucson, the decoy slot.",US,USA,Arizona; Pinal County; Dripping Springs Valley,HIGH,coordinate_gazetteer+official_site,https://windspiritcommunity.org/about/,US,UNANIMOUS,Florence (53.0 km),https://ecovillage.org,FIXED_GLOBAL_SOURCE,,NOT_FOUND,search_index_negative,site:ecovillage.org and open-web searches returned no GEN community page; the community's directory presence is on the Foundation for Intentional Community and find.coop instead,G1,6,4,S3; S4; S6,S3,"[{""url"":""https://windspiritcommunity.org/about/"",""rank"":1,""source_class"":""S4"",""platform_type"":""own website"",""independence_group"":""G1"",""confidence"":""HIGH"",""quality_score"":0.88,""verification"":""search_index"",""evidence"":""Official About page - source of the 16 acres, the 2,700 ft elevation, the 60+ tree varieties and the Christmas Star Community predecessor""},{""url"":""https://cronkitenews.azpbs.org/2018/03/19/eco-villages/"",""rank"":2,""source_class"":""S6"",""platform_type"":""news outlet"",""independence_group"":""G2"",""confidence"":""HIGH"",""quality_score"":0.7,""verification"":""search_index"",""evidence"":""Cronkite News (Arizona PBS / ASU's Cronkite School), dated 19 March 2018 - reported journalism covering Arizona ecovillages including this one and TerraSante (seq 186)""},{""url"":""https://www.ic.org/arizona-ecovillages/"",""rank"":3,""source_class"":""S3"",""platform_type"":""directory listing"",""independence_group"":""G3"",""confidence"":""MEDIUM"",""quality_score"":0.48,""verification"":""search_index"",""evidence"":""Foundation for Intentional Community page on Arizona ecovillages""},{""url"":""https://find.coop/organizations/22305-wind-spirit-community"",""rank"":4,""source_class"":""S3"",""platform_type"":""directory listing"",""independence_group"":""G4"",""confidence"":""LOW"",""quality_score"":0.34,""verification"":""search_index"",""evidence"":""find.coop cooperative directory record""},{""url"":""https://ecovillage.org/"",""rank"":5,""source_class"":""S3"",""platform_type"":""directory listing"",""independence_group"":""G1"",""confidence"":""HIGH"",""quality_score"":0.3,""verification"":""search_index"",""evidence"":""Fixed network seed source""},{""url"":""https://ecovillage.org"",""rank"":6,""source_class"":""S3"",""platform_type"":""directory listing"",""independence_group"":""G1"",""confidence"":""HIGH"",""quality_score"":0.1,""verification"":""fixed_global_source"",""evidence"":""Mandatory Global Ecovillage Network network-level seed, present on every row; not evidence that this community is GEN-registered - see gen_community_status""}]",search_index,,,,,COMPLETE,HIGH,no,,"the export gave 4 geocoder candidates and picked none; candidate 4 is the one that matches this community's published address, and is what latitude/longitude now carry - the export's original first candidate is kept in latitude_as_exported/longitude_as_exported | PRIOR-COMMUNITY LAND HISTORY, which matters for any baseline: the land 'was once part of the CHRISTMAS STAR COMMUNITY' - so this parcel was already an intentional community before Wind Spirit, and pre-Wind-Spirit imagery will not show untouched ground. About 30 years old. 16 ACRES in the Dripping Springs Valley, Pinal County, less than two hours from either Tucson or Phoenix. Elevation 2,700 ft, which the community says gives a year-round vegetable growing season. OVER 60 VARIETIES OF MATURE ORGANIC FRUIT AND NUT TREES plus natives - mature orchard, so tree cover here is decades old and is not a recent planting signal. At 16 acres this is one of the smallest parcels in the cohort and is near the resolution floor for coarse land-cover products. COORDINATE RESOLVED: the apparent location conflict on this row was not a conflict in the underlying record. The export carried four geocoder candidates for this community and picked none; the first of them - the one a reader takes by default - was the wrong one. Candidate 4 matches the published address above and is now what latitude/longitude carry. The export's original first coordinate is preserved in latitude_as_exported/longitude_as_exported and all four candidates remain in coordinate_candidates.",2026-08-28,1.0.0
IC186,TerraSante Village,32.111705,-111.254893,United States,FULL,,https://www.terrasante.org/ | https://www.azpm.org/s/5443-the-terrasante-experiment/ | https://cronkitenews.azpbs.org/2018/03/19/eco-villages/ | http://harmonyandhealth.org/community/ | https://find.coop/organizations/22051-terrasante-village-terrasante-community-sacred-earth-neighborhood | https://ecovillage.org/ | https://ecovillage.org,TerraSante Village,TerraSante Village,no,TerraSante Village; Terrasante Village; TSV; Terrasante Community; Sacred Earth neighborhood; Harmony and Health Foundation,SETTLEMENT,208; 209; 210; 211,verified_against_published_address_candidate_4,4,62.207,"31.952695,-110.933283 | 32.126271,-111.560682 | 32.170992,-110.972659 | 32.111705,-111.254893",MULTIPLE_CANDIDATES_RESOLVED,31.952695,-110.933283,HIGH,"published locality: 13535 W. Sacred Earth Pl., Tucson AZ 85735 - the Three Points area, about 25 miles south-west of Tucson [https://www.terrasante.org/]. c4 is west of Tucson in the 85735 area. c1 is south-east of the city near Sahuarita - the location conflict recorded against this row.",US,USA,"Arizona; Pima County; Three Points area west of Tucson, 85735",HIGH,coordinate_gazetteer+official_site,https://www.terrasante.org/,US,UNANIMOUS,Drexel Heights (21.6 km),https://ecovillage.org,FIXED_GLOBAL_SOURCE,,NOT_FOUND,search_index_negative,site:ecovillage.org and open-web searches returned no GEN community page,G1,7,4,S3; S4; S6,S3,"[{""url"":""https://www.terrasante.org/"",""rank"":1,""source_class"":""S4"",""platform_type"":""own website"",""independence_group"":""G1"",""confidence"":""HIGH"",""quality_score"":0.88,""verification"":""search_index"",""evidence"":""Official site - source of the 8.4-of-160-acre figure, the address and the 2008/2011 incorporation dates""},{""url"":""https://www.azpm.org/s/5443-the-terrasante-experiment/"",""rank"":2,""source_class"":""S6"",""platform_type"":""news outlet"",""independence_group"":""G2"",""confidence"":""HIGH"",""quality_score"":0.72,""verification"":""search_index"",""evidence"":""Arizona Public Media documentary segment 'The TerraSante Experiment' - public-service broadcast journalism filmed on site""},{""url"":""https://cronkitenews.azpbs.org/2018/03/19/eco-villages/"",""rank"":3,""source_class"":""S6"",""platform_type"":""news outlet"",""independence_group"":""G3"",""confidence"":""MEDIUM"",""quality_score"":0.62,""verification"":""search_index"",""evidence"":""Cronkite News, 19 March 2018 - Arizona ecovillages report covering this community""},{""url"":""http://harmonyandhealth.org/community/"",""rank"":4,""source_class"":""S4"",""platform_type"":""secondary or former website"",""independence_group"":""G1"",""confidence"":""MEDIUM"",""quality_score"":0.5,""verification"":""search_index"",""evidence"":""Harmony and Health Foundation community page - the affiliated non-profit's own account""},{""url"":""https://find.coop/organizations/22051-terrasante-village-terrasante-community-sacred-earth-neighborhood"",""rank"":5,""source_class"":""S3"",""platform_type"":""directory listing"",""independence_group"":""G4"",""confidence"":""LOW"",""quality_score"":0.34,""verification"":""search_index"",""evidence"":""find.coop record; useful mainly because it names the village and the wider neighbourhood as distinct entities""},{""url"":""https://ecovillage.org/"",""rank"":6,""source_class"":""S3"",""platform_type"":""directory listing"",""independence_group"":""G1"",""confidence"":""HIGH"",""quality_score"":0.3,""verification"":""search_index"",""evidence"":""Fixed network seed source""},{""url"":""https://ecovillage.org"",""rank"":7,""source_class"":""S3"",""platform_type"":""directory listing"",""independence_group"":""G1"",""confidence"":""HIGH"",""quality_score"":0.1,""verification"":""fixed_global_source"",""evidence"":""Mandatory Global Ecovillage Network network-level seed, present on every row; not evidence that this community is GEN-registered - see gen_community_status""}]",search_index,,,,,COMPLETE,HIGH,no,,"the export gave 4 geocoder candidates and picked none; candidate 4 is the one that matches this community's published address, and is what latitude/longitude now carry - the export's original first candidate is kept in latitude_as_exported/longitude_as_exported | LOCATION QUERY, NOW RESOLVED - The published address is in the 85735 ZIP (the Three Points / Robles Junction area WEST of Tucson) and the community describes itself as 25 miles south-WEST of Tucson; the gazetteer's nearest town for the cohort coordinate is Sahuarita, which is south-EAST of Tucson. Re-fix the point before crawling. EXPLICIT NESTED PARCEL, which is the key figure here: the village occupies 8.4 ACRES WITHIN A 160-ACRE Terrasante / Sacred Earth neighbourhood - so 'the community' and 'the land it sits in' are two different areas by a factor of nearly twenty, and choosing the wrong one changes every areal statistic. Sonoran desert at 2,450 ft. Arizona non-profit from 2008, 501(c)(3) from 2011. Runs as a living laboratory for permaculture, earth architecture, solar and renewable energy, water harvesting and locally sustainable agriculture. COORDINATE RESOLVED: the apparent location conflict on this row was not a conflict in the underlying record. The export carried four geocoder candidates for this community and picked none; the first of them - the one a reader takes by default - was the wrong one. Candidate 4 matches the published address above and is now what latitude/longitude carry. The export's original first coordinate is preserved in latitude_as_exported/longitude_as_exported and all four candidates remain in coordinate_candidates.",2026-08-28,1.0.0
IC187,Catfarm,43.498233,3.657874,France,FULL,,https://catfarm.net/about-us/ | https://catfarm.net/community-living/ | https://ecovillage.org/ecovillage/catfarm/impact-assessment/ | https://voluntouring.org/2019/08/16/catfarm-community-south-of-france/ | https://www.creativecultureguide.org/resources/catfarm | https://ecovillage.org/ | https://ecovillage.org,Catfarm,Catfarm,no,Catfarm; the Catfarm; Cat farm; Catfarm Poussan,SETTLEMENT,212; 213; 214; 215,verified_against_published_address_candidate_4,4,41.629,"43.518894,3.142473 | 43.594831,3.400745 | 43.355072,3.226497 | 43.498233,3.657874",MULTIPLE_CANDIDATES_RESOLVED,43.518894,3.142473,HIGH,"published locality: near Poussan, Herault [https://catfarm.net/about-us/]. c4 sits on Poussan. c1 is far west towards Beziers, which is why the gazetteer named the wrong town for this row.",FR,FRA,Occitanie; Herault; near Poussan,HIGH,coordinate_gazetteer+official_site,https://catfarm.net/about-us/,FR,UNANIMOUS,Frontignan (9.7 km),https://ecovillage.org,FIXED_GLOBAL_SOURCE,https://ecovillage.org/ecovillage/catfarm/impact-assessment/,VERIFIED_COMMUNITY_SOURCE_SUBPAGE_ONLY,search_index,"site:ecovillage.org indexed only the community's Ecovillage Impact Assessment SUBPAGE at /ecovillage/catfarm/impact-assessment/. The parent /ecovillage/catfarm/ is implied by that path but was NOT itself returned by any search, so only the observed URL is recorded and the status is marked subpage-only rather than promoting an unobserved parent URL.",G1,7,3,S3; S4; S6,S3,"[{""url"":""https://catfarm.net/about-us/"",""rank"":1,""source_class"":""S4"",""platform_type"":""own website"",""independence_group"":""G1"",""confidence"":""HIGH"",""quality_score"":0.88,""verification"":""search_index"",""evidence"":""Official About page""},{""url"":""https://catfarm.net/community-living/"",""rank"":2,""source_class"":""S4"",""platform_type"":""own website"",""independence_group"":""G1"",""confidence"":""HIGH"",""quality_score"":0.72,""verification"":""search_index"",""evidence"":""Official community-living page describing the site and the membership model""},{""url"":""https://ecovillage.org/ecovillage/catfarm/impact-assessment/"",""rank"":3,""source_class"":""S3"",""platform_type"":""directory listing"",""independence_group"":""G1"",""confidence"":""HIGH"",""quality_score"":0.68,""verification"":""search_index"",""evidence"":""GEN Ecovillage Impact Assessment page for Catfarm - a structured GEN self-assessment record, and the only GEN path actually observed""},{""url"":""https://voluntouring.org/2019/08/16/catfarm-community-south-of-france/"",""rank"":4,""source_class"":""S6"",""platform_type"":""blog platform"",""independence_group"":""G2"",""confidence"":""MEDIUM"",""quality_score"":0.5,""verification"":""search_index"",""evidence"":""Dated August 2019 outside account of a stay at the farm""},{""url"":""https://www.creativecultureguide.org/resources/catfarm"",""rank"":5,""source_class"":""S3"",""platform_type"":""directory listing"",""independence_group"":""G3"",""confidence"":""LOW"",""quality_score"":0.36,""verification"":""search_index"",""evidence"":""Creative Culture Guide directory record""},{""url"":""https://ecovillage.org/"",""rank"":6,""source_class"":""S3"",""platform_type"":""directory listing"",""independence_group"":""G1"",""confidence"":""HIGH"",""quality_score"":0.3,""verification"":""search_index"",""evidence"":""Fixed network seed source""},{""url"":""https://ecovillage.org"",""rank"":7,""source_class"":""S3"",""platform_type"":""directory listing"",""independence_group"":""G1"",""confidence"":""HIGH"",""quality_score"":0.1,""verification"":""fixed_global_source"",""evidence"":""Mandatory Global Ecovillage Network network-level seed, present on every row; not evidence that this community is GEN-registered - see gen_community_status""}]",search_index,,,,,COMPLETE,HIGH,yes,gen_page_qualified,"the export gave 4 geocoder candidates and picked none; candidate 4 is the one that matches this community's published address, and is what latitude/longitude now carry - the export's original first candidate is kept in latitude_as_exported/longitude_as_exported | ADMIN NOTE: sources place the farm near POUSSAN in the Herault; the gazetteer's nearest city for the cohort coordinate is Beziers, also in the Herault but a different part of it - worth verifying, though the department is not in doubt. An OFF-GRID community and educational non-profit on a rural farmhouse property. Membership is highly transient - international volunteers on a one-month minimum, ESC participants, digital nomads and artists - so resident counts are unstable and the documentary record is volunteer-facing. Off-grid status means no grid connection to trace and a small, low-contrast built footprint. Hosts volunteers through Worldpackers and through GEN itself, which is how it enters the network. COORDINATE RESOLVED: the apparent location conflict on this row was not a conflict in the underlying record. The export carried four geocoder candidates for this community and picked none; the first of them - the one a reader takes by default - was the wrong one. Candidate 4 matches the published address above and is now what latitude/longitude carry. The export's original first coordinate is preserved in latitude_as_exported/longitude_as_exported and all four candidates remain in coordinate_candidates.",2026-08-28,1.0.0
IC188,Grishino Ecovillage,61.425742,34.439842,Russia,FULL,,https://ecovillage.org/project/ecovillage-grishino/ | https://www.wikidata.org/wiki/Q18406117 | https://www.youtube.com/watch?v=Sb9VATyxjZI | https://ecovillage.org/ | https://ecovillage.org,Grishino Ecovillage,Grishino Ecovillage,no,"Grishino Ecovillage; Ecovillage Grishino; Ekoposelenie Grishino; Grishino, Podporozhsky District",SETTLEMENT,216; 217; 218; 219,first_source_row,4,58.403,"61.425742,34.439842 | 60.973294,34.542661 | 60.920762,34.140283 | 61.087028,34.081300",MULTIPLE_CANDIDATES_UNRESOLVED,61.425742,34.439842,LOW,"published locality: Grishino, Vashinskoye, Podporozhsky District, Leningrad Oblast [https://www.wikidata.org/wiki/Q18406117]. UNRESOLVED. The decoy test cannot be applied here: there is no city above the gazetteer's size threshold anywhere near any of the four candidates, so no slot betrays itself as the nearest-city fallback. Two candidates sit in Podporozhsky District and two further north in Karelia, and the published record names the district but not a coordinate. Left for a coder with Russian settlement data rather than guessed at.",RU,RUS,Leningrad Oblast; Podporozhsky District; Vashinskoye settlement; Grishino,HIGH,coordinate_gazetteer+gen_page,https://ecovillage.org/project/ecovillage-grishino/,RU,UNANIMOUS,Petrozavodsk (40.2 km),https://ecovillage.org,FIXED_GLOBAL_SOURCE,https://ecovillage.org/project/ecovillage-grishino/,VERIFIED_COMMUNITY_SOURCE,search_index,site:ecovillage.org returned 'Ecovillage Grishino - Global Ecovillage Network',G1,5,2,S3; S7,S3,"[{""url"":""https://ecovillage.org/project/ecovillage-grishino/"",""rank"":1,""source_class"":""S3"",""platform_type"":""directory listing"",""independence_group"":""G1"",""confidence"":""HIGH"",""quality_score"":0.72,""verification"":""search_index"",""evidence"":""Verified GEN project page - source of the 1993 founding, the seven year-round residents and the two community houses""},{""url"":""https://www.wikidata.org/wiki/Q18406117"",""rank"":2,""source_class"":""S3"",""platform_type"":""other"",""independence_group"":""G2"",""confidence"":""MEDIUM"",""quality_score"":0.52,""verification"":""search_index"",""evidence"":""Wikidata item fixing the settlement's administrative placement (Vashinskoye, Podporozhsky District, Leningrad Oblast) - the record that separates it from the homonymous villages""},{""url"":""https://www.youtube.com/watch?v=Sb9VATyxjZI"",""rank"":3,""source_class"":""S7"",""platform_type"":""YouTube"",""independence_group"":""G1"",""confidence"":""LOW"",""quality_score"":0.32,""verification"":""search_index"",""evidence"":""Community presentation video - visual context only""},{""url"":""https://ecovillage.org/"",""rank"":4,""source_class"":""S3"",""platform_type"":""directory listing"",""independence_group"":""G1"",""confidence"":""HIGH"",""quality_score"":0.3,""verification"":""search_index"",""evidence"":""Fixed network seed source""},{""url"":""https://ecovillage.org"",""rank"":5,""source_class"":""S3"",""platform_type"":""directory listing"",""independence_group"":""G1"",""confidence"":""HIGH"",""quality_score"":0.1,""verification"":""fixed_global_source"",""evidence"":""Mandatory Global Ecovillage Network network-level seed, present on every row; not evidence that this community is GEN-registered - see gen_community_status""}]",search_index,,,,,COMPLETE,MEDIUM,yes,multiple_coordinate_candidates; identity_confidence_below_high,"the source file gave 4 coordinates for this one name, up to 58 km apart, so at most one can be the site; all are preserved and none is asserted | DISAMBIGUATION IS ESSENTIAL: there are at least five other Russian settlements called Grishino (in Vologda, Ivanovo and Vladimir Oblasts), and a name-only search returns them first. THIS one is in PODPOROZHSKY DISTRICT, LENINGRAD OBLAST, about 300 km north-east of St Petersburg, at the confluence of two rivers; the gazetteer's nearest large city is Petrozavodsk in Karelia, which is consistent because Podporozhye sits close to the Karelian border. Founded 1993 - one of the first ecovillages in Russia, so it has a long record. VERY SMALL PERMANENT POPULATION: SEVEN people year-round, in two community houses in traditional Russian style, with residents building individual log houses. Several vegetable gardens and a large wildflower meadow. A settlement this small in a forested landscape is at genuine risk of being invisible to coarse land-cover products, and I12 crawl_truncated is a live risk given the thin online record.",2026-08-28,1.0.0
IC189,Hurdal Ecovillage,60.411096,11.052614,Norway,FULL,,https://www.mdpi.com/2071-1050/10/6/2074 | https://www.tandfonline.com/doi/full/10.1080/15487733.2024.2393912 | https://www.tandfonline.com/doi/full/10.1080/04353684.2024.2392598 | https://www.sciencedirect.com/science/article/pii/S0743016722002224 | https://hurdallandsbyene.no/en/ | https://gaiaeducation.medium.com/the-story-of-hurdal-ecovillage-18d667106fe5 | https://www.hyllanderiksen.net/blog/2018/12/12/hurdal-ecovillage-as-an-alternative-ecological-space | https://ecovillage.org/ | https://ecovillage.org,Hurdal Ecovillage,Hurdal Ecovillage,no,Hurdal Ecovillage; Hurdal Okolandsby; Hurdal Oekolandsby; Hurdalsjoen Okologiske Landsby; Hurdal Landsbyene; Baerekraftsdalen (The Sustainable Valley),SETTLEMENT,220; 221; 222; 223,verified_against_published_address_candidate_4,4,87.849,"60.740503,11.366020 | 60.047314,11.567405 | 60.799045,11.074949 | 60.411096,11.052614",MULTIPLE_CANDIDATES_RESOLVED,60.740503,11.366020,HIGH,"published locality: Hurdal municipality, Akershus, about 80 km north of Oslo [https://hurdallandsbyene.no/en/]. c4 lands on Hurdal. c1 is away to the north-east towards Hamar in a neighbouring county - the conflict flagged on this row.",NO,NOR,"Akershus; Hurdal municipality, about 80 km north of Oslo",HIGH,coordinate_gazetteer+academic+official_site,https://hurdallandsbyene.no/en/,NO,UNANIMOUS,Hamar (42.6 km),https://ecovillage.org,FIXED_GLOBAL_SOURCE,,NOT_FOUND,search_index_negative,"site:ecovillage.org searched under Hurdal, Hurdal Ecovillage and Hurdal okolandsby; no ecovillage.org community page was returned - the results were academic articles and third-party directories instead",G1,9,6,S1; S3; S4,S1,"[{""url"":""https://www.mdpi.com/2071-1050/10/6/2074"",""rank"":1,""source_class"":""S1"",""platform_type"":""other"",""independence_group"":""G2"",""confidence"":""HIGH"",""quality_score"":0.94,""verification"":""search_index"",""evidence"":""'The Creation of an Ecovillage: Handling Identities in a Norwegian Sustainable Valley', Sustainability 2018 - open-access peer-reviewed case study of this site""},{""url"":""https://www.tandfonline.com/doi/full/10.1080/15487733.2024.2393912"",""rank"":2,""source_class"":""S1"",""platform_type"":""other"",""independence_group"":""G3"",""confidence"":""HIGH"",""quality_score"":0.92,""verification"":""search_index"",""evidence"":""'Ecovillage scale-up and its well-being challenges: a case study from Norway', Sustainability: Science, Practice and Policy 2024 - peer-reviewed study of the phase-2 scale-up specifically""},{""url"":""https://www.tandfonline.com/doi/full/10.1080/04353684.2024.2392598"",""rank"":3,""source_class"":""S1"",""platform_type"":""other"",""independence_group"":""G4"",""confidence"":""HIGH"",""quality_score"":0.9,""verification"":""search_index"",""evidence"":""'Negotiating sustainability and place: migration to an ecovillage and local community', Geografiska Annaler Series B 2024 - peer-reviewed, on migration into Hurdal""},{""url"":""https://www.sciencedirect.com/science/article/pii/S0743016722002224"",""rank"":4,""source_class"":""S1"",""platform_type"":""other"",""independence_group"":""G5"",""confidence"":""HIGH"",""quality_score"":0.88,""verification"":""search_index"",""evidence"":""'Alternative places for alternative people? A changing ecovillage discourse from Othered lifestyle to another rurality', Journal of Rural Studies 2022""},{""url"":""https://hurdallandsbyene.no/en/"",""rank"":5,""source_class"":""S4"",""platform_type"":""own website"",""independence_group"":""G1"",""confidence"":""HIGH"",""quality_score"":0.84,""verification"":""search_index"",""evidence"":""Official site of the Hurdal villages""},{""url"":""https://gaiaeducation.medium.com/the-story-of-hurdal-ecovillage-18d667106fe5"",""rank"":6,""source_class"":""S4"",""platform_type"":""blog platform"",""independence_group"":""G1"",""confidence"":""MEDIUM"",""quality_score"":0.6,""verification"":""search_index"",""evidence"":""'The story of Hurdal Ecovillage' by Simen Torp, the founder - the community's own account, published via Gaia Education""},{""url"":""https://www.hyllanderiksen.net/blog/2018/12/12/hurdal-ecovillage-as-an-alternative-ecological-space"",""rank"":7,""source_class"":""S1"",""platform_type"":""blog platform"",""independence_group"":""G6"",""confidence"":""MEDIUM"",""quality_score"":0.58,""verification"":""search_index"",""evidence"":""Field note by Thomas Hylland Eriksen, professor of social anthropology, dated December 2018 - scholarly but not peer-reviewed""},{""url"":""https://ecovillage.org/"",""rank"":8,""source_class"":""S3"",""platform_type"":""directory listing"",""independence_group"":""G1"",""confidence"":""HIGH"",""quality_score"":0.3,""verification"":""search_index"",""evidence"":""Fixed network seed source""},{""url"":""https://ecovillage.org"",""rank"":9,""source_class"":""S3"",""platform_type"":""directory listing"",""independence_group"":""G1"",""confidence"":""HIGH"",""quality_score"":0.1,""verification"":""fixed_global_source"",""evidence"":""Mandatory Global Ecovillage Network network-level seed, present on every row; not evidence that this community is GEN-registered - see gen_community_status""}]",search_index,,,,,COMPLETE,HIGH,no,,"the export gave 4 geocoder candidates and picked none; candidate 4 is the one that matches this community's published address, and is what latitude/longitude now carry - the export's original first candidate is kept in latitude_as_exported/longitude_as_exported | BY FAR THE MOST HEAVILY STUDIED COMMUNITY IN THIS COHORT - at least four peer-reviewed journal articles, in Sustainability (2018), Journal of Rural Studies (2022), Geografiska Annaler B (2024) and Sustainability: Science, Practice and Policy (2024). Any documentary analysis that misses these is missing the bulk of the evidence. TWO SHARPLY DIFFERENT DEVELOPMENT PHASES, which is the single most important fact for change detection: PHASE 1, roughly 2002-2013, members jointly owned the land and self-built their houses; PHASE 2, from 2013, professional developers took over and sold ready-made houses to individual families. Expect a slow, irregular early signal and then a fast, regular one. The founding farm had 16 HA OF FERTILE FARMLAND plus substantial forest, a lakeshore beach and a river. By November 2016, 160+ residents and 70 houses sold, against a plan of 200 dwellings and about 500 people. Hurdal municipality has under 3,000 inhabitants and renamed its district Baerekraftsdalen, 'The Sustainable Valley' - so municipal records exist. The vision dates back to a group of 40-50 people in the mid-1990s. ADMIN NOTE: the gazetteer's nearest city is Hamar, which is in a neighbouring county; verify the point. COORDINATE RESOLVED: the apparent location conflict on this row was not a conflict in the underlying record. The export carried four geocoder candidates for this community and picked none; the first of them - the one a reader takes by default - was the wrong one. Candidate 4 matches the published address above and is now what latitude/longitude carry. The export's original first coordinate is preserved in latitude_as_exported/longitude_as_exported and all four candidates remain in coordinate_candidates.",2026-08-28,1.0.0
IC190,Nackunga Community,59.024944,17.564475,Sweden,FULL,,https://ecovillage.org/ecovillage/nackunga-community/ | https://ecovillage.org/gen_country/sweden/ | https://ecovillage.org/ | https://ecovillage.org,Nackunga Community,Nackunga Community,no,Nackunga Community; Nackunga,SETTLEMENT,224; 225; 226; 227,verified_against_published_address_candidate_4,4,46.581,"58.921292,17.450216 | 59.208488,16.996666 | 59.189880,17.813966 | 59.024944,17.564475",MULTIPLE_CANDIDATES_RESOLVED,58.921292,17.450216,MEDIUM,"published locality: the area around Jarna, south of Stockholm [https://ecovillage.org/ecovillage/nackunga-community/]. c4 is the closest of the four to Jarna, which is the only locality GEN gives. MEDIUM because 'the area around Jarna' is not an address and cannot separate candidates at the kilometre scale.",SE,SWE,Sodermanland; between Nykoping and the Jarna area south of Stockholm - see notes,HIGH,coordinate_gazetteer+gen_page,https://ecovillage.org/ecovillage/nackunga-community/,SE,UNANIMOUS,Södertälje (19.3 km),https://ecovillage.org,FIXED_GLOBAL_SOURCE,https://ecovillage.org/ecovillage/nackunga-community/,VERIFIED_COMMUNITY_SOURCE,search_index,site:ecovillage.org returned 'Nackunga Community - Global Ecovillage Network'; also listed on GEN's Sweden country archive,G1,4,1,S3,S3,"[{""url"":""https://ecovillage.org/ecovillage/nackunga-community/"",""rank"":1,""source_class"":""S3"",""platform_type"":""directory listing"",""independence_group"":""G1"",""confidence"":""HIGH"",""quality_score"":0.7,""verification"":""search_index"",""evidence"":""Verified GEN community page - the only substantive record found""},{""url"":""https://ecovillage.org/gen_country/sweden/"",""rank"":2,""source_class"":""S3"",""platform_type"":""directory listing"",""independence_group"":""G1"",""confidence"":""MEDIUM"",""quality_score"":0.38,""verification"":""search_index"",""evidence"":""GEN Sweden country archive - corroborates the listing but adds nothing about the site""},{""url"":""https://ecovillage.org/"",""rank"":3,""source_class"":""S3"",""platform_type"":""directory listing"",""independence_group"":""G1"",""confidence"":""HIGH"",""quality_score"":0.3,""verification"":""search_index"",""evidence"":""Fixed network seed source""},{""url"":""https://ecovillage.org"",""rank"":4,""source_class"":""S3"",""platform_type"":""directory listing"",""independence_group"":""G1"",""confidence"":""HIGH"",""quality_score"":0.1,""verification"":""fixed_global_source"",""evidence"":""Mandatory Global Ecovillage Network network-level seed, present on every row; not evidence that this community is GEN-registered - see gen_community_status""}]",search_index,,,,,COMPLETE,MEDIUM,yes,coordinate_resolved_below_high; single_independence_group; identity_confidence_below_high,"the export gave 4 geocoder candidates and picked none; candidate 4 is the one that matches this community's published address, and is what latitude/longitude now carry - the export's original first candidate is kept in latitude_as_exported/longitude_as_exported | THIN RECORD - the GEN page is effectively the only substantive source found, and I12 crawl_truncated should be considered live for this row. An intentional community of families and adults living and working together, running outward-facing projects in Transition, reconnection with nature and self-development. LOCATION IS ONLY LOOSELY FIXED: the GEN text places it 'in the area around Jarna, south of Stockholm', while the cohort coordinate's nearest city is Nykoping - these are in the same broad Sodermanland corridor but are not the same place, and no precise address was found. No land area, member count or founding date was published anywhere the search reached. Do not infer any of these. COORDINATE RESOLVED: the apparent location conflict on this row was not a conflict in the underlying record. The export carried four geocoder candidates for this community and picked none; the first of them - the one a reader takes by default - was the wrong one. Candidate 4 matches the published address above and is now what latitude/longitude carry. The export's original first coordinate is preserved in latitude_as_exported/longitude_as_exported and all four candidates remain in coordinate_candidates.",2026-08-28,1.0.0
IC191,Tuggelite Ecovillage,59.422998,13.438836,Sweden,FULL,,https://www.diva-portal.org/smash/get/diva2:225216/FULLTEXT01.pdf | https://www.diva-portal.org/smash/get/diva2:962977/FULLTEXT01.pdf | https://hbvarmland.se/brf-tuggelite/ | http://www.ekoby.org/cs1.html | https://www.youtube.com/watch?v=eDzrLIFudMs | https://ecovillage.org/ | https://ecovillage.org,Tuggelite Ecovillage,Tuggelite Ecovillage,no,Tuggelite; Ekoby Tuggelite; BRF Tuggelite; Brf Tuggelite Karlstad; Tuggelite ekoby,SETTLEMENT,228; 229; 230; 231,verified_against_published_address_candidate_4,4,27.008,"59.384740,13.047757 | 59.377628,13.369102 | 59.391109,13.524578 | 59.422998,13.438836",MULTIPLE_CANDIDATES_RESOLVED,59.384740,13.047757,HIGH,"published locality: Skare, about 10 km north of Karlstad [https://hbvarmland.se/brf-tuggelite/]. c4 sits on Skare, north-west of Karlstad, exactly as the published address describes. c3 is Karlstad city, the decoy slot.",SE,SWE,"Varmland; Karlstad Municipality; Skare, about 10 km north of Karlstad",HIGH,coordinate_gazetteer+multiple_published_sources,https://hbvarmland.se/brf-tuggelite/,SE,UNANIMOUS,Karlstad (6.1 km),https://ecovillage.org,FIXED_GLOBAL_SOURCE,,NOT_FOUND,search_index_negative,site:ecovillage.org returned nothing for Tuggelite - the query produced only generic ecovillage pages and Wikipedia. Sweden's first ecovillage does not appear to have a GEN community page.,G1,7,6,S1; S2; S3; S7,S1,"[{""url"":""https://www.diva-portal.org/smash/get/diva2:225216/FULLTEXT01.pdf"",""rank"":1,""source_class"":""S1"",""platform_type"":""other"",""independence_group"":""G2"",""confidence"":""HIGH"",""quality_score"":0.88,""verification"":""search_index"",""evidence"":""Full-text Karlstad University thesis on Tuggelite, via DiVA, the Swedish academic repository""},{""url"":""https://www.diva-portal.org/smash/get/diva2:962977/FULLTEXT01.pdf"",""rank"":2,""source_class"":""S1"",""platform_type"":""other"",""independence_group"":""G3"",""confidence"":""HIGH"",""quality_score"":0.84,""verification"":""search_index"",""evidence"":""Full-text master's thesis in Sustainable Development (no. 312) covering Tuggelite, via DiVA - a separate author and work from the above, so a separate independence group""},{""url"":""https://hbvarmland.se/brf-tuggelite/"",""rank"":3,""source_class"":""S2"",""platform_type"":""other"",""independence_group"":""G4"",""confidence"":""HIGH"",""quality_score"":0.7,""verification"":""search_index"",""evidence"":""Hallbart Byggande i Varmland (Sustainable Building in Varmland) record for BRF Tuggelite - a regional building-sector institutional source with the 1984 inauguration and the 16-household figure""},{""url"":""http://www.ekoby.org/cs1.html"",""rank"":4,""source_class"":""S2"",""platform_type"":""other"",""independence_group"":""G5"",""confidence"":""MEDIUM"",""quality_score"":0.58,""verification"":""search_index"",""evidence"":""Martha Norbeck's ekoby.org case study of Tuggelite - an architect's technical case record""},{""url"":""https://www.youtube.com/watch?v=eDzrLIFudMs"",""rank"":5,""source_class"":""S7"",""platform_type"":""YouTube"",""independence_group"":""G6"",""confidence"":""LOW"",""quality_score"":0.34,""verification"":""search_index"",""evidence"":""Video feature, 'Tuggelite - Sveriges forsta (moderna) ekoby'""},{""url"":""https://ecovillage.org/"",""rank"":6,""source_class"":""S3"",""platform_type"":""directory listing"",""independence_group"":""G1"",""confidence"":""HIGH"",""quality_score"":0.3,""verification"":""search_index"",""evidence"":""Fixed network seed source""},{""url"":""https://ecovillage.org"",""rank"":7,""source_class"":""S3"",""platform_type"":""directory listing"",""independence_group"":""G1"",""confidence"":""HIGH"",""quality_score"":0.1,""verification"":""fixed_global_source"",""evidence"":""Mandatory Global Ecovillage Network network-level seed, present on every row; not evidence that this community is GEN-registered - see gen_community_status""}]",search_index,,,,,COMPLETE,HIGH,no,,"the export gave 4 geocoder candidates and picked none; candidate 4 is the one that matches this community's published address, and is what latitude/longitude now carry - the export's original first candidate is kept in latitude_as_exported/longitude_as_exported | HISTORICALLY THE MOST IMPORTANT SWEDISH SITE IN THE COHORT: SWEDEN'S FIRST MODERN ECOVILLAGE, INAUGURATED IN 1984 - which makes it one of the earliest founding dates anywhere in this cohort and puts its construction before most usable satellite archives. Located at Skare, about 10 km north of Karlstad; the gazetteer's nearest city is Karlstad, so the coordinate is consistent. VERY SMALL AND DENSE: 16 households in FIVE APARTMENT BUILDINGS on a single block - this is a compact cohousing block, not a dispersed rural settlement, and at that footprint it will occupy only a handful of pixels in moderate-resolution imagery. Legally a bostadsrattsforening (housing cooperative), which is why Swedish property and building records exist for it. Features: composting toilets, shared gardens and greenhouses, a common house, a pellet boiler, and SOLAR PANELS ADDED IN 1988 - a dated retrofit. Two Swedish university theses on the site are available in full text through DiVA. COORDINATE RESOLVED: the apparent location conflict on this row was not a conflict in the underlying record. The export carried four geocoder candidates for this community and picked none; the first of them - the one a reader takes by default - was the wrong one. Candidate 4 matches the published address above and is now what latitude/longitude carry. The export's original first coordinate is preserved in latitude_as_exported/longitude_as_exported and all four candidates remain in coordinate_candidates.",2026-08-28,1.0.0
IC192,Ecotopia Romania — Stanciova,45.862744,21.575335,Romania,FULL,,https://glamurs.eu/case_study/the-region-of-banat-timis-romania/ | https://ecotopiaromania.wordpress.com/home/ | https://ecovillage.org/ecovillage/ecotopia-romania-association | https://ecobasa.org/en/communities/stanciova-an-open-community/ | https://ecovillage.org/ | https://ecovillage.org,Ecotopia Romania — Stanciova,Ecotopia Romania — Stanciova,no,Ecotopia Romania - Stanciova; Ecotopia Stanciova; Ecotopia Romania Association; Asociatia Ecotopia; Stanciova community,SETTLEMENT,232; 233; 234; 235,verified_against_published_address_candidate_4,4,59.226,"45.894688,21.880667 | 45.796329,22.010530 | 45.801507,21.246586 | 45.862744,21.575335",MULTIPLE_CANDIDATES_RESOLVED,45.894688,21.880667,HIGH,"published locality: Stanciova, Recas commune, Timis County [https://ecobasa.org/en/communities/stanciova-an-open-community/]. c4 falls on Stanciova between Timisoara and Lugoj; c3 is Timisoara itself, the decoy slot.",RO,ROU,Timis County; Recas commune; Stanciova,HIGH,coordinate_gazetteer+gen_page,https://ecovillage.org/ecovillage/ecotopia-romania-association,RO,UNANIMOUS,Timişoara (29.7 km),https://ecovillage.org,FIXED_GLOBAL_SOURCE,https://ecovillage.org/ecovillage/ecotopia-romania-association,VERIFIED_COMMUNITY_SOURCE,search_index,"site:ecovillage.org returned the community page, but it is FILED UNDER THE ASSOCIATION NAME 'Ecotopia Romania Association', not under Stanciova - a name-only search on 'Stanciova' does not reach it",G1,6,3,S1; S3; S4,S1,"[{""url"":""https://glamurs.eu/case_study/the-region-of-banat-timis-romania/"",""rank"":1,""source_class"":""S1"",""platform_type"":""other"",""independence_group"":""G2"",""confidence"":""HIGH"",""quality_score"":0.84,""verification"":""search_index"",""evidence"":""GLAMURS, an EU-funded research project on green lifestyles and sustainability transitions - its Banat-Timis case study covers this community; independent academic fieldwork""},{""url"":""https://ecovillage.org/ecovillage/ecotopia-romania-association"",""rank"":3,""source_class"":""S3"",""platform_type"":""directory listing"",""independence_group"":""G1"",""confidence"":""HIGH"",""quality_score"":0.7,""verification"":""search_index"",""evidence"":""Verified GEN community page, filed under the association name""},{""url"":""https://ecotopiaromania.wordpress.com/home/"",""rank"":2,""source_class"":""S4"",""platform_type"":""own website"",""independence_group"":""G1"",""confidence"":""HIGH"",""quality_score"":0.76,""verification"":""search_index"",""evidence"":""The association's own site, including a dated history of the 2001-2004 period""},{""url"":""https://ecobasa.org/en/communities/stanciova-an-open-community/"",""rank"":4,""source_class"":""S3"",""platform_type"":""directory listing"",""independence_group"":""G3"",""confidence"":""MEDIUM"",""quality_score"":0.5,""verification"":""search_index"",""evidence"":""Ecobasa network record, 'Stanciova - an open community'""},{""url"":""https://ecovillage.org/"",""rank"":5,""source_class"":""S3"",""platform_type"":""directory listing"",""independence_group"":""G1"",""confidence"":""HIGH"",""quality_score"":0.3,""verification"":""search_index"",""evidence"":""Fixed network seed source""},{""url"":""https://ecovillage.org"",""rank"":6,""source_class"":""S3"",""platform_type"":""directory listing"",""independence_group"":""G1"",""confidence"":""HIGH"",""quality_score"":0.1,""verification"":""fixed_global_source"",""evidence"":""Mandatory Global Ecovillage Network network-level seed, present on every row; not evidence that this community is GEN-registered - see gen_community_status""}]",search_index,,,,,COMPLETE,HIGH,no,,"the export gave 4 geocoder candidates and picked none; candidate 4 is the one that matches this community's published address, and is what latitude/longitude now carry - the export's original first candidate is kept in latitude_as_exported/longitude_as_exported | A RETROFIT INTO AN EXISTING VILLAGE, not a new settlement: the group moved INTO Stanciova, a poor village of about 300 houses and 400 inhabitants, and by their own account reached 7 HOUSEHOLDS - the largest group of this kind in Romania. So the community is a minority within an existing village footprint and cannot be separated from it in imagery. Origin: a student environmentalist group in Timisoara in 1997-98; the Stanciova initiative began in 2001. NOTABLE SHIFT: they arrived with a technology-led vision (LETS, solar panels, permaculture design) and deliberately abandoned it in favour of the host village's own needs - running the village kindergarten and renovating the public building - so the expected technological signals (solar arrays, new eco-buildings) may simply not exist. COORDINATE RESOLVED: the apparent location conflict on this row was not a conflict in the underlying record. The export carried four geocoder candidates for this community and picked none; the first of them - the one a reader takes by default - was the wrong one. Candidate 4 matches the published address above and is now what latitude/longitude carry. The export's original first coordinate is preserved in latitude_as_exported/longitude_as_exported and all four candidates remain in coordinate_candidates.",2026-08-28,1.0.0
IC193,Schloss Tempelhof,49.126124,10.206793,Germany,FULL,,https://www.schloss-tempelhof.de/ | https://www.gls.de/gls-bank/nachhaltigkeit/wo-wirkt-die-gls/nachhaltige-wirtschaft/schloss-tempelhof/ | https://de.wikipedia.org/wiki/Tempelhof_(Gemeinschaft) | https://sdg21.eu/en/db/schloss-tempelhof | https://gen-deutschland.de/projekt/schloss-tempelhof/ | https://ecovillage.org/schloss-tempelhof/ | https://ecovillage.org/ | https://ecovillage.org,Schloss Tempelhof,Schloss Tempelhof,no,Schloss Tempelhof; Gemeinschaft Schloss Tempelhof; Gemeinschaft Tempelhof; Tempelhof (Gemeinschaft); Stiftung Schloss Tempelhof,SETTLEMENT,236; 237; 238; 239,verified_against_published_address_candidate_4,4,33.994,"49.194100,10.369826 | 49.175155,10.561528 | 49.304795,10.586560 | 49.126124,10.206793",MULTIPLE_CANDIDATES_RESOLVED,49.194100,10.369826,HIGH,"published locality: Kressberg 74594, Schwabisch Hall district, Baden-Wurttemberg [https://de.wikipedia.org/wiki/Tempelhof_(Gemeinschaft)]. c4 is the only candidate in the Schwabisch Hall district, near Crailsheim, where Kressberg is. The other three are all in the Ansbach area in Bavaria, a different state; c3 is Ansbach itself, the decoy slot.",DE,DEU,Baden-Wurttemberg; Schwabisch Hall district; Kressberg; 74594,HIGH,coordinate_gazetteer+official_site,https://www.schloss-tempelhof.de/,DE,UNANIMOUS,Crailsheim (9.9 km),https://ecovillage.org,FIXED_GLOBAL_SOURCE,,NOT_FOUND,search_index_negative,site:ecovillage.org returned only ARTICLE pages about the community - /schloss-tempelhof/ ('The first Earthship in Germany') and a resources-library article - not a /project/ or /ecovillage/ community profile. Articles are recorded as sources; they are not promoted to a community page.,G1,8,4,S2; S3; S4,S2,"[{""url"":""https://www.schloss-tempelhof.de/"",""rank"":1,""source_class"":""S4"",""platform_type"":""own website"",""independence_group"":""G1"",""confidence"":""HIGH"",""quality_score"":0.88,""verification"":""search_index"",""evidence"":""Official site""},{""url"":""https://de.wikipedia.org/wiki/Tempelhof_(Gemeinschaft)"",""rank"":3,""source_class"":""S3"",""platform_type"":""other"",""independence_group"":""G2"",""confidence"":""HIGH"",""quality_score"":0.68,""verification"":""search_index"",""evidence"":""German Wikipedia article - the source of the 34 ha / 4 ha / 28 ha / 2 ha breakdown and the 2010 founding""},{""url"":""https://www.gls.de/gls-bank/nachhaltigkeit/wo-wirkt-die-gls/nachhaltige-wirtschaft/schloss-tempelhof/"",""rank"":2,""source_class"":""S2"",""platform_type"":""other"",""independence_group"":""G3"",""confidence"":""HIGH"",""quality_score"":0.74,""verification"":""search_index"",""evidence"":""GLS Bank's own record of financing the project - a dated financial-institution source independent of the community""},{""url"":""https://sdg21.eu/en/db/schloss-tempelhof"",""rank"":4,""source_class"":""S2"",""platform_type"":""other"",""independence_group"":""G4"",""confidence"":""MEDIUM"",""quality_score"":0.62,""verification"":""search_index"",""evidence"":""sdg21.eu sustainable-settlements database entry, 'Schloss Tempelhof mit Earthship' - a curated technical database record""},{""url"":""https://gen-deutschland.de/projekt/schloss-tempelhof/"",""rank"":5,""source_class"":""S3"",""platform_type"":""directory listing"",""independence_group"":""G1"",""confidence"":""HIGH"",""quality_score"":0.58,""verification"":""search_index"",""evidence"":""GEN Deutschland national network project record""},{""url"":""https://ecovillage.org/schloss-tempelhof/"",""rank"":6,""source_class"":""S3"",""platform_type"":""other"",""independence_group"":""G1"",""confidence"":""MEDIUM"",""quality_score"":0.48,""verification"":""search_index"",""evidence"":""GEN article on the community's Earthship - a GEN article page, explicitly not a community profile""},{""url"":""https://ecovillage.org/"",""rank"":7,""source_class"":""S3"",""platform_type"":""directory listing"",""independence_group"":""G1"",""confidence"":""HIGH"",""quality_score"":0.3,""verification"":""search_index"",""evidence"":""Fixed network seed source""},{""url"":""https://ecovillage.org"",""rank"":8,""source_class"":""S3"",""platform_type"":""directory listing"",""independence_group"":""G1"",""confidence"":""HIGH"",""quality_score"":0.1,""verification"":""fixed_global_source"",""evidence"":""Mandatory Global Ecovillage Network network-level seed, present on every row; not evidence that this community is GEN-registered - see gen_community_status""}]",search_index,,,,,COMPLETE,HIGH,no,,"the export gave 4 geocoder candidates and picked none; candidate 4 is the one that matches this community's published address, and is what latitude/longitude now carry - the export's original first candidate is kept in latitude_as_exported/longitude_as_exported | FOUNDING YEAR CORRECTED: 2010, not 2012 - German Wikipedia, GLS Bank and GEN all give 2010. FULL LAND BREAKDOWN, one of the most precise in the cohort: 34 HECTARES TOTAL, comprising 4 HA OF BUILDING LAND with numerous existing structures, 28 HA OF AGRICULTURAL LAND and 2 HA OF FOREST. Around 150 residents (roughly 100 adults and 50 children). Solidarische Landwirtschaft (community-supported agriculture) on permaculture principles. Site of the FIRST OFFICIALLY APPROVED EARTHSHIP IN GERMANY - an off-grid community building with kitchen, dining and living space and facilities for 25 people, at the centre of experimental living units in yurts and site trailers, so part of the residential stock is non-permanent and may not read as building. The site was an existing manor estate before 2010, so pre-community imagery shows farm buildings, not open land. FINANCING LEAVES A PAPER TRAIL: GLS Bank, the German ethical bank, publishes its role in the project. COORDINATE RESOLVED: the apparent location conflict on this row was not a conflict in the underlying record. The export carried four geocoder candidates for this community and picked none; the first of them - the one a reader takes by default - was the wrong one. Candidate 4 matches the published address above and is now what latitude/longitude carry. The export's original first coordinate is preserved in latitude_as_exported/longitude_as_exported and all four candidates remain in coordinate_candidates.",2026-08-28,1.0.0
IC194,Possibility Alliance,40.074724,-92.458811,United States,FULL,,https://www.motherearthnews.com/sustainable-living/nature-and-environment/possibility-alliance-ze0z11zmar/ | https://www.bangordailynews.com/2018/10/26/living/this-family-takes-off-the-grid-to-the-extreme/ | https://www.dancingrabbit.org/ecovillage-life/our-land/local-intentional-communities/ | https://permies.com/t/79358/Transportation-Possibility-Alliance-Moving-Missouri | https://www.mensjournal.com/travel/dropping-out-for-a-weekend-at-missouris-ecovillages-20150518/possibility-alliance/ | https://www.behance.net/gallery/9815701/Off-The-Grid-Living-with-the-Possibility-Alliance | https://www.gen-us.net/back-to-life-returning-from-the-virtual-to-the-real/ | https://ecovillage.org/ | https://ecovillage.org,Possibility Alliance,Possibility Alliance,no,Possibility Alliance; The Possibility Alliance; Stillwater Sanctuary; Possibility Alliance La Plata,SETTLEMENT,240; 241; 242; 243,verified_against_published_address_candidate_4,4,34.989,"40.147564,-92.378033 | 40.377446,-92.346357 | 40.194983,-92.576291 | 40.074724,-92.458811",MULTIPLE_CANDIDATES_RESOLVED,40.147564,-92.378033,HIGH,"published locality: La Plata, Macon County, Missouri [https://www.motherearthnews.com/sustainable-living/nature-and-environment/possibility-alliance-ze0z11zmar/]. c4 is a few kilometres from La Plata; c3 is Kirksville, the decoy slot, and the nearest place of any size.",US,USA,Missouri; Macon County; La Plata,HIGH,coordinate_gazetteer+multiple_published_sources,https://www.motherearthnews.com/sustainable-living/nature-and-environment/possibility-alliance-ze0z11zmar/,US,UNANIMOUS,Kirksville (17.0 km),https://ecovillage.org,FIXED_GLOBAL_SOURCE,,NOT_FOUND,search_index_negative,site:ecovillage.org run for the Possibility Alliance: no ecovillage.org community page. The community had no website at all - visitors were asked to telephone or write - so its documentary footprint is entirely third-party.,G1,9,7,S3; S4; S6; S8,S3,"[{""url"":""https://www.motherearthnews.com/sustainable-living/nature-and-environment/possibility-alliance-ze0z11zmar/"",""rank"":1,""source_class"":""S6"",""platform_type"":""news outlet"",""independence_group"":""G2"",""confidence"":""HIGH"",""quality_score"":0.7,""verification"":""search_index"",""evidence"":""Mother Earth News feature on the educational homestead - the source of the 110-acre figure and the 2007 start""},{""url"":""https://www.dancingrabbit.org/ecovillage-life/our-land/local-intentional-communities/"",""rank"":3,""source_class"":""S4"",""platform_type"":""own website"",""independence_group"":""G3"",""confidence"":""HIGH"",""quality_score"":0.64,""verification"":""search_index"",""evidence"":""Dancing Rabbit Ecovillage's page on neighbouring communities - a nearby community's independent confirmation that the site exists and roughly where""},{""url"":""https://www.bangordailynews.com/2018/10/26/living/this-family-takes-off-the-grid-to-the-extreme/"",""rank"":2,""source_class"":""S6"",""platform_type"":""news outlet"",""independence_group"":""G4"",""confidence"":""MEDIUM"",""quality_score"":0.66,""verification"":""search_index"",""evidence"":""Bangor Daily News, 26 October 2018 - the source that raises the relocation-to-Maine question; recorded because it bears directly on whether the Missouri site is still occupied""},{""url"":""https://permies.com/t/79358/Transportation-Possibility-Alliance-Moving-Missouri"",""rank"":4,""source_class"":""S8"",""platform_type"":""other"",""independence_group"":""G6"",""confidence"":""MEDIUM"",""quality_score"":0.58,""verification"":""search_index"",""evidence"":""Public forum thread organising transport for the Possibility Alliance's move from Missouri to Maine - direct communication from people involved, and the clearest evidence that the Missouri site was vacated""},{""url"":""https://www.mensjournal.com/travel/dropping-out-for-a-weekend-at-missouris-ecovillages-20150518/possibility-alliance/"",""rank"":5,""source_class"":""S6"",""platform_type"":""news outlet"",""independence_group"":""G7"",""confidence"":""MEDIUM"",""quality_score"":0.56,""verification"":""search_index"",""evidence"":""Men's Journal, 18 May 2015 - a dated visit to the Missouri site while it was still active, useful as an end-of-occupation time point""},{""url"":""https://www.gen-us.net/back-to-life-returning-from-the-virtual-to-the-real/"",""rank"":7,""source_class"":""S3"",""platform_type"":""other"",""independence_group"":""G1"",""confidence"":""MEDIUM"",""quality_score"":0.5,""verification"":""search_index"",""evidence"":""GEN-US article about the community - the US regional network's site, not a GEN community profile""},{""url"":""https://www.behance.net/gallery/9815701/Off-The-Grid-Living-with-the-Possibility-Alliance"",""rank"":6,""source_class"":""S6"",""platform_type"":""other"",""independence_group"":""G5"",""confidence"":""MEDIUM"",""quality_score"":0.54,""verification"":""search_index"",""evidence"":""Katie Currid's documentary photo essay 'Off The Grid - Living with the Possibility Alliance' - a dated photographic record by an outside photojournalist""},{""url"":""https://ecovillage.org/"",""rank"":8,""source_class"":""S3"",""platform_type"":""directory listing"",""independence_group"":""G1"",""confidence"":""HIGH"",""quality_score"":0.3,""verification"":""search_index"",""evidence"":""Fixed network seed source""},{""url"":""https://ecovillage.org"",""rank"":9,""source_class"":""S3"",""platform_type"":""directory listing"",""independence_group"":""G1"",""confidence"":""HIGH"",""quality_score"":0.1,""verification"":""fixed_global_source"",""evidence"":""Mandatory Global Ecovillage Network network-level seed, present on every row; not evidence that this community is GEN-registered - see gen_community_status""}]",search_index,,,,,COMPLETE,MEDIUM,yes,identity_confidence_below_high,"the export gave 4 geocoder candidates and picked none; candidate 4 is the one that matches this community's published address, and is what latitude/longitude now carry - the export's original first candidate is kept in latitude_as_exported/longitude_as_exported | RELOCATION IS NOW CORROBORATED, NOT JUST SUSPECTED - REVIEW REQUIRED. Multiple independent sources report the Possibility Alliance MOVING FROM MISSOURI TO BELFAST, MAINE (a permies.com logistics thread about the move, and the 2018 Bangor Daily News profile of the family off-grid in Maine). The La Plata site should therefore NOT be assumed occupied for the later part of the study period, and any decline in the imagery is likely to be departure rather than failure. The exact departure date was not established here and must be checked. THE MOST EXTREME OFF-GRID CASE IN THE COHORT AND A CRITICAL SENSOR CAVEAT: the community was car-free, petroleum-free AND ELECTRICITY-FREE - candlelight and wood stoves, no grid connection and no solar array. There is therefore NO night-lights signal and NO photovoltaic signature to detect, and absence of those must not be read as absence of the community. It also had NO WEBSITE by choice. Started 2007 on 110 ACRES at La Plata, Missouri, about 40 miles from Dancing Rabbit Ecovillage. Free classes in straw-bale building, homesteading, wild edibles, permaculture and organic gardening; roughly 1,500 visitors a year against an expected 200, and more than 10,000 in total. Reported to have catalysed a cluster of homesteads and sympathetic neighbours around La Plata, so nearby land-use change may be attributable to it without being on its parcel. Also associated with the name Stillwater Sanctuary. COORDINATE RESOLVED: the apparent location conflict on this row was not a conflict in the underlying record. The export carried four geocoder candidates for this community and picked none; the first of them - the one a reader takes by default - was the wrong one. Candidate 4 matches the published address above and is now what latitude/longitude carry. The export's original first coordinate is preserved in latitude_as_exported/longitude_as_exported and all four candidates remain in coordinate_candidates.",2026-08-28,1.0.0
IC195,Rodnoe (Rodnoye) Settlement,56.140901,40.870870,Russia,FULL,,https://vmegre.com/en/kin-domain/vladimir-oblast-region-rodnoe/ | http://slideplayer.com/slide/8483269 | https://en.wikipedia.org/wiki/Ringing_Cedars%27_Anastasianism | https://www.youtube.com/watch?v=rculyuqQviw | https://ecovillage.org/ | https://ecovillage.org,Rodnoe (Rodnoye) Settlement,Rodnoe (Rodnoye) Settlement,no,Rodnoe; Rodnoye; Rodnoe Settlement; Rodnoe kin's domain settlement; Rodnoye ecovillage; Rodnoe and Slavnoye,SETTLEMENT,244; 245; 246; 247,first_source_row,4,31.920,"56.140901,40.870870 | 56.151222,40.766331 | 56.111858,40.363651 | 55.915364,40.553046",MULTIPLE_CANDIDATES_UNRESOLVED,56.140901,40.870870,LOW,"published locality: Vladimir Oblast - no finer locality was published [https://vmegre.com/en/kin-domain/vladimir-oblast-region-rodnoe/]. UNRESOLVED. c3 is Vladimir city and is clearly the decoy slot, which rules one candidate out but does not choose among the other three. The sources name only the oblast, and a settlement spread over roughly a hundred one-hectare plots has no single point anyway. Left unresolved.",RU,RUS,Vladimir Oblast,HIGH,coordinate_gazetteer+published_sources,https://vmegre.com/en/kin-domain/vladimir-oblast-region-rodnoe/,RU,UNANIMOUS,Vladimir (29.2 km),https://ecovillage.org,FIXED_GLOBAL_SOURCE,,NOT_FOUND,search_index_negative,"site:ecovillage.org run for Rodnoe and for kin-domain settlements: no community page. GEN does carry a page for the sister kin-domain settlement Kovcheg, explicitly labelled 'not GEN member', which shows GEN indexes this movement but has not listed Rodnoe.",G1,6,4,S1; S3; S4; S7,S1,"[{""url"":""https://vmegre.com/en/kin-domain/vladimir-oblast-region-rodnoe/"",""rank"":1,""source_class"":""S4"",""platform_type"":""own website"",""independence_group"":""G1"",""confidence"":""MEDIUM"",""quality_score"":0.72,""verification"":""search_index"",""evidence"":""The movement's own settlement record for Rodnoe in Vladimir Oblast - the source of the March 2001 founding and the 60-family figure""},{""url"":""https://en.wikipedia.org/wiki/Ringing_Cedars%27_Anastasianism"",""rank"":3,""source_class"":""S3"",""platform_type"":""other"",""independence_group"":""G2"",""confidence"":""MEDIUM"",""quality_score"":0.56,""verification"":""search_index"",""evidence"":""Encyclopaedia account of the movement and the kin-domain concept - context for the design rules, not for this site specifically""},{""url"":""https://www.youtube.com/watch?v=rculyuqQviw"",""rank"":4,""source_class"":""S7"",""platform_type"":""YouTube"",""independence_group"":""G4"",""confidence"":""LOW"",""quality_score"":0.34,""verification"":""search_index"",""evidence"":""'Kin's domains of the Earth' series episode on Rodnoe - the source of the ~100 one-hectare plots figure; visual context""},{""url"":""http://slideplayer.com/slide/8483269"",""rank"":2,""source_class"":""S1"",""platform_type"":""other"",""independence_group"":""G3"",""confidence"":""MEDIUM"",""quality_score"":0.64,""verification"":""search_index"",""evidence"":""Antonina Kulyasova, Centre for Independent Social Research, 'Kin Domains concept and practical experience' - academic fieldwork on Russian kin-domain settlements; about the sister settlement Kovcheg rather than Rodnoe, so it informs the design rules but must not be transferred to this site as fact""},{""url"":""https://ecovillage.org/"",""rank"":5,""source_class"":""S3"",""platform_type"":""directory listing"",""independence_group"":""G1"",""confidence"":""HIGH"",""quality_score"":0.3,""verification"":""search_index"",""evidence"":""Fixed network seed source""},{""url"":""https://ecovillage.org"",""rank"":6,""source_class"":""S3"",""platform_type"":""directory listing"",""independence_group"":""G1"",""confidence"":""HIGH"",""quality_score"":0.1,""verification"":""fixed_global_source"",""evidence"":""Mandatory Global Ecovillage Network network-level seed, present on every row; not evidence that this community is GEN-registered - see gen_community_status""}]",search_index,,,,,COMPLETE,MEDIUM,yes,multiple_coordinate_candidates; identity_confidence_below_high,"the source file gave 4 coordinates for this one name, up to 32 km apart, so at most one can be the site; all are preserved and none is asserted | THE CLEAREST DESIGNED-AFFORESTATION CASE IN THE COHORT. Rodnoe is a KIN DOMAIN (rodovoe pomestie) settlement in the Ringing Cedars / Anastasia movement founded by Vladimir Megre's books. The design rules are explicit and quantitative: EACH FAMILY HOLDS AT LEAST ONE HECTARE; the boundary of every domain is a LIVING FENCE of trees and shrubs; and BETWEEN ONE QUARTER AND THREE QUARTERS OF EACH DOMAIN IS PLANTED WITH PERENNIALS - forest and fruit trees and bushes. If those rules were followed, tree cover on this site should have risen sharply and measurably from 2001 onward, on former open farmland. Founded March 2001 when the group chose a site overlooking fields. About 60 permanent residents in 60 families, drawn from Russia, Kazakhstan, Kyrgyzstan, Moldova, Germany, the United States and Poland. NOTE the adjacent settlement Slavnoye - the two are usually described together and the boundary between them may not be obvious from imagery. SCALE UPDATE from a second source: Rodnoe is described as having ABOUT 100 PLOTS, each no smaller than one hectare - so the settlement footprint is on the order of 100 ha, larger than the 60-family figure alone suggests.",2026-08-28,1.0.0
IC196,Cloughjordan Ecovillage,52.946515,-8.036953,Ireland,FULL,,https://www.thevillage.ie/about-us/our-story/ | https://www.irishtimes.com/news/environment/cloughjordan-inside-ireland-s-only-ecovillage-1.2462135 | https://ecovillage.org/project/cloughjordan-ecovillage | https://en.wikipedia.org/wiki/Cloughjordan_Ecovillage | https://www.tni.org/en/article/the-future-is-now-at-irelands-cloughjordan-ecovillage | https://carboncopy.eco/initiatives/cloughjordan-ecovillage-co-tipperary | https://ecovillage.org/ | https://ecovillage.org,Cloughjordan Ecovillage,Cloughjordan Ecovillage,no,Cloughjordan Ecovillage; The Village; Cloughjordan; Sustainable Projects Ireland; Ireland's ecovillage,SETTLEMENT,248; 249; 250; 251,verified_against_published_address_candidate_4,4,86.648,"52.984386,-7.924957 | 53.124284,-7.525888 | 52.666186,-8.570831 | 52.946515,-8.036953",MULTIPLE_CANDIDATES_RESOLVED,52.984386,-7.924957,HIGH,"published locality: the townland of Oxpark adjoining Cloughjordan village, County Tipperary [https://www.thevillage.ie/about-us/our-story/]. c4 sits on Cloughjordan. c3 is Limerick, the decoy slot; c1 and c2 are away east in the midlands.",IE,IRL,County Tipperary; Cloughjordan; townland of Oxpark,HIGH,coordinate_gazetteer+gen_page+official_site,https://www.thevillage.ie/about-us/our-story/,IE,UNANIMOUS,Portlaoise (50.3 km),https://ecovillage.org,FIXED_GLOBAL_SOURCE,https://ecovillage.org/project/cloughjordan-ecovillage,VERIFIED_COMMUNITY_SOURCE,search_index,site:ecovillage.org returned the /project/cloughjordan-ecovillage community page; GEN also carries several articles about the community and lists it as a showcase ecovillage,G1,8,5,S3; S4; S6,S3,"[{""url"":""https://www.thevillage.ie/about-us/our-story/"",""rank"":1,""source_class"":""S4"",""platform_type"":""own website"",""independence_group"":""G1"",""confidence"":""HIGH"",""quality_score"":0.88,""verification"":""search_index"",""evidence"":""Official history - the 67 acres, the 2005 purchase, the December 2009 first occupation and the 20,000 trees""},{""url"":""https://en.wikipedia.org/wiki/Cloughjordan_Ecovillage"",""rank"":4,""source_class"":""S3"",""platform_type"":""other"",""independence_group"":""G2"",""confidence"":""HIGH"",""quality_score"":0.66,""verification"":""search_index"",""evidence"":""Encyclopaedia article - useful mainly as a bibliography of the substantial independent literature""},{""url"":""https://www.irishtimes.com/news/environment/cloughjordan-inside-ireland-s-only-ecovillage-1.2462135"",""rank"":2,""source_class"":""S6"",""platform_type"":""news outlet"",""independence_group"":""G3"",""confidence"":""HIGH"",""quality_score"":0.72,""verification"":""search_index"",""evidence"":""Irish Times environment feature reported from the site - national newspaper journalism""},{""url"":""https://www.tni.org/en/article/the-future-is-now-at-irelands-cloughjordan-ecovillage"",""rank"":5,""source_class"":""S6"",""platform_type"":""news outlet"",""independence_group"":""G4"",""confidence"":""MEDIUM"",""quality_score"":0.6,""verification"":""search_index"",""evidence"":""Transnational Institute article""},{""url"":""https://ecovillage.org/project/cloughjordan-ecovillage"",""rank"":3,""source_class"":""S3"",""platform_type"":""directory listing"",""independence_group"":""G1"",""confidence"":""HIGH"",""quality_score"":0.7,""verification"":""search_index"",""evidence"":""Verified GEN community page""},{""url"":""https://carboncopy.eco/initiatives/cloughjordan-ecovillage-co-tipperary"",""rank"":6,""source_class"":""S3"",""platform_type"":""directory listing"",""independence_group"":""G5"",""confidence"":""MEDIUM"",""quality_score"":0.48,""verification"":""search_index"",""evidence"":""CarbonCopy initiative record""},{""url"":""https://ecovillage.org/"",""rank"":7,""source_class"":""S3"",""platform_type"":""directory listing"",""independence_group"":""G1"",""confidence"":""HIGH"",""quality_score"":0.3,""verification"":""search_index"",""evidence"":""Fixed network seed source""},{""url"":""https://ecovillage.org"",""rank"":8,""source_class"":""S3"",""platform_type"":""directory listing"",""independence_group"":""G1"",""confidence"":""HIGH"",""quality_score"":0.1,""verification"":""fixed_global_source"",""evidence"":""Mandatory Global Ecovillage Network network-level seed, present on every row; not evidence that this community is GEN-registered - see gen_community_status""}]",search_index,,,,,COMPLETE,HIGH,no,,"the export gave 4 geocoder candidates and picked none; candidate 4 is the one that matches this community's published address, and is what latitude/longitude now carry - the export's original first candidate is kept in latitude_as_exported/longitude_as_exported | ONE OF THE BEST-EVIDENCED SITES IN THE COHORT, WITH A DATED PLANTING RECORD THAT IS DIRECTLY REMOTE-SENSABLE: 20,000 NEWLY PLANTED TREES on a 67-ACRE SITE. The land, a farm in the townland of OXPARK adjoining the existing village, was PURCHASED IN 2005; the idea dates to a 1999 meeting in Dublin; THE FIRST RESIDENTS MOVED IN IN DECEMBER 2009. Now 120+ residents in more than 50 high-performance homes. Ireland's largest renewable-energy DISTRICT HEATING SYSTEM, run on a wood-chip boiler - a single plant serving all homes, which is a distinctive built feature. Measured ecological footprint of 2 gha per resident in 2014 against an Irish average of 4.7. INSTITUTIONAL RECOGNITION: selected for the EU-funded MILESECURE-2050 project, one of the final 23 from 1,500 candidate projects, and a 2020 Transformative Cities finalist. Merges directly with the existing village of Cloughjordan, so the ecovillage boundary and the village boundary are contiguous and must be separated deliberately. COORDINATE RESOLVED: the apparent location conflict on this row was not a conflict in the underlying record. The export carried four geocoder candidates for this community and picked none; the first of them - the one a reader takes by default - was the wrong one. Candidate 4 matches the published address above and is now what latitude/longitude carry. The export's original first coordinate is preserved in latitude_as_exported/longitude_as_exported and all four candidates remain in coordinate_candidates.",2026-08-28,1.0.0
IC197,O.U.R Ecovillage,48.640102,-123.610282,Canada,FULL,,https://ourecovillage.org/ | https://ecovillage.org/ecovillage/our-ecovillage-shawnigan-lake-british-columbia-canada/ | https://youngagrarians.org/land-opportunity-unique-land-share-at-our-ecovillage-shawnigan-lake-bc/ | https://www.tourismcowichan.com/things-to-do/our-ecovillage/ | https://ecovillage.org/ | https://ecovillage.org,O.U.R Ecovillage,O.U.R Ecovillage,no,O.U.R. Ecovillage; OUR Ecovillage; O.U.R. ECOVILLAGE; One United Resource; OUR Ecovillage Shawnigan Lake,SETTLEMENT,252; 253; 254; 255,verified_against_published_address_candidate_4,4,35.398,"48.691610,-123.603499 | 48.480165,-123.459587 | 48.424469,-123.341908 | 48.640102,-123.610282",MULTIPLE_CANDIDATES_RESOLVED,48.691610,-123.603499,HIGH,"published locality: 1565 Baldy Mountain Rd, Shawnigan Lake, British Columbia V8H 2A9 [https://ourecovillage.org/]. c4 is on the Shawnigan Lake side, south of Duncan, matching the street address. c3 is Victoria city centre, the decoy slot.",CA,CAN,British Columbia; Cowichan Valley Regional District; Shawnigan Lake; 1565 Baldy Mountain Rd,HIGH,coordinate_gazetteer+gen_page+official_site,https://ourecovillage.org/,CA,UNANIMOUS,Central Saanich (16.3 km),https://ecovillage.org,FIXED_GLOBAL_SOURCE,https://ecovillage.org/ecovillage/our-ecovillage-shawnigan-lake-british-columbia-canada/,VERIFIED_COMMUNITY_SOURCE,search_index,"site:ecovillage.org returned 'OUR Ecovillage - Shawnigan Lake, British Columbia, Canada'",G1,6,3,S2; S3; S4,S2,"[{""url"":""https://ourecovillage.org/"",""rank"":1,""source_class"":""S4"",""platform_type"":""own website"",""independence_group"":""G1"",""confidence"":""HIGH"",""quality_score"":0.88,""verification"":""search_index"",""evidence"":""Official site""},{""url"":""https://ecovillage.org/ecovillage/our-ecovillage-shawnigan-lake-british-columbia-canada/"",""rank"":2,""source_class"":""S3"",""platform_type"":""directory listing"",""independence_group"":""G1"",""confidence"":""HIGH"",""quality_score"":0.72,""verification"":""search_index"",""evidence"":""Verified GEN community page""},{""url"":""https://youngagrarians.org/land-opportunity-unique-land-share-at-our-ecovillage-shawnigan-lake-bc/"",""rank"":3,""source_class"":""S2"",""platform_type"":""other"",""independence_group"":""G2"",""confidence"":""MEDIUM"",""quality_score"":0.6,""verification"":""search_index"",""evidence"":""Young Agrarians land-opportunity listing - a BC farmland-access organisation's record, which describes the land and the tenure arrangement from outside""},{""url"":""https://www.tourismcowichan.com/things-to-do/our-ecovillage/"",""rank"":4,""source_class"":""S2"",""platform_type"":""other"",""independence_group"":""G3"",""confidence"":""MEDIUM"",""quality_score"":0.52,""verification"":""search_index"",""evidence"":""Tourism Cowichan, the regional destination organisation - a local institutional record""},{""url"":""https://ecovillage.org/"",""rank"":5,""source_class"":""S3"",""platform_type"":""directory listing"",""independence_group"":""G1"",""confidence"":""HIGH"",""quality_score"":0.3,""verification"":""search_index"",""evidence"":""Fixed network seed source""},{""url"":""https://ecovillage.org"",""rank"":6,""source_class"":""S3"",""platform_type"":""directory listing"",""independence_group"":""G1"",""confidence"":""HIGH"",""quality_score"":0.1,""verification"":""fixed_global_source"",""evidence"":""Mandatory Global Ecovillage Network network-level seed, present on every row; not evidence that this community is GEN-registered - see gen_community_status""}]",search_index,,,,,COMPLETE,HIGH,no,,"the export gave 4 geocoder candidates and picked none; candidate 4 is the one that matches this community's published address, and is what latitude/longitude now carry - the export's original first candidate is kept in latitude_as_exported/longitude_as_exported | SMALL AND PRECISELY ADDRESSED: 25 ACRES at 1565 Baldy Mountain Rd, Shawnigan Lake, BC V8H 2A9, on southern Vancouver Island. Operating since 1999 as a demonstration sustainable village, a regenerative-living demonstration site, research centre and bioregional school, with a land-based permaculture learning community, farm operations, courses and accommodation. NOT VERIFIED HERE: the community is often credited with pioneering a bespoke zoning and covenant agreement with the Cowichan Valley Regional District - this was NOT confirmed by any source in this pass and must not be repeated as fact without checking the CVRD's own records. If it is real it would be a strong government paper trail; treat it as a lead, not a finding. At 25 acres this is a small parcel and its buildings are dispersed among trees, which will limit what a coarse sensor can resolve. COORDINATE RESOLVED: the apparent location conflict on this row was not a conflict in the underlying record. The export carried four geocoder candidates for this community and picked none; the first of them - the one a reader takes by default - was the wrong one. Candidate 4 matches the published address above and is now what latitude/longitude carry. The export's original first coordinate is preserved in latitude_as_exported/longitude_as_exported and all four candidates remain in coordinate_candidates.",2026-08-28,1.0.0
IC198,Lammas Ecovillage (Tir-y-Gafel),51.934066,-4.623775,United Kingdom,FULL,,https://lammas.org.uk/en/ecovillage/ | https://ukerc-observatory.ac.uk/case_study/lammas-eco-village/ | https://westwalesnewsreview.wordpress.com/2019/04/30/news-lammas-ecovillage-ten-years-on-revitalised-land-some-rocky-relationships/ | https://en.wikipedia.org/wiki/Lammas_Ecovillage | https://www.lowimpact.org/posts/wales-unique-one-planet-planning-policy-lammas-ecovillage | https://ecovillage.org/ | https://ecovillage.org,Lammas Ecovillage (Tir-y-Gafel),Lammas Ecovillage (Tir-y-Gafel),no,Lammas Ecovillage; Lammas; Tir y Gafel; Tir-y-Gafel; Lammas Tir y Gafel; Glandwr ecovillage,SETTLEMENT,256; 257; 258; 259,verified_against_published_address_candidate_4,4,58.959,"51.894809,-4.906431 | 51.966315,-4.733140 | 51.682322,-4.121079 | 51.934066,-4.623775",MULTIPLE_CANDIDATES_RESOLVED,51.894809,-4.906431,HIGH,"published locality: Glandwr, near Crymych, Pembrokeshire [https://lammas.org.uk/en/ecovillage/]. c4 lands on the Glandwr and Crymych area. c3 is Llanelli, the decoy slot, and is in a different county.",GB,GBR,"Wales; Pembrokeshire; Glandwr, near Crymych",HIGH,coordinate_gazetteer+planning_record+official_site,https://lammas.org.uk/en/ecovillage/,GB,UNANIMOUS,Carmarthen (23.5 km),https://ecovillage.org,FIXED_GLOBAL_SOURCE,,NOT_FOUND,search_index_negative,site:ecovillage.org run for Lammas and for Welsh ecovillages: no ecovillage.org community page was returned. The best-known ecovillage in Wales is documented through its planning record and the academic literature rather than through GEN.,G1,7,5,S1; S3; S4; S6,S1,"[{""url"":""https://lammas.org.uk/en/ecovillage/"",""rank"":1,""source_class"":""S4"",""platform_type"":""own website"",""independence_group"":""G1"",""confidence"":""HIGH"",""quality_score"":0.88,""verification"":""search_index"",""evidence"":""Official ecovillage page""},{""url"":""https://ukerc-observatory.ac.uk/case_study/lammas-eco-village/"",""rank"":2,""source_class"":""S1"",""platform_type"":""other"",""independence_group"":""G2"",""confidence"":""HIGH"",""quality_score"":0.86,""verification"":""search_index"",""evidence"":""UK Energy Research Centre Public Engagement Observatory case study - an academic research centre's structured record of the project""},{""url"":""https://en.wikipedia.org/wiki/Lammas_Ecovillage"",""rank"":4,""source_class"":""S3"",""platform_type"":""other"",""independence_group"":""G3"",""confidence"":""HIGH"",""quality_score"":0.66,""verification"":""search_index"",""evidence"":""Encyclopaedia article - the source of the 76 acres / 31 ha figure and the planning chronology""},{""url"":""https://www.lowimpact.org/posts/wales-unique-one-planet-planning-policy-lammas-ecovillage"",""rank"":5,""source_class"":""S6"",""platform_type"":""other"",""independence_group"":""G4"",""confidence"":""MEDIUM"",""quality_score"":0.64,""verification"":""search_index"",""evidence"":""Lowimpact.org account of Policy 52 and the One Planet Development policy that followed""},{""url"":""https://westwalesnewsreview.wordpress.com/2019/04/30/news-lammas-ecovillage-ten-years-on-revitalised-land-some-rocky-relationships/"",""rank"":3,""source_class"":""S6"",""platform_type"":""news outlet"",""independence_group"":""G5"",""confidence"":""MEDIUM"",""quality_score"":0.68,""verification"":""search_index"",""evidence"":""West Wales News Review, 30 April 2019, 'Lammas Ecovillage Ten Years On: Revitalised Land, Some Rocky Relationships' - a dated ten-year local-journalism assessment, valuable precisely because it is not celebratory""},{""url"":""https://ecovillage.org/"",""rank"":6,""source_class"":""S3"",""platform_type"":""directory listing"",""independence_group"":""G1"",""confidence"":""HIGH"",""quality_score"":0.3,""verification"":""search_index"",""evidence"":""Fixed network seed source""},{""url"":""https://ecovillage.org"",""rank"":7,""source_class"":""S3"",""platform_type"":""directory listing"",""independence_group"":""G1"",""confidence"":""HIGH"",""quality_score"":0.1,""verification"":""fixed_global_source"",""evidence"":""Mandatory Global Ecovillage Network network-level seed, present on every row; not evidence that this community is GEN-registered - see gen_community_status""}]",search_index,,,,,COMPLETE,HIGH,no,,"the export gave 4 geocoder candidates and picked none; candidate 4 is the one that matches this community's published address, and is what latitude/longitude now carry - the export's original first candidate is kept in latitude_as_exported/longitude_as_exported | THE STRONGEST PLANNING AND LAND-USE RECORD IN THE ENTIRE COHORT, and the one site where the land-cover change is not merely observed but LEGALLY REQUIRED AND MONITORED. Nine households plus a community hub on a 76-ACRE (31 HA) SITE at Glandwr near Crymych. Planning took from DECEMBER 2006 to AUGUST 2009 under Pembrokeshire's Policy 52 on low-impact development; in AUGUST 2009 a Welsh Government planning inspector granted temporary permission ON APPEAL for nine households to develop smallholdings on 70 ACRES OF FORMER PASTURELAND. THE CONDITION IS THE KEY FACT: each household must demonstrate that AT LEAST 75% OF ITS NEEDS - food, energy and livelihood - are met on site through agriculture, forestry or related enterprise. That means (a) the prior land cover is documented as pasture, (b) the start date is exact, and (c) the occupants were legally obliged to convert that pasture to productive use and to report on it annually. Lammas directly informed the Welsh Government's ONE PLANET DEVELOPMENT policy, introduced in 2011, and was among the first projects to benefit from it - so this single site has a national policy literature attached to it. ADDITIONAL: Lammas was THE FIRST ECOVILLAGE IN THE UK TO OBTAIN PROSPECTIVE PLANNING PERMISSION, won in 2009 after a three-year campaign that ended in a public hearing - so the appeal documents themselves are a public record of the site's condition before development. COORDINATE RESOLVED: the apparent location conflict on this row was not a conflict in the underlying record. The export carried four geocoder candidates for this community and picked none; the first of them - the one a reader takes by default - was the wrong one. Candidate 4 matches the published address above and is now what latitude/longitude carry. The export's original first coordinate is preserved in latitude_as_exported/longitude_as_exported and all four candidates remain in coordinate_candidates.",2026-08-28,1.0.0
IC199,Friland,56.280995,10.585890,Denmark,FULL,,https://start.friland.org/ | https://www.dr.dk/presse/dr-friland-nybyggerne-1-6 | https://da.wikipedia.org/wiki/Friland | https://faircompanies.com/videos/danish-friends-turn-corn-field-into-debt-free-ecovillage-of-friland/ | https://permateachers.eu/case-study-friland-denmark | https://www.visitaarhus.com/aarhus-region/plan-your-trip/friland-an-eco-community-on-djursland-gdk1137430 | https://ecovillage.org/ | https://ecovillage.org,Friland,Friland,no,Friland; Frilandsprojektet; Friland Feldballe; Friland Djursland; Andelsforeningen Friland,SETTLEMENT,260; 261; 262; 263,verified_against_published_address_candidate_4,4,43.834,"56.400436,10.712567 | 56.286562,10.464254 | 56.482237,10.014967 | 56.280995,10.585890",MULTIPLE_CANDIDATES_RESOLVED,56.400436,10.712567,HIGH,"published locality: Feldballe, Djursland, Syddjurs Municipality [https://da.wikipedia.org/wiki/Friland]. c4 is on Djursland at Feldballe; c3 is Randers, the decoy slot, and is not on Djursland at all.",DK,DNK,"Central Denmark Region; Syddjurs Municipality; Feldballe, Djursland",HIGH,coordinate_gazetteer+official_site,https://start.friland.org/,DK,UNANIMOUS,Århus (27.0 km),https://ecovillage.org,FIXED_GLOBAL_SOURCE,,NOT_FOUND,search_index_negative,site:ecovillage.org run for Friland: no community page. The community's network presence is through the Danish national association and the permaculture networks instead.,G1,8,6,S1; S2; S3; S4; S6,S1,"[{""url"":""https://start.friland.org/"",""rank"":1,""source_class"":""S4"",""platform_type"":""own website"",""independence_group"":""G1"",""confidence"":""HIGH"",""quality_score"":0.88,""verification"":""search_index"",""evidence"":""Official site""},{""url"":""https://da.wikipedia.org/wiki/Friland"",""rank"":3,""source_class"":""S3"",""platform_type"":""other"",""independence_group"":""G2"",""confidence"":""HIGH"",""quality_score"":0.7,""verification"":""search_index"",""evidence"":""Danish Wikipedia - the source of the 20 January 2002 founding, the 1 March 2002 purchase of 4.5 ha and the 45 houses / 75 residents figures""},{""url"":""https://faircompanies.com/videos/danish-friends-turn-corn-field-into-debt-free-ecovillage-of-friland/"",""rank"":4,""source_class"":""S6"",""platform_type"":""other"",""independence_group"":""G5"",""confidence"":""MEDIUM"",""quality_score"":0.62,""verification"":""search_index"",""evidence"":""*faircompanies documentary video filmed on site - the source that names the prior land cover as a corn field""},{""url"":""https://permateachers.eu/case-study-friland-denmark"",""rank"":5,""source_class"":""S1"",""platform_type"":""other"",""independence_group"":""G6"",""confidence"":""MEDIUM"",""quality_score"":0.58,""verification"":""search_index"",""evidence"":""Permaculture Teachers Europe structured case study of Friland - an educational-network technical record""},{""url"":""https://www.dr.dk/presse/dr-friland-nybyggerne-1-6"",""rank"":2,""source_class"":""S6"",""platform_type"":""news outlet"",""independence_group"":""G3"",""confidence"":""HIGH"",""quality_score"":0.76,""verification"":""search_index"",""evidence"":""DR, the Danish public broadcaster - press record for the multi-part television series filmed at Friland; the anchor for the longitudinal broadcast record""},{""url"":""https://www.visitaarhus.com/aarhus-region/plan-your-trip/friland-an-eco-community-on-djursland-gdk1137430"",""rank"":6,""source_class"":""S2"",""platform_type"":""other"",""independence_group"":""G4"",""confidence"":""MEDIUM"",""quality_score"":0.54,""verification"":""search_index"",""evidence"":""VisitAarhus, the regional destination organisation - a local institutional record""},{""url"":""https://ecovillage.org/"",""rank"":7,""source_class"":""S3"",""platform_type"":""directory listing"",""independence_group"":""G1"",""confidence"":""HIGH"",""quality_score"":0.3,""verification"":""search_index"",""evidence"":""Fixed network seed source""},{""url"":""https://ecovillage.org"",""rank"":8,""source_class"":""S3"",""platform_type"":""directory listing"",""independence_group"":""G1"",""confidence"":""HIGH"",""quality_score"":0.1,""verification"":""fixed_global_source"",""evidence"":""Mandatory Global Ecovillage Network network-level seed, present on every row; not evidence that this community is GEN-registered - see gen_community_status""}]",search_index,,,,,COMPLETE,HIGH,no,,"the export gave 4 geocoder candidates and picked none; candidate 4 is the one that matches this community's published address, and is what latitude/longitude now carry - the export's original first candidate is kept in latitude_as_exported/longitude_as_exported | EXACT DATES AND AN EXACT AREA, both from the community's own record: the association was founded at a general assembly on 20 JANUARY 2002 and BOUGHT 4.5 HECTARES ON 1 MARCH 2002, paid for outright. Now about 45 HOUSES and roughly 75 PEOPLE - a dense settlement on a small parcel. TWO FEATURES MAKE THIS AN UNUSUAL DOCUMENTARY CASE. First, the building materials: straw houses plastered with clay, grass houses insulated with wood fibre, sheep's wool, hemp and flax, and foundations laid on mussel shells - low-contrast, irregular structures that automated built-up classifiers handle poorly. Second, and more valuable, the site was filmed by DR, the Danish public broadcaster, in a MULTI-YEAR TELEVISION SERIES ('Nybyggerne', 'Frilandshuset') - a longitudinal, professionally dated visual record of construction, which very few sites in this cohort have. The economic rule is also unusual and worth noting: residents may not borrow against the land or houses, and sale prices are capped to prevent speculation. PRIOR LAND USE NAMED: an outside video documentary describes the founders turning A CORN FIELD into the settlement - so the pre-2002 cover was arable, not pasture or scrub. Founded by 13 FAMILIES in 2002, now about 45. COORDINATE RESOLVED: the apparent location conflict on this row was not a conflict in the underlying record. The export carried four geocoder candidates for this community and picked none; the first of them - the one a reader takes by default - was the wrong one. Candidate 4 matches the published address above and is now what latitude/longitude carry. The export's original first coordinate is preserved in latitude_as_exported/longitude_as_exported and all four candidates remain in coordinate_candidates.",2026-08-28,1.0.0
IC200,Sadhana Forest Haiti,18.046360,-71.762129,Haiti,FULL,,https://sadhanaforest.org/haiti/causes-haiti/ | https://www.csmonitor.com/World/Making-a-difference/Change-Agent/2015/0320/At-Sadhana-Forest-trees-spring-from-once-barren-land | https://ecovillage.org/project/sadhana-forest-haiti | https://en.wikipedia.org/wiki/Sadhana_Forest | https://fieldstudyoftheworld.com/sadhana-forest-improving-food-security-reforestation-haiti/ | https://ecovillage.org/ | https://ecovillage.org,Sadhana Forest Haiti,Sadhana Forest Haiti,no,Sadhana Forest Haiti; Sadhana Forest; Sadhana Forest Anse-a-Pitres,SETTLEMENT,264; 265; 266; 267,verified_against_published_address_candidate_4,4,81.107,"18.572554,-72.072359 | 18.077235,-71.805601 | 18.558181,-72.309515 | 18.046360,-71.762129",MULTIPLE_CANDIDATES_RESOLVED,18.572554,-72.072359,HIGH,"published locality: Anse-a-Pitres, Sud-Est Department, on the Dominican border [https://sadhanaforest.org/haiti/causes-haiti/]. c4 sits on Anse-a-Pitres in the far south-east. c1 is near Thomazeau outside Port-au-Prince, roughly ninety kilometres away and in the wrong department, and c3 is Port-au-Prince itself, the decoy slot. Note that the planting this community does is dispersed across the whole municipality, so even the correct point represents only its base.",HT,HTI,Sud-Est Department; Anse-a-Pitres,HIGH,coordinate_gazetteer+gen_page+official_site,https://sadhanaforest.org/haiti/campus-haiti/the-community/,HT,MAJORITY,Grand Gosier (22.6 km),https://ecovillage.org,FIXED_GLOBAL_SOURCE,https://ecovillage.org/project/sadhana-forest-haiti,VERIFIED_COMMUNITY_SOURCE,search_index,site:ecovillage.org returned 'Sadhana Forest Haiti - Global Ecovillage Network',G1,7,4,S3; S4; S6,S3,"[{""url"":""https://sadhanaforest.org/haiti/causes-haiti/"",""rank"":1,""source_class"":""S4"",""platform_type"":""own website"",""independence_group"":""G1"",""confidence"":""HIGH"",""quality_score"":0.88,""verification"":""search_index"",""evidence"":""Official mission page for the Haiti project - the source of the 80,000 trees, the dispersed-planting model and the Maya nut focus""},{""url"":""https://ecovillage.org/project/sadhana-forest-haiti"",""rank"":3,""source_class"":""S3"",""platform_type"":""directory listing"",""independence_group"":""G1"",""confidence"":""HIGH"",""quality_score"":0.7,""verification"":""search_index"",""evidence"":""Verified GEN project page""},{""url"":""https://www.csmonitor.com/World/Making-a-difference/Change-Agent/2015/0320/At-Sadhana-Forest-trees-spring-from-once-barren-land"",""rank"":2,""source_class"":""S6"",""platform_type"":""news outlet"",""independence_group"":""G2"",""confidence"":""HIGH"",""quality_score"":0.74,""verification"":""search_index"",""evidence"":""Christian Science Monitor, 20 March 2015 - reported international journalism with a hard date, describing the state of the land at that point""},{""url"":""https://fieldstudyoftheworld.com/sadhana-forest-improving-food-security-reforestation-haiti/"",""rank"":5,""source_class"":""S6"",""platform_type"":""blog platform"",""independence_group"":""G3"",""confidence"":""MEDIUM"",""quality_score"":0.52,""verification"":""search_index"",""evidence"":""Outside account of the reforestation and food-security work""},{""url"":""https://en.wikipedia.org/wiki/Sadhana_Forest"",""rank"":4,""source_class"":""S3"",""platform_type"":""other"",""independence_group"":""G4"",""confidence"":""MEDIUM"",""quality_score"":0.56,""verification"":""search_index"",""evidence"":""Encyclopaedia article covering all three Sadhana Forest sites""},{""url"":""https://ecovillage.org/"",""rank"":6,""source_class"":""S3"",""platform_type"":""directory listing"",""independence_group"":""G1"",""confidence"":""HIGH"",""quality_score"":0.3,""verification"":""search_index"",""evidence"":""Fixed network seed source""},{""url"":""https://ecovillage.org"",""rank"":7,""source_class"":""S3"",""platform_type"":""directory listing"",""independence_group"":""G1"",""confidence"":""HIGH"",""quality_score"":0.1,""verification"":""fixed_global_source"",""evidence"":""Mandatory Global Ecovillage Network network-level seed, present on every row; not evidence that this community is GEN-registered - see gen_community_status""}]",search_index,,,,,COMPLETE,HIGH,no,,"the export gave 4 geocoder candidates and picked none; candidate 4 is the one that matches this community's published address, and is what latitude/longitude now carry - the export's original first candidate is kept in latitude_as_exported/longitude_as_exported | CRITICAL METHODOLOGICAL WARNING: THE PLANTING IS DISPERSED, NOT ON ONE PARCEL. More than 80,000 TREES have been planted since 2010 across THOUSANDS OF INDIVIDUAL KITCHEN GARDENS and public spaces - schools and parks - throughout the municipality of Anse-a-Pitres, which covers 185 km2 and has 25,000 inhabitants. A crawl or land-cover reading anchored to the single campus coordinate will capture almost none of the actual intervention and will badly understate it. The correct unit here is the municipality, not the point. Work began 2010. The species emphasis is the MAYA NUT (Brosimum alicastrum), chosen because one tree can supply a family of five with protein for a year. The operating model is 'each tree is protected by a person', a direct response to charcoal cutting and grazing - which is also the regional deforestation pressure the trend must be read against, since Haiti is among the most deforested countries in the world. Part of a three-country vegan volunteer organisation also working in India and Kenya (see seq 206). COORDINATE RESOLVED: the apparent location conflict on this row was not a conflict in the underlying record. The export carried four geocoder candidates for this community and picked none; the first of them - the one a reader takes by default - was the wrong one. Candidate 4 matches the published address above and is now what latitude/longitude carry. The export's original first coordinate is preserved in latitude_as_exported/longitude_as_exported and all four candidates remain in coordinate_candidates.",2026-08-28,1.0.0
IC201,Hockerton Housing Project,53.097341,-0.929501,United Kingdom,FULL,,https://task28.iea-shc.org/Data/Sites/1/publications/task28-demonstration-uk_hockerton.pdf | https://www.hockertonhousingproject.org.uk/about-us/ | https://en.wikipedia.org/wiki/Hockerton_Housing_Project | https://stories.cpre.org.uk/sustainable-rural-living/index.html | https://selfbuildportal.org.uk/case-studies/case-studies-hockerton/ | https://ecovillage.org/ | https://ecovillage.org,Hockerton Housing Project,Hockerton Housing Project,no,Hockerton Housing Project; HHP; Hockerton; The Hockerton Housing Project,SETTLEMENT,268; 269; 270; 271,verified_against_published_address_candidate_4,4,52.917,"53.277152,-0.794060 | 53.268968,-1.589749 | 52.979165,-1.115959 | 53.097341,-0.929501",MULTIPLE_CANDIDATES_RESOLVED,53.277152,-0.794060,HIGH,"published locality: Hockerton, Newark and Sherwood district, Nottinghamshire [https://www.hockertonhousingproject.org.uk/about-us/]. c4 is the only candidate in the Newark and Sherwood district, a short distance from Newark on Trent, which is where Hockerton is. c3 is Nottingham, the decoy slot.",GB,GBR,England; Nottinghamshire; Newark and Sherwood; Hockerton,HIGH,coordinate_gazetteer+official_site,https://www.hockertonhousingproject.org.uk/about-us/,GB,UNANIMOUS,Newark on Trent (8.3 km),https://ecovillage.org,FIXED_GLOBAL_SOURCE,,NOT_FOUND,search_index_negative,site:ecovillage.org run for Hockerton Housing Project: no community page. Its record is architectural and energy-research literature rather than ecovillage-network listing.,G1,7,5,S1; S2; S3; S4,S1,"[{""url"":""https://task28.iea-shc.org/Data/Sites/1/publications/task28-demonstration-uk_hockerton.pdf"",""rank"":1,""source_class"":""S1"",""platform_type"":""other"",""independence_group"":""G2"",""confidence"":""HIGH"",""quality_score"":0.92,""verification"":""search_index"",""evidence"":""International Energy Agency Solar Heating and Cooling Task 28 / ECBCS Annex 38 demonstration report on Hockerton - a peer-reviewed international technical publication with measured performance data""},{""url"":""https://www.hockertonhousingproject.org.uk/about-us/"",""rank"":2,""source_class"":""S4"",""platform_type"":""own website"",""independence_group"":""G1"",""confidence"":""HIGH"",""quality_score"":0.86,""verification"":""search_index"",""evidence"":""Official About page""},{""url"":""https://en.wikipedia.org/wiki/Hockerton_Housing_Project"",""rank"":3,""source_class"":""S3"",""platform_type"":""other"",""independence_group"":""G3"",""confidence"":""HIGH"",""quality_score"":0.66,""verification"":""search_index"",""evidence"":""Encyclopaedia article - source of the September 1998 completion date, the architects and the cost""},{""url"":""https://stories.cpre.org.uk/sustainable-rural-living/index.html"",""rank"":4,""source_class"":""S2"",""platform_type"":""other"",""independence_group"":""G4"",""confidence"":""MEDIUM"",""quality_score"":0.6,""verification"":""search_index"",""evidence"":""CPRE (Campaign to Protect Rural England) feature on sustainable rural living - a national NGO's record""},{""url"":""https://selfbuildportal.org.uk/case-studies/case-studies-hockerton/"",""rank"":5,""source_class"":""S2"",""platform_type"":""other"",""independence_group"":""G5"",""confidence"":""MEDIUM"",""quality_score"":0.54,""verification"":""search_index"",""evidence"":""NaCSBA Self Build Portal case study - a UK housing-sector institutional record""},{""url"":""https://ecovillage.org/"",""rank"":6,""source_class"":""S3"",""platform_type"":""directory listing"",""independence_group"":""G1"",""confidence"":""HIGH"",""quality_score"":0.3,""verification"":""search_index"",""evidence"":""Fixed network seed source""},{""url"":""https://ecovillage.org"",""rank"":7,""source_class"":""S3"",""platform_type"":""directory listing"",""independence_group"":""G1"",""confidence"":""HIGH"",""quality_score"":0.1,""verification"":""fixed_global_source"",""evidence"":""Mandatory Global Ecovillage Network network-level seed, present on every row; not evidence that this community is GEN-registered - see gen_community_status""}]",search_index,,,,,COMPLETE,HIGH,no,,"the export gave 4 geocoder candidates and picked none; candidate 4 is the one that matches this community's published address, and is what latitude/longitude now carry - the export's original first candidate is kept in latitude_as_exported/longitude_as_exported | THE SINGLE MOST IMPORTANT SENSOR CAVEAT IN THE COHORT: THE HOUSES ARE EARTH-SHELTERED. Five single-storey dwellings in a terrace, banked with earth at the rear, so from above they read as a grassed bank rather than as buildings. An optical or built-up-area classifier will very likely record NO construction here at all, and that absence must not be interpreted as no development. EXACT DATE: completed SEPTEMBER 1998, after three years of planning and eighteen months of construction, at about GBP 65,000 per house. Designed by Professor Brenda Vale and Dr Robert Vale. The UK's first earth-sheltered, self-sufficient ecological housing development. No space-heating system at all - passive solar through a south-facing conservatory plus high thermal mass. Residents generate their own electricity, harvest and treat their own water, and grow most of their own food. Operates as a not-for-profit co-operative running tours, courses and consultancy, so it is well documented for its size - but it is only FIVE HOUSES, among the smallest sites in the cohort. COORDINATE RESOLVED: the apparent location conflict on this row was not a conflict in the underlying record. The export carried four geocoder candidates for this community and picked none; the first of them - the one a reader takes by default - was the wrong one. Candidate 4 matches the published address above and is now what latitude/longitude carry. The export's original first coordinate is preserved in latitude_as_exported/longitude_as_exported and all four candidates remain in coordinate_candidates.",2026-08-28,1.0.0
IC202,Den Selvforsynende Landsby (Self-Sufficient Village),55.098410,10.426727,Denmark,FULL,,http://www.selvforsyning.dk/ | https://en.wikipedia.org/wiki/Den_Selvforsynende_Landsby | https://okosamfund.dk/en/elementor-14152/medlemmer-en/ | https://bofaellesskab.dk/bofaellesskaber/bofaellesskaber/375-den-selvforsynende-landsby | https://www.wikidata.org/wiki/Q5256482 | https://ecovillage.org/ | https://ecovillage.org,Den Selvforsynende Landsby (Self-Sufficient Village),Den Selvforsynende Landsby (Self-Sufficient Village),no,Den Selvforsynende Landsby; The Self-Sufficient Village; DSL; Den Selvforsynende Landsby Hundstrup,SETTLEMENT,272; 273; 274; 275,verified_against_published_address_candidate_4,4,49.164,"55.538228,10.347170 | 55.215178,10.544956 | 55.412464,10.333695 | 55.098410,10.426727",MULTIPLE_CANDIDATES_RESOLVED,55.538228,10.347170,HIGH,"published locality: Hundstrup, 5762 Vester Skerninge, Svendborg Municipality, South Funen [http://www.selvforsyning.dk/]. c4 is in Svendborg Municipality on southern Funen, nearest to the Vester Skerninge area. c3 is Odense, the decoy slot, and is in the north of the island.",DK,DNK,"Region of Southern Denmark; Svendborg Municipality; Hundstrup, 5762 Vester Skerninge, South Funen",HIGH,coordinate_gazetteer+official_site,http://www.selvforsyning.dk/,DK,UNANIMOUS,Svendborg (12.2 km),https://ecovillage.org,FIXED_GLOBAL_SOURCE,,NOT_FOUND,search_index_negative,"site:ecovillage.org run for Den Selvforsynende Landsby: no community page, although GEN's Denmark country archive was returned. The community's network membership is through Landsforeningen for Okosamfund, the Danish national ecovillage association.",G1,7,4,S3; S4,S3,"[{""url"":""http://www.selvforsyning.dk/"",""rank"":1,""source_class"":""S4"",""platform_type"":""own website"",""independence_group"":""G1"",""confidence"":""HIGH"",""quality_score"":0.86,""verification"":""search_index"",""evidence"":""Official site""},{""url"":""https://en.wikipedia.org/wiki/Den_Selvforsynende_Landsby"",""rank"":2,""source_class"":""S3"",""platform_type"":""other"",""independence_group"":""G2"",""confidence"":""HIGH"",""quality_score"":0.66,""verification"":""search_index"",""evidence"":""Encyclopaedia article - source of the 2002 founding and the 2004 land purchase""},{""url"":""https://okosamfund.dk/en/elementor-14152/medlemmer-en/"",""rank"":3,""source_class"":""S3"",""platform_type"":""directory listing"",""independence_group"":""G3"",""confidence"":""MEDIUM"",""quality_score"":0.56,""verification"":""search_index"",""evidence"":""Landsforeningen for Okosamfund (LOS) membership list - the Danish national ecovillage association's own register""},{""url"":""https://bofaellesskab.dk/bofaellesskaber/bofaellesskaber/375-den-selvforsynende-landsby"",""rank"":4,""source_class"":""S3"",""platform_type"":""directory listing"",""independence_group"":""G4"",""confidence"":""MEDIUM"",""quality_score"":0.52,""verification"":""search_index"",""evidence"":""bofaellesskab.dk, the Danish cohousing register - carries the address and household count""},{""url"":""https://www.wikidata.org/wiki/Q5256482"",""rank"":5,""source_class"":""S3"",""platform_type"":""other"",""independence_group"":""G2"",""confidence"":""MEDIUM"",""quality_score"":0.42,""verification"":""search_index"",""evidence"":""Wikidata item - structured identifiers for the settlement""},{""url"":""https://ecovillage.org/"",""rank"":6,""source_class"":""S3"",""platform_type"":""directory listing"",""independence_group"":""G1"",""confidence"":""HIGH"",""quality_score"":0.3,""verification"":""search_index"",""evidence"":""Fixed network seed source""},{""url"":""https://ecovillage.org"",""rank"":7,""source_class"":""S3"",""platform_type"":""directory listing"",""independence_group"":""G1"",""confidence"":""HIGH"",""quality_score"":0.1,""verification"":""fixed_global_source"",""evidence"":""Mandatory Global Ecovillage Network network-level seed, present on every row; not evidence that this community is GEN-registered - see gen_community_status""}]",search_index,,,,,COMPLETE,HIGH,no,,"the export gave 4 geocoder candidates and picked none; candidate 4 is the one that matches this community's published address, and is what latitude/longitude now carry - the export's original first candidate is kept in latitude_as_exported/longitude_as_exported | TWO-STAGE DATING, which matters: the association was FOUNDED IN 2002 but THE LAND - farmland outside Hundstrup - WAS NOT BOUGHT UNTIL 2004, so nothing is visible on the ground before 2004 however the community dates itself. POPULATION FIGURES DISAGREE ACROSS SOURCES AND BOTH ARE RECORDED, NEITHER ADOPTED: one gives 34 adults and 40 children, another 26 adults and 33 children; 19 HOUSEHOLDS, counting both finished houses and ones still under construction - so the settlement was still growing when the records were written and a count taken from imagery will depend heavily on the date. Designed on permaculture principles. Residents self-build from natural and recycled materials and CULTIVATE THE LAND COLLECTIVELY rather than in individual plots, which means the agricultural signal is one block, not a mosaic. Many roofs carry solar collectors or PV. Members owe 8 hours a week of shared work; food is bought collectively and dinner is cooked communally every day. COORDINATE RESOLVED: the apparent location conflict on this row was not a conflict in the underlying record. The export carried four geocoder candidates for this community and picked none; the first of them - the one a reader takes by default - was the wrong one. Candidate 4 matches the published address above and is now what latitude/longitude carry. The export's original first coordinate is preserved in latitude_as_exported/longitude_as_exported and all four candidates remain in coordinate_candidates.",2026-08-28,1.0.0
IC203,Cité Écologique (New Hampshire),44.935101,-71.477490,United States,FULL,,https://ecovillage.org/project/cite-ecologique-of-new-hampshire/ | https://www.gen-us.net/ecovillages/ecovillage-la-cite-ecologique-of-nh/ | https://www.facebook.com/laciteecologiqueofnh/ | https://find.coop/organizations/22408-cite-ecologique-of-new-hampshire | https://ecovillage.org/ | https://ecovillage.org,Cité Écologique (New Hampshire),Cité Écologique (New Hampshire),no,Cite Ecologique of New Hampshire; La Cite Ecologique of NH; Ecovillage La Cite Ecologique of NH; Cite Ecologique NH; The Ecovillage Institute,SETTLEMENT,276; 277; 278; 279,verified_against_published_address_candidate_4,4,66.777,"44.810547,-71.884611 | 45.058241,-71.279361 | 44.469187,-71.190214 | 44.935101,-71.477490",MULTIPLE_CANDIDATES_RESOLVED,44.810547,-71.884611,HIGH,"published locality: Colebrook, Coos County, New Hampshire 03576 [https://ecovillage.org/project/cite-ecologique-of-new-hampshire/]. c4 falls on Colebrook, New Hampshire. This pick also settles the country: c1, the exported first coordinate, lies west of Colebrook and is what drove the gazetteer's vote for Canada on a community that is in the United States.",US,USA,"New Hampshire; Coos County; Colebrook, 03576 (Great North Woods)",MEDIUM,official_source_overrides_gazetteer,https://ecovillage.org/project/cite-ecologique-of-new-hampshire/,CA,UNANIMOUS,Sherbrooke (61.4 km),https://ecovillage.org,FIXED_GLOBAL_SOURCE,https://ecovillage.org/project/cite-ecologique-of-new-hampshire/,VERIFIED_COMMUNITY_SOURCE,search_index,site:ecovillage.org returned 'Ecovillage La Cite Ecologique of NH'; GEN-US carries a matching entry,G1,6,2,S3; S7,S3,"[{""url"":""https://ecovillage.org/project/cite-ecologique-of-new-hampshire/"",""rank"":1,""source_class"":""S3"",""platform_type"":""directory listing"",""independence_group"":""G1"",""confidence"":""HIGH"",""quality_score"":0.74,""verification"":""search_index"",""evidence"":""Verified GEN community page - the source of the 315 acres, the 2003 purchase and the 2007 garden and school start""},{""url"":""https://www.gen-us.net/ecovillages/ecovillage-la-cite-ecologique-of-nh/"",""rank"":2,""source_class"":""S3"",""platform_type"":""directory listing"",""independence_group"":""G1"",""confidence"":""MEDIUM"",""quality_score"":0.56,""verification"":""search_index"",""evidence"":""GEN-US regional network record""},{""url"":""https://find.coop/organizations/22408-cite-ecologique-of-new-hampshire"",""rank"":4,""source_class"":""S3"",""platform_type"":""directory listing"",""independence_group"":""G2"",""confidence"":""LOW"",""quality_score"":0.36,""verification"":""search_index"",""evidence"":""find.coop cooperative directory record""},{""url"":""https://www.facebook.com/laciteecologiqueofnh/"",""rank"":3,""source_class"":""S7"",""platform_type"":""Facebook"",""independence_group"":""G1"",""confidence"":""MEDIUM"",""quality_score"":0.42,""verification"":""search_index"",""evidence"":""Community's own Facebook page - dated photographic record""},{""url"":""https://ecovillage.org/"",""rank"":5,""source_class"":""S3"",""platform_type"":""directory listing"",""independence_group"":""G1"",""confidence"":""HIGH"",""quality_score"":0.3,""verification"":""search_index"",""evidence"":""Fixed network seed source""},{""url"":""https://ecovillage.org"",""rank"":6,""source_class"":""S3"",""platform_type"":""directory listing"",""independence_group"":""G1"",""confidence"":""HIGH"",""quality_score"":0.1,""verification"":""fixed_global_source"",""evidence"":""Mandatory Global Ecovillage Network network-level seed, present on every row; not evidence that this community is GEN-registered - see gen_community_status""}]",search_index,,,,,COMPLETE,HIGH,yes,country_corrected_from_gazetteer,"the export gave 4 geocoder candidates and picked none; candidate 4 is the one that matches this community's published address, and is what latitude/longitude now carry - the export's original first candidate is kept in latitude_as_exported/longitude_as_exported | country corrected from the gazetteer's Canada to United States on published evidence; the nearest large town lies across a border, a coast or a lake | COUNTRY CORRECTED: the gazetteer voted CANADA because Colebrook sits in the Great North Woods a short distance from the Quebec border and every nearby town above the gazetteer's size threshold is Canadian. The community is in COLEBROOK, NEW HAMPSHIRE, UNITED STATES - address 85 Angels Rd, Colebrook NH 03576. The French name is not evidence of Canada: this is the New Hampshire offshoot of a Quebec parent community of the same name, and the two must not be conflated. CLEAN ACQUISITION DATE AND A LARGE PARCEL: 315 ACRES PURCHASED IN 2003. About 35 permanent residents - a low density over a large area, so most of the parcel is likely unbuilt woodland. A second dated step: the ORGANIC GARDENS AND THE SCHOOLING GROUP BOTH STARTED IN 2007, which is when cultivated ground should first appear. Runs an alternative private school, community businesses and microenterprises, renewable energy, animal husbandry, waste management and permaculture design. Two fixed annual public events (the June open house and the September harvest celebration) which may help date visitor photography. COORDINATE RESOLVED: the apparent location conflict on this row was not a conflict in the underlying record. The export carried four geocoder candidates for this community and picked none; the first of them - the one a reader takes by default - was the wrong one. Candidate 4 matches the published address above and is now what latitude/longitude carry. The export's original first coordinate is preserved in latitude_as_exported/longitude_as_exported and all four candidates remain in coordinate_candidates.",2026-08-28,1.0.0
IC204,Brithdir Mawr,52.000928,-4.806572,United Kingdom,FULL,,https://brithdirmawr.co.uk/about/ | https://ecovillage.org/project/brithdir-mawr/ | https://en.wikipedia.org/wiki/That_Roundhouse | https://tlio.org.uk/tony-wrenchs-roundhouse-a-short-history/ | https://islesproject.wordpress.com/2008/09/18/15th-september-2008-signs-of-transformation-in-the-planning-system-the-case-of-the-brithdir-mawr-roundhouse/ | https://www.thatroundhouse.info/echo.htm | https://ecovillage.org/ | https://ecovillage.org,Brithdir Mawr,Brithdir Mawr,no,Brithdir Mawr; Brithdir Mawr Community; That Roundhouse; Tir Ysbrydol (the associated Roundhouse site),SETTLEMENT,280; 281; 282; 283,verified_against_published_address_candidate_4,4,35.267,"51.946032,-5.087031 | 51.959040,-4.713090 | 51.715371,-5.030036 | 52.000928,-4.806572",MULTIPLE_CANDIDATES_RESOLVED,51.946032,-5.087031,HIGH,"published locality: near Newport (Trefdraeth), Pembrokeshire [https://brithdirmawr.co.uk/about/]. c4 is nearest the Newport/Trefdraeth coast of north Pembrokeshire where the farm lies; c3 is well south, in the wrong part of the county.",GB,GBR,Wales; Pembrokeshire; near Newport (Trefdraeth),HIGH,coordinate_gazetteer+gen_page+official_site,https://ecovillage.org/project/brithdir-mawr/,GB,UNANIMOUS,Carmarthen (38.0 km),https://ecovillage.org,FIXED_GLOBAL_SOURCE,https://ecovillage.org/project/brithdir-mawr/,VERIFIED_COMMUNITY_SOURCE,search_index,"site:ecovillage.org returned 'Brithdir Mawr - Global Ecovillage Network' at /project/brithdir-mawr/; the same record is also served on GEN's LEGACY HOST at sites.ecovillage.org/brithdir-mawr, which the crawler should recognise as the same source, not a second one",G1,8,4,S1; S2; S3; S4,S1,"[{""url"":""https://brithdirmawr.co.uk/about/"",""rank"":1,""source_class"":""S4"",""platform_type"":""own website"",""independence_group"":""G1"",""confidence"":""HIGH"",""quality_score"":0.86,""verification"":""search_index"",""evidence"":""Official About page""},{""url"":""https://ecovillage.org/project/brithdir-mawr/"",""rank"":2,""source_class"":""S3"",""platform_type"":""directory listing"",""independence_group"":""G1"",""confidence"":""HIGH"",""quality_score"":0.72,""verification"":""search_index"",""evidence"":""Verified GEN project page - the source of the 165-acre and 20-resident figures""},{""url"":""https://en.wikipedia.org/wiki/That_Roundhouse"",""rank"":3,""source_class"":""S3"",""platform_type"":""other"",""independence_group"":""G2"",""confidence"":""HIGH"",""quality_score"":0.7,""verification"":""search_index"",""evidence"":""Encyclopaedia article on the roundhouse - the source of the 1998 aerial-survey discovery and the September 2008 retrospective permission""},{""url"":""https://tlio.org.uk/tony-wrenchs-roundhouse-a-short-history/"",""rank"":4,""source_class"":""S2"",""platform_type"":""other"",""independence_group"":""G3"",""confidence"":""MEDIUM"",""quality_score"":0.64,""verification"":""search_index"",""evidence"":""The Land Is Ours - a land-rights campaign's documented history of the planning dispute""},{""url"":""https://www.thatroundhouse.info/echo.htm"",""rank"":6,""source_class"":""S4"",""platform_type"":""own website"",""independence_group"":""G1"",""confidence"":""MEDIUM"",""quality_score"":0.58,""verification"":""search_index"",""evidence"":""The roundhouse builders' own site""},{""url"":""https://islesproject.wordpress.com/2008/09/18/15th-september-2008-signs-of-transformation-in-the-planning-system-the-case-of-the-brithdir-mawr-roundhouse/"",""rank"":5,""source_class"":""S1"",""platform_type"":""blog platform"",""independence_group"":""G4"",""confidence"":""MEDIUM"",""quality_score"":0.6,""verification"":""search_index"",""evidence"":""The Isles Project, 18 September 2008 - a research project's contemporaneous analysis of the planning decision, dated to the week it was made""},{""url"":""https://ecovillage.org/"",""rank"":7,""source_class"":""S3"",""platform_type"":""directory listing"",""independence_group"":""G1"",""confidence"":""HIGH"",""quality_score"":0.3,""verification"":""search_index"",""evidence"":""Fixed network seed source""},{""url"":""https://ecovillage.org"",""rank"":8,""source_class"":""S3"",""platform_type"":""directory listing"",""independence_group"":""G1"",""confidence"":""HIGH"",""quality_score"":0.1,""verification"":""fixed_global_source"",""evidence"":""Mandatory Global Ecovillage Network network-level seed, present on every row; not evidence that this community is GEN-registered - see gen_community_status""}]",search_index,,,,,COMPLETE,HIGH,no,,"the export gave 4 geocoder candidates and picked none; candidate 4 is the one that matches this community's published address, and is what latitude/longitude now carry - the export's original first candidate is kept in latitude_as_exported/longitude_as_exported | THE MOST DIRECTLY RELEVANT SITE IN THE COHORT TO THE METHOD ITSELF: in 1998 A ROUTINE AERIAL SURVEY OF THE PEMBROKESHIRE COAST NATIONAL PARK PHOTOGRAPHED A BRIGHT REFLECTION FROM THE GROUND, WHICH TURNED OUT TO BE A SOLAR PANEL - and that is how the authorities discovered the hidden community and Tony Wrench's unpermitted roundhouse. This is a documented case of an intentional community being detected from the air by a single specular reflection, and it is worth citing in its own right. The roundhouse, built by Tony Wrench and Jane Faith over the winter of 1997-98, is a 30 ft TURF-ROOFED structure that cost about GBP 2,500 in materials and 400 person-hours; it was threatened with demolition and finally granted RETROSPECTIVE PLANNING PERMISSION IN SEPTEMBER 2008, subject to a three-year review. So there is a decade-long public planning file. AREA FIGURES CONFLICT AND BOTH ARE RECORDED, NEITHER ADOPTED: GEN gives 165 ACRES, other sources give 80 ACRES - possibly a whole-farm versus community-land distinction, but that is not established. Population figures also differ: GEN says 20 people, another source 10 adults and 7 children. Off the grid for both electricity and water; coppices its own fuel wood; organic gardening and farming; adults work about three days a week for the community. COORDINATE RESOLVED: the apparent location conflict on this row was not a conflict in the underlying record. The export carried four geocoder candidates for this community and picked none; the first of them - the one a reader takes by default - was the wrong one. Candidate 4 matches the published address above and is now what latitude/longitude carry. The export's original first coordinate is preserved in latitude_as_exported/longitude_as_exported and all four candidates remain in coordinate_candidates.",2026-08-28,1.0.0
IC205,Permatopia,55.301696,12.190720,Denmark,FULL,,"https://permatopia.dk/english/ | https://rgo.dk/en/in-Karise-on-South-Zealand,-200-people-will-live-as-self-sufficiently-and-circularly-as-possible/ | https://backlund.dk/menu/referencer/permatopia-karise | https://danakon.dk/projekt/karise-permatopia/ | https://bofaellesskab.dk/bofaellesskaber/bofaellesskaber/498-karise-permatopia | https://ecovillage.org/ | https://ecovillage.org",Permatopia,Permatopia,no,Permatopia; Karise Permatopia; Andelssamfundet Karise Permatopia,SETTLEMENT,284; 285; 286; 287,verified_against_published_address_candidate_4,4,72.841,"55.408290,11.887740 | 55.401684,11.523963 | 55.621772,12.613619 | 55.301696,12.190720",MULTIPLE_CANDIDATES_RESOLVED,55.408290,11.887740,HIGH,"published locality: Karise, Faxe Municipality, Region Zealand [https://permatopia.dk/english/]. c4 is south of Koge in the Karise and Faxe area. c3 is central Copenhagen, the decoy slot; c1 is at Ringsted, a different municipality.",DK,DNK,Region Zealand; Faxe Municipality; Karise,HIGH,coordinate_gazetteer+official_site,https://permatopia.dk/english/,DK,UNANIMOUS,Køge (17.4 km),https://ecovillage.org,FIXED_GLOBAL_SOURCE,,NOT_FOUND,search_index_negative,"site:ecovillage.org run for Permatopia and Karise: no community page. The only ecovillage.org hit was a passing mention in the description of a GEN-published book, which is not a community profile.",G1,7,5,S2; S3; S4,S2,"[{""url"":""https://permatopia.dk/english/"",""rank"":1,""source_class"":""S4"",""platform_type"":""own website"",""independence_group"":""G1"",""confidence"":""HIGH"",""quality_score"":0.88,""verification"":""search_index"",""evidence"":""Official English page""},{""url"":""https://rgo.dk/en/in-Karise-on-South-Zealand,-200-people-will-live-as-self-sufficiently-and-circularly-as-possible/"",""rank"":2,""source_class"":""S2"",""platform_type"":""other"",""independence_group"":""G2"",""confidence"":""HIGH"",""quality_score"":0.76,""verification"":""search_index"",""evidence"":""Green Transition Denmark (Radet for Gron Omstilling), a national environmental NGO - the source of the 29.2 / 4.7 / 24.5 / 12 / 7 hectare breakdown""},{""url"":""https://backlund.dk/menu/referencer/permatopia-karise"",""rank"":3,""source_class"":""S2"",""platform_type"":""other"",""independence_group"":""G3"",""confidence"":""MEDIUM"",""quality_score"":0.64,""verification"":""search_index"",""evidence"":""Backlund Ecology project reference - the ecological engineering consultancy's own record, useful for the sanitation and water systems as built""},{""url"":""https://danakon.dk/projekt/karise-permatopia/"",""rank"":4,""source_class"":""S2"",""platform_type"":""other"",""independence_group"":""G4"",""confidence"":""MEDIUM"",""quality_score"":0.6,""verification"":""search_index"",""evidence"":""Danakon project record - a construction consultancy's file on the scheme, which is where build dates can be pinned down""},{""url"":""https://bofaellesskab.dk/bofaellesskaber/bofaellesskaber/498-karise-permatopia"",""rank"":5,""source_class"":""S3"",""platform_type"":""directory listing"",""independence_group"":""G5"",""confidence"":""MEDIUM"",""quality_score"":0.48,""verification"":""search_index"",""evidence"":""Danish cohousing register entry""},{""url"":""https://ecovillage.org/"",""rank"":6,""source_class"":""S3"",""platform_type"":""directory listing"",""independence_group"":""G1"",""confidence"":""HIGH"",""quality_score"":0.3,""verification"":""search_index"",""evidence"":""Fixed network seed source""},{""url"":""https://ecovillage.org"",""rank"":7,""source_class"":""S3"",""platform_type"":""directory listing"",""independence_group"":""G1"",""confidence"":""HIGH"",""quality_score"":0.1,""verification"":""fixed_global_source"",""evidence"":""Mandatory Global Ecovillage Network network-level seed, present on every row; not evidence that this community is GEN-registered - see gen_community_status""}]",search_index,,,,,COMPLETE,HIGH,no,,"the export gave 4 geocoder candidates and picked none; candidate 4 is the one that matches this community's published address, and is what latitude/longitude now carry - the export's original first candidate is kept in latitude_as_exported/longitude_as_exported | THE MOST PRECISE LAND-ZONE BREAKDOWN IN THE COHORT, and one with a legal constraint attached: 29.2 HECTARES TOTAL, of which 4.7 HA IS URBAN ZONE (housing, roads and parking), and 24.5 HA IS LAND ZONE; WITHIN THAT LAND ZONE ABOUT 12 HA IS FORMER FREDSKOV - Danish legally protected forest, which by statute cannot be cleared, so that block is fixed by law and should show no change. A separate 7 HA IS CERTIFIED ORGANIC AGRICULTURE - vegetable field, market garden, greenhouses, permaculture gardens and a fruit and berry orchard - grown mainly for internal consumption with the surplus sold to local restaurants. Established 2018, about an hour from Copenhagen. 90 TOWNHOUSES, built as a combined almen bofaellesskab (public-housing community) and andelsbolig-selskab (cooperative housing company); the target population is around 200. Because it was built as a single developer-delivered scheme rather than self-built over years, the construction signal should be sharp and confined to 2017-2018. COORDINATE RESOLVED: the apparent location conflict on this row was not a conflict in the underlying record. The export carried four geocoder candidates for this community and picked none; the first of them - the one a reader takes by default - was the wrong one. Candidate 4 matches the published address above and is now what latitude/longitude carry. The export's original first coordinate is preserved in latitude_as_exported/longitude_as_exported and all four candidates remain in coordinate_candidates.",2026-08-28,1.0.0
IC206,Sadhana Forest Kenya,0.949224,36.765913,Kenya,FULL,,https://sadhanaforest.org/causes/food-forests-in-samburu/ | https://ecovillage.org/ecovillage/sadhana-forest-kenya/ | https://en.wikipedia.org/wiki/Sadhana_Forest | http://www.studentoftheworld.de/index.php/world-map/kenya-samburu-county-sadhana-forest/ | https://ecovillage.org/ | https://ecovillage.org,Sadhana Forest Kenya,Sadhana Forest Kenya,no,Sadhana Forest Kenya; Sadhana Forest; Sadhana Forest Samburu,SETTLEMENT,288; 289; 290; 291,first_source_row,4,27.883,"0.949224,36.765913 | 0.893126,36.756670 | 1.094932,36.701045 | 0.867336,36.806313",MULTIPLE_CANDIDATES_UNRESOLVED,0.949224,36.765913,LOW,"published locality: Samburu County, the Maralal area - no finer locality was published [https://sadhanaforest.org/kenya/]. UNRESOLVED. c3 is Maralal town and is plainly the decoy slot, but the other three all sit 18 to 28 km out and the sources say only 'the Maralal area'. The point matters less here than almost anywhere in the cohort: the planting is done in family shambas scattered across the county, not on one parcel, so no single coordinate represents the work. Left unresolved deliberately.",KE,KEN,Samburu County; Maralal area; Rift Valley,HIGH,coordinate_gazetteer+gen_page+official_site,https://sadhanaforest.org/kenya/,KE,UNANIMOUS,Maralal (18.0 km),https://ecovillage.org,FIXED_GLOBAL_SOURCE,https://ecovillage.org/ecovillage/sadhana-forest-kenya/,VERIFIED_COMMUNITY_SOURCE,search_index,site:ecovillage.org returned 'Sadhana Forest Kenya - Global Ecovillage Network',G1,6,3,S3; S4; S6,S3,"[{""url"":""https://sadhanaforest.org/causes/food-forests-in-samburu/"",""rank"":1,""source_class"":""S4"",""platform_type"":""own website"",""independence_group"":""G1"",""confidence"":""HIGH"",""quality_score"":0.88,""verification"":""search_index"",""evidence"":""Official 'Food Forests in Samburu' page - the source of the 18-species figure and the shamba-based planting model""},{""url"":""https://ecovillage.org/ecovillage/sadhana-forest-kenya/"",""rank"":2,""source_class"":""S3"",""platform_type"":""directory listing"",""independence_group"":""G1"",""confidence"":""HIGH"",""quality_score"":0.72,""verification"":""search_index"",""evidence"":""Verified GEN community page""},{""url"":""https://en.wikipedia.org/wiki/Sadhana_Forest"",""rank"":3,""source_class"":""S3"",""platform_type"":""other"",""independence_group"":""G2"",""confidence"":""MEDIUM"",""quality_score"":0.56,""verification"":""search_index"",""evidence"":""Encyclopaedia article covering all three Sadhana Forest sites""},{""url"":""http://www.studentoftheworld.de/index.php/world-map/kenya-samburu-county-sadhana-forest/"",""rank"":4,""source_class"":""S6"",""platform_type"":""blog platform"",""independence_group"":""G3"",""confidence"":""LOW"",""quality_score"":0.4,""verification"":""search_index"",""evidence"":""Outside visitor account from Samburu County""},{""url"":""https://ecovillage.org/"",""rank"":5,""source_class"":""S3"",""platform_type"":""directory listing"",""independence_group"":""G1"",""confidence"":""HIGH"",""quality_score"":0.3,""verification"":""search_index"",""evidence"":""Fixed network seed source""},{""url"":""https://ecovillage.org"",""rank"":6,""source_class"":""S3"",""platform_type"":""directory listing"",""independence_group"":""G1"",""confidence"":""HIGH"",""quality_score"":0.1,""verification"":""fixed_global_source"",""evidence"":""Mandatory Global Ecovillage Network network-level seed, present on every row; not evidence that this community is GEN-registered - see gen_community_status""}]",search_index,,,,,COMPLETE,HIGH,yes,multiple_coordinate_candidates,"the source file gave 4 coordinates for this one name, up to 28 km apart, so at most one can be the site; all are preserved and none is asserted | THE SAME DISPERSAL WARNING AS THE HAITI SITE (seq 200) APPLIES HERE, AND IT IS THE CENTRAL METHODOLOGICAL POINT: the planting is done IN LOCAL SHAMBAS - individual Samburu family farms - SCATTERED ACROSS SAMBURU COUNTY, not on one campus parcel. A point-anchored land-cover reading will miss almost all of it. Established as an international NGO in 2012. The county is arid to semi-arid northern Kenya, in the Rift Valley, inhabited by the Samburu; recurrent drought is the driving problem. The intervention is specific and countable: 18 SPECIES OF INDIGENOUS, DROUGHT-RESISTANT, FOOD-BEARING TREES, plus shrubs and grasses, planted with families to build food and water security and reduce dependence on food aid. Because the species are drought-adapted natives rather than irrigated exotics, the greenness signal will be modest and strongly seasonal, and separating planted trees from natural rainfall-driven flushes will be difficult. One of three Sadhana Forest sites; see seq 200 for Haiti.",2026-08-28,1.0.0
IC207,Ecodorp Bergen,52.651081,4.693376,Netherlands,FULL,,http://www.transitsocialinnovation.eu/sii/ecovillage-bergen | https://www.ecodorpbergen.nl/over-ons/ | https://www.landschapnoordholland.nl/vrijwilligers/groepen/ecodorp-bergen | https://ecovillage.org/ecodorp-bergen-army-land-turns-into-the-first-ecovillage-in-holland/ | https://partnerkaart.natuurenmilieufederaties.nl/partner/ecodorp-bergen/ | https://ecovillage.org/ | https://ecovillage.org,Ecodorp Bergen,Ecodorp Bergen,no,Ecodorp Bergen; Ecovillage Bergen; Ecodorp Bergen NH; the MOB-complex Bergen,SETTLEMENT,292; 293; 294; 295,verified_against_published_address_candidate_4,4,58.413,"52.544906,4.980055 | 53.047725,4.728479 | 52.551485,4.672805 | 52.651081,4.693376",MULTIPLE_CANDIDATES_RESOLVED,52.544906,4.980055,HIGH,"published locality: the former MOB-complex at Bergen, Noord-Holland [http://www.transitsocialinnovation.eu/sii/ecovillage-bergen]. c4 is the only candidate at Bergen itself - about two kilometres from the town centre. c1 is inland near Purmerend, c2 is up at Den Helder and c3 is Castricum, all different towns.",NL,NLD,Noord-Holland; Bergen (NH); the former MOB-complex,HIGH,coordinate_gazetteer+official_site,https://www.ecodorpbergen.nl/over-ons/,NL,UNANIMOUS,Bergen (2.1 km),https://ecovillage.org,FIXED_GLOBAL_SOURCE,,NOT_FOUND,search_index_negative,"site:ecovillage.org returned only an ARTICLE, 'Ecodorp Bergen - army land turns into the first ecovillage in Holland', not a /project/ or /ecovillage/ community profile. The article is recorded as a source; it is not promoted to a community page. Note the community IS reported to be the first Dutch initiative to hold full GEN membership, so the absence of a profile page reflects GEN's own site structure, not the community's status.",G1,7,4,S1; S2; S3; S4,S1,"[{""url"":""http://www.transitsocialinnovation.eu/sii/ecovillage-bergen"",""rank"":1,""source_class"":""S1"",""platform_type"":""other"",""independence_group"":""G2"",""confidence"":""HIGH"",""quality_score"":0.88,""verification"":""search_index"",""evidence"":""TRANSIT, an EU-funded research project on transformative social innovation - a structured academic case study of Ecovillage Bergen, and the source of the MOB-complex history and the 16 May 2013 purchase""},{""url"":""https://www.ecodorpbergen.nl/over-ons/"",""rank"":2,""source_class"":""S4"",""platform_type"":""own website"",""independence_group"":""G1"",""confidence"":""HIGH"",""quality_score"":0.86,""verification"":""search_index"",""evidence"":""Official 'Over ons' page""},{""url"":""https://ecovillage.org/ecodorp-bergen-army-land-turns-into-the-first-ecovillage-in-holland/"",""rank"":4,""source_class"":""S3"",""platform_type"":""other"",""independence_group"":""G1"",""confidence"":""MEDIUM"",""quality_score"":0.54,""verification"":""search_index"",""evidence"":""GEN article on the site's conversion from army land - a GEN article page, explicitly not a community profile""},{""url"":""https://www.landschapnoordholland.nl/vrijwilligers/groepen/ecodorp-bergen"",""rank"":3,""source_class"":""S2"",""platform_type"":""other"",""independence_group"":""G3"",""confidence"":""MEDIUM"",""quality_score"":0.62,""verification"":""search_index"",""evidence"":""Landschap Noord-Holland, the provincial landscape conservation body - its volunteer-group record for the site, an independent institutional source with an interest in the land itself""},{""url"":""https://partnerkaart.natuurenmilieufederaties.nl/partner/ecodorp-bergen/"",""rank"":5,""source_class"":""S2"",""platform_type"":""other"",""independence_group"":""G4"",""confidence"":""MEDIUM"",""quality_score"":0.52,""verification"":""search_index"",""evidence"":""Natuur en Milieufederaties partner record - the Dutch provincial environmental federations' register""},{""url"":""https://ecovillage.org/"",""rank"":6,""source_class"":""S3"",""platform_type"":""directory listing"",""independence_group"":""G1"",""confidence"":""HIGH"",""quality_score"":0.3,""verification"":""search_index"",""evidence"":""Fixed network seed source""},{""url"":""https://ecovillage.org"",""rank"":7,""source_class"":""S3"",""platform_type"":""directory listing"",""independence_group"":""G1"",""confidence"":""HIGH"",""quality_score"":0.1,""verification"":""fixed_global_source"",""evidence"":""Mandatory Global Ecovillage Network network-level seed, present on every row; not evidence that this community is GEN-registered - see gen_community_status""}]",search_index,,,,,COMPLETE,HIGH,no,,"the export gave 4 geocoder candidates and picked none; candidate 4 is the one that matches this community's published address, and is what latitude/longitude now carry - the export's original first candidate is kept in latitude_as_exported/longitude_as_exported | AN EXCEPTIONAL PRIOR-LAND-USE CASE, MILITARY AND FULLY DATED: the 15 HECTARES were a FORMER MILITARY TERRAIN - the site began as a SECOND WORLD WAR AIRSTRIP and was later a COLD WAR MOBILISATION COMPLEX (MOB-complex) for reservists. SEVEN PEOPLE BOUGHT THE LAND ON 16 MAY 2013. So pre-2013 imagery shows military hardstanding, bunkers and runway remnants, not farmland or scrub, and the change to watch is de-paving and re-greening rather than clearance. Located in Bergen, 50 km north of Amsterdam and 6 km from the North Sea coast. At the time of the sources about 20 residents plus 10-15 regular volunteers, in self-provided temporary housing, with a ten-year plan to reach 60-80 people and AT LEAST 25 NEW HOMES - so the construction signal was still almost entirely in the future when these records were written, and the date of any imagery matters enormously. Governed by sociocracy with consent decision-making. Reported as the first Dutch ecovillage initiative to become a full member of the Global Ecovillage Network. COORDINATE RESOLVED: the apparent location conflict on this row was not a conflict in the underlying record. The export carried four geocoder candidates for this community and picked none; the first of them - the one a reader takes by default - was the wrong one. Candidate 4 matches the published address above and is now what latitude/longitude carry. The export's original first coordinate is preserved in latitude_as_exported/longitude_as_exported and all four candidates remain in coordinate_candidates.",2026-08-28,1.0.0
IC208,Eco Truly Park,-11.636889,-77.217187,Peru,FULL,,https://ecovillage.org/ecovillage/eco-truly-park-eco-village/ | https://www.turismoperuano.com/eco-truly-park-la-comunidad-ecologica-lima | https://actualidad.rt.com/actualidad/395299-hare-krishna-aldea-ecologica-turismo-peru | https://www.idealist.org/en/nonprofit/7524ceb0d4584cc596037c56924dec59-comunidad-ecologica-eco-truly-park | https://www.netzkraft.net/profil.php?teilnehmer=976&lg=en | https://ecovillage.org/ | https://ecovillage.org,Eco Truly Park,Eco Truly Park,no,Eco Truly Park; Comunidad Ecologica Eco Truly Park; Eco Truly Park Eco Village; Eco Truly; Chacra y Mar community,SETTLEMENT,296; 297; 298; 299,verified_against_published_address_candidate_4,4,61.657,"-11.469052,-77.271150 | -11.574941,-77.253582 | -11.995433,-77.093110 | -11.636889,-77.217187",MULTIPLE_CANDIDATES_RESOLVED,-11.469052,-77.271150,MEDIUM,"published locality: Chacra y Mar beach, Aucallama district, Huaral province [https://ecovillage.org/ecovillage/eco-truly-park-eco-village/]. c4 lies on the coast south of Chancay, where Chacra y Mar is. c2 is close enough that it cannot be excluded outright - it sits on Chancay itself - so this is held at MEDIUM rather than HIGH.",PE,PER,Lima Region; Huaral Province; Aucallama District; Chacra y Mar,HIGH,coordinate_gazetteer+gen_page+official_sources,https://ecovillage.org/ecovillage/eco-truly-park-eco-village/,PE,UNANIMOUS,Chancay (9.1 km),https://ecovillage.org,FIXED_GLOBAL_SOURCE,https://ecovillage.org/ecovillage/eco-truly-park-eco-village/,VERIFIED_COMMUNITY_SOURCE,search_index,"site:ecovillage.org returned 'Eco Truly Park - Eco Village'; the same record also survives on GEN's LEGACY HOST at gen.ecovillage.org/de/eco-truly-park-eco-village, which is the same source on an old domain, not a second one",G1,7,5,S3; S6,S3,"[{""url"":""https://ecovillage.org/ecovillage/eco-truly-park-eco-village/"",""rank"":1,""source_class"":""S3"",""platform_type"":""directory listing"",""independence_group"":""G1"",""confidence"":""HIGH"",""quality_score"":0.74,""verification"":""search_index"",""evidence"":""Verified GEN community page - the source of the 63 km / Aucallama location and the 75,000-visitor figure""},{""url"":""https://www.turismoperuano.com/eco-truly-park-la-comunidad-ecologica-lima"",""rank"":2,""source_class"":""S6"",""platform_type"":""news outlet"",""independence_group"":""G2"",""confidence"":""MEDIUM"",""quality_score"":0.62,""verification"":""search_index"",""evidence"":""Peruvian tourism-press record - the source of the roughly 4 ha area and the 2.5 m elevation on sandy ground""},{""url"":""https://www.idealist.org/en/nonprofit/7524ceb0d4584cc596037c56924dec59-comunidad-ecologica-eco-truly-park"",""rank"":4,""source_class"":""S3"",""platform_type"":""directory listing"",""independence_group"":""G3"",""confidence"":""MEDIUM"",""quality_score"":0.46,""verification"":""search_index"",""evidence"":""Idealist non-profit record for Comunidad Ecologica Eco Truly Park""},{""url"":""https://www.netzkraft.net/profil.php?teilnehmer=976&lg=en"",""rank"":5,""source_class"":""S3"",""platform_type"":""directory listing"",""independence_group"":""G4"",""confidence"":""LOW"",""quality_score"":0.38,""verification"":""search_index"",""evidence"":""Netzkraft Movement profile""},{""url"":""https://actualidad.rt.com/actualidad/395299-hare-krishna-aldea-ecologica-turismo-peru"",""rank"":3,""source_class"":""S6"",""platform_type"":""news outlet"",""independence_group"":""G5"",""confidence"":""MEDIUM"",""quality_score"":0.5,""verification"":""search_index"",""evidence"":""Spanish-language news feature on the community and its rules""},{""url"":""https://ecovillage.org/"",""rank"":6,""source_class"":""S3"",""platform_type"":""directory listing"",""independence_group"":""G1"",""confidence"":""HIGH"",""quality_score"":0.3,""verification"":""search_index"",""evidence"":""Fixed network seed source""},{""url"":""https://ecovillage.org"",""rank"":7,""source_class"":""S3"",""platform_type"":""directory listing"",""independence_group"":""G1"",""confidence"":""HIGH"",""quality_score"":0.1,""verification"":""fixed_global_source"",""evidence"":""Mandatory Global Ecovillage Network network-level seed, present on every row; not evidence that this community is GEN-registered - see gen_community_status""}]",search_index,,,,,COMPLETE,HIGH,yes,coordinate_resolved_below_high,"the export gave 4 geocoder candidates and picked none; candidate 4 is the one that matches this community's published address, and is what latitude/longitude now carry - the export's original first candidate is kept in latitude_as_exported/longitude_as_exported | THE CLEANEST BARE-GROUND BASELINE IN THE COHORT: the site sits at 2.5 METRES ABOVE SEA LEVEL ON COMPLETELY SANDY LAND on the Peruvian Pacific coast - effectively bare coastal desert before development, so any vegetation at all is unambiguously anthropogenic and irrigation-dependent. Small: about 4 HECTARES (one source says 3.5 ha). At Chacra y Mar beach, Aucallama district, Huaral province, 63 km and about an hour north of Lima. DATES DISAGREE AND BOTH ARE RECORDED: construction is said to have begun in 1989, while the volunteer programme dates from the end of 2006 - these are probably different things (site founding versus programme founding) but that is not established here. A Hare Krishna / Vaishnava community. ARCHITECTURALLY DISTINCTIVE AND EASY TO IDENTIFY FROM ABOVE: the 'trulys' are oval and inverted-conical or pyramidal clay structures, unlike anything else nearby - a rare case where the buildings themselves are a reliable visual signature. More than 75,000 visitors since inception; described as Peru's first ecological education centre, and the model for similar projects in Chile, Ecuador, Colombia and Bolivia. COORDINATE RESOLVED: the apparent location conflict on this row was not a conflict in the underlying record. The export carried four geocoder candidates for this community and picked none; the first of them - the one a reader takes by default - was the wrong one. Candidate 4 matches the published address above and is now what latitude/longitude carry. The export's original first coordinate is preserved in latitude_as_exported/longitude_as_exported and all four candidates remain in coordinate_candidates.",2026-08-28,1.0.0
IC209,Khula Dhamma Community,-32.697527,28.194990,South Africa,FULL,,https://www.khuladharma.com/ | https://ecovillage.org/ecovillage/khula-dhamma-community/ | https://gaia.org/gaia-trust/grants-awards/attachment/cob-house-khula-dhamma-eastern-cape-south-africa/ | http://naturalhomes.org/timeline/khuladhamma.htm | https://ecobasa.org/en/communities/khula-dharma-eco-village/ | https://ecovillage.org/ | https://ecovillage.org,Khula Dhamma Community,Khula Dhamma Community,no,Khula Dhamma; Khula Dharma; Khula Dhamma Community; Khula Dharma Eco Village; Khula Dharma natural farm,SETTLEMENT,300; 301; 302; 303,verified_against_published_address_candidate_4,4,44.364,"-32.728124,28.123413 | -32.632669,28.259690 | -32.329583,28.145490 | -32.697527,28.194990",MULTIPLE_CANDIDATES_RESOLVED,-32.728124,28.123413,MEDIUM,"published locality: near Haga-Haga, on the Quko River, about 8 km from the sea, Eastern Cape [https://ecovillage.org/ecovillage/khula-dhamma-community/]. c4 is the closest of the four to Haga-Haga and is consistent with an inland position on the Quko River about eight kilometres from the coast. c1 is only slightly further off, so the margin is thin; MEDIUM. c3 is Butterworth, the decoy slot.",ZA,ZAF,"Eastern Cape; Great Kei / Komga area; near Haga-Haga, on the Quko River",HIGH,coordinate_gazetteer+gen_page+official_site,https://ecovillage.org/ecovillage/khula-dhamma-community/,ZA,UNANIMOUS,Gonubie (32.2 km),https://ecovillage.org,FIXED_GLOBAL_SOURCE,https://ecovillage.org/ecovillage/khula-dhamma-community/,VERIFIED_COMMUNITY_SOURCE,search_index,site:ecovillage.org returned 'Khula Dhamma Community - Global Ecovillage Network',G1,7,4,S2; S3; S4,S2,"[{""url"":""https://www.khuladharma.com/"",""rank"":1,""source_class"":""S4"",""platform_type"":""own website"",""independence_group"":""G1"",""confidence"":""HIGH"",""quality_score"":0.86,""verification"":""search_index"",""evidence"":""Official site, under the 'Dharma' spelling""},{""url"":""https://ecovillage.org/ecovillage/khula-dhamma-community/"",""rank"":2,""source_class"":""S3"",""platform_type"":""directory listing"",""independence_group"":""G1"",""confidence"":""HIGH"",""quality_score"":0.74,""verification"":""search_index"",""evidence"":""Verified GEN community page - the source of the 2000 purchase, the just-under-300-hectare area and the year-by-year development account""},{""url"":""https://gaia.org/gaia-trust/grants-awards/attachment/cob-house-khula-dhamma-eastern-cape-south-africa/"",""rank"":3,""source_class"":""S2"",""platform_type"":""other"",""independence_group"":""G2"",""confidence"":""HIGH"",""quality_score"":0.72,""verification"":""search_index"",""evidence"":""Gaia Trust grants and awards record documenting a cob house at Khula Dhamma - a dated funding record from an independent foundation""},{""url"":""http://naturalhomes.org/timeline/khuladhamma.htm"",""rank"":4,""source_class"":""S2"",""platform_type"":""other"",""independence_group"":""G3"",""confidence"":""MEDIUM"",""quality_score"":0.62,""verification"":""search_index"",""evidence"":""naturalhomes.org timeline entry - a natural-building archive's dated record of the dwellings""},{""url"":""https://ecobasa.org/en/communities/khula-dharma-eco-village/"",""rank"":5,""source_class"":""S3"",""platform_type"":""directory listing"",""independence_group"":""G4"",""confidence"":""MEDIUM"",""quality_score"":0.48,""verification"":""search_index"",""evidence"":""Ecobasa network record, under the 'Dharma' spelling""},{""url"":""https://ecovillage.org/"",""rank"":6,""source_class"":""S3"",""platform_type"":""directory listing"",""independence_group"":""G1"",""confidence"":""HIGH"",""quality_score"":0.3,""verification"":""search_index"",""evidence"":""Fixed network seed source""},{""url"":""https://ecovillage.org"",""rank"":7,""source_class"":""S3"",""platform_type"":""directory listing"",""independence_group"":""G1"",""confidence"":""HIGH"",""quality_score"":0.1,""verification"":""fixed_global_source"",""evidence"":""Mandatory Global Ecovillage Network network-level seed, present on every row; not evidence that this community is GEN-registered - see gen_community_status""}]",search_index,,,,,COMPLETE,HIGH,yes,coordinate_resolved_below_high,"the export gave 4 geocoder candidates and picked none; candidate 4 is the one that matches this community's published address, and is what latitude/longitude now carry - the export's original first candidate is kept in latitude_as_exported/longitude_as_exported | SPELLING VARIANT MATTERS: GEN and this cohort use 'Khula DHAMMA', but the community's own domain and current branding are 'Khula DHARMA' (khuladharma.com) - a name-only search on one spelling misses half the record. From isiXhosa khula, 'grow', plus dharma. AN UNUSUALLY SLOW DEVELOPMENT CURVE, WHICH IS THE KEY FACT HERE: FIVE FRIENDS BOUGHT THE LAND IN 2000; from 2000 to 2003 THE SITE RARELY HAD MORE THAN TWO PEOPLE LIVING ON IT FULL TIME; and as late as 2008 the built stock amounted to a solar water pump, a small garden, bee hives, one outdoor compost toilet and THREE natural dwellings. So on JUST UNDER 300 HECTARES the human footprint was, for the first decade, almost nothing - and a land-cover reading over that window should be expected to show no signal at all. That is a genuine result, not a failed crawl. The land is rolling bushveld with greenbelts, about 8 km from the sea, bordered by the QUKO RIVER, on the southern edge of the subtropical zone, which the community says permits year-round cultivation. Historically significant within the network: research done by a resident, Lua Bashala-Kekana, fed into the formation of GEN Congo in 2009. COORDINATE RESOLVED: the apparent location conflict on this row was not a conflict in the underlying record. The export carried four geocoder candidates for this community and picked none; the first of them - the one a reader takes by default - was the wrong one. Candidate 4 matches the published address above and is now what latitude/longitude carry. The export's original first coordinate is preserved in latitude_as_exported/longitude_as_exported and all four candidates remain in coordinate_candidates.",2026-08-28,1.0.0
IC210,Umphakatsi Peace Ecovillage,-26.132179,30.978230,South Africa,FULL,,https://sarahmotha.wixsite.com/peacevillage/history-of-umphakatsi-peace-ecovillage | https://ecovillage.org/ecovillage/umphakatsi-peace-ecovillage/ | https://www.mea-markets.com/winners/2018-umphakatsi-peace-ecovillage/ | https://umphakatsi-eco.blogspot.com/ | https://ecovillage.org/women-for-women-ecovillage-design-education-ede-umphakatsi-peace-ecovillage-mpumalanga-south-africa/ | https://www.facebook.com/Umphakats/ | https://ecovillage.org/ | https://ecovillage.org,Umphakatsi Peace Ecovillage,Umphakatsi Peace Ecovillage,no,Umphakatsi Peace Ecovillage; Umphakatsi Peace Eco Village; Umphakatsi; Umphakatsi Peace Eco-Village South Africa; Steynsdorp ecovillage,SETTLEMENT,304; 305; 306; 307,verified_against_published_address_candidate_4,4,27.282,"-26.032377,31.049217 | -26.046766,30.914098 | -26.053587,30.777157 | -26.132179,30.978230",MULTIPLE_CANDIDATES_RESOLVED,-26.032377,31.049217,HIGH,"published locality: Steynsdorp No 2, next to Elukwatini, Mpumalanga [https://ecovillage.org/ecovillage/umphakatsi-peace-ecovillage/]. Read carelessly this row looks like a case for c2 or c3, because those are nearest to Elukwatini (the gazetteer's Lukwatini). But the published address is Steynsdorp, which lies south-east of Elukwatini, not in it - and c3 is sitting on Nhlazatje, the decoy slot. c4 is the candidate in the right relation to Elukwatini for Steynsdorp.",ZA,ZAF,"Mpumalanga; Chief Albert Luthuli Local Municipality; Steynsdorp No 2, next to Elukwatini",HIGH,official_source_confirms_gazetteer,https://ecovillage.org/ecovillage/umphakatsi-peace-ecovillage/,ZA,MAJORITY,Lukwatini (17.7 km),https://ecovillage.org,FIXED_GLOBAL_SOURCE,https://ecovillage.org/ecovillage/umphakatsi-peace-ecovillage/,VERIFIED_COMMUNITY_SOURCE,search_index,"site:ecovillage.org returned the community page on both the /ecovillage/ and /project/ paths, plus a GEN article about a Women for Women Ecovillage Design Education course held at the site in Mpumalanga",G1,8,2,S3; S4; S6; S7,S3,"[{""url"":""https://ecovillage.org/ecovillage/umphakatsi-peace-ecovillage/"",""rank"":2,""source_class"":""S3"",""platform_type"":""directory listing"",""independence_group"":""G1"",""confidence"":""HIGH"",""quality_score"":0.74,""verification"":""search_index"",""evidence"":""Verified GEN community page - the source of the Steynsdorp/Elukwatini/Mpumalanga location, the 2006 founding and the 100-jobs figure""},{""url"":""https://sarahmotha.wixsite.com/peacevillage/history-of-umphakatsi-peace-ecovillage"",""rank"":1,""source_class"":""S4"",""platform_type"":""own website"",""independence_group"":""G1"",""confidence"":""HIGH"",""quality_score"":0.78,""verification"":""search_index"",""evidence"":""The community's own written history of the project""},{""url"":""https://umphakatsi-eco.blogspot.com/"",""rank"":4,""source_class"":""S4"",""platform_type"":""blog platform"",""independence_group"":""G1"",""confidence"":""MEDIUM"",""quality_score"":0.56,""verification"":""search_index"",""evidence"":""The community's own blog, carrying dated posts from 2014 onward""},{""url"":""https://www.mea-markets.com/winners/2018-umphakatsi-peace-ecovillage/"",""rank"":3,""source_class"":""S6"",""platform_type"":""news outlet"",""independence_group"":""G2"",""confidence"":""MEDIUM"",""quality_score"":0.58,""verification"":""search_index"",""evidence"":""MEA Markets record of the 2018 African Excellence Award - an outside award citation with a hard date""},{""url"":""https://ecovillage.org/women-for-women-ecovillage-design-education-ede-umphakatsi-peace-ecovillage-mpumalanga-south-africa/"",""rank"":5,""source_class"":""S3"",""platform_type"":""other"",""independence_group"":""G1"",""confidence"":""MEDIUM"",""quality_score"":0.48,""verification"":""search_index"",""evidence"":""GEN article on a Women for Women Ecovillage Design Education course held at the site - dated evidence of activity on the ground""},{""url"":""https://www.facebook.com/Umphakats/"",""rank"":6,""source_class"":""S7"",""platform_type"":""Facebook"",""independence_group"":""G1"",""confidence"":""MEDIUM"",""quality_score"":0.4,""verification"":""search_index"",""evidence"":""Community Facebook page (Steynsdorp)""},{""url"":""https://ecovillage.org/"",""rank"":7,""source_class"":""S3"",""platform_type"":""directory listing"",""independence_group"":""G1"",""confidence"":""HIGH"",""quality_score"":0.3,""verification"":""search_index"",""evidence"":""Fixed network seed source""},{""url"":""https://ecovillage.org"",""rank"":8,""source_class"":""S3"",""platform_type"":""directory listing"",""independence_group"":""G1"",""confidence"":""HIGH"",""quality_score"":0.1,""verification"":""fixed_global_source"",""evidence"":""Mandatory Global Ecovillage Network network-level seed, present on every row; not evidence that this community is GEN-registered - see gen_community_status""}]",search_index,,,,,COMPLETE,HIGH,no,,"the export gave 4 geocoder candidates and picked none; candidate 4 is the one that matches this community's published address, and is what latitude/longitude now carry - the export's original first candidate is kept in latitude_as_exported/longitude_as_exported | COUNTRY QUESTION SETTLED: the name Umphakatsi is siSwati and Zulu for a chief's homestead, and the coordinate lies close to the Eswatini border, so Eswatini is a natural guess - but every source places the ecovillage at STEYNSDORP No 2, NEXT TO ELUKWATINI, MPUMALANGA PROVINCE, SOUTH AFRICA. The gazetteer's majority vote for South Africa is therefore confirmed on published evidence, not merely accepted. A COMMUNITY-INITIATED DEVELOPMENT PROJECT WITHIN AN EXISTING VILLAGE, not a founded intentional community: in 2006 the local community of Steynsdorp village set the institution up themselves to create local jobs and preserve the dignity of young people, and it reports having generated MORE THAN 100 JOBS since. So the site is embedded in an existing rural settlement and cannot be separated from it in imagery. Buildings are designed to maximise wind, sun, water and earth for energy and food; work covers permaculture, indigenous knowledge systems, renewable energy and conflict resolution, with monthly two-day residential workshops. Winner of a 2018 African Excellence Award. The community's own web presence is spread across a Wix site, a Blogspot blog and two Facebook pages rather than one domain, so the crawl must gather several small sources rather than one. COORDINATE RESOLVED: the apparent location conflict on this row was not a conflict in the underlying record. The export carried four geocoder candidates for this community and picked none; the first of them - the one a reader takes by default - was the wrong one. Candidate 4 matches the published address above and is now what latitude/longitude carry. The export's original first coordinate is preserved in latitude_as_exported/longitude_as_exported and all four candidates remain in coordinate_candidates.",2026-08-28,1.0.0
IC211,Green Canvas of Light,-33.982512,22.673458,South Africa,FULL,,https://ecovillage.org/project/green-canvas-light/ | https://ecovillage.org/gen_country/south-africa/ | https://ecovillage.org/ | https://ecovillage.org,Green Canvas of Light,Green Canvas of Light,no,Green Canvas of Light; Green Canvas; Green Canvas of Light Ecovillage,SETTLEMENT,308; 309; 310; 311,verified_against_published_address_candidate_4,4,63.526,"-34.034836,22.236375 | -34.056145,22.925380 | -33.954635,22.482511 | -33.982512,22.673458",MULTIPLE_CANDIDATES_RESOLVED,-34.034836,22.236375,MEDIUM,"published locality: the Wilderness Lakes area of the Garden Route, Western Cape [https://ecovillage.org/project/green-canvas-light/]. c4 is east of Wilderness among the lakes, which is what GEN describes. c3 is George, the decoy slot, and c1 is at Groot-Brakrivier, west of Wilderness - the mismatch recorded against this row. MEDIUM because GEN names a stretch of coast rather than a farm.",ZA,ZAF,Western Cape; Garden Route; Wilderness Lakes area,HIGH,coordinate_gazetteer+gen_page,https://ecovillage.org/project/green-canvas-light/,ZA,UNANIMOUS,George (19.6 km),https://ecovillage.org,FIXED_GLOBAL_SOURCE,https://ecovillage.org/project/green-canvas-light/,VERIFIED_COMMUNITY_SOURCE,search_index,site:ecovillage.org returned 'Green Canvas of Light'. NOTE THE SLUG DROPS THE WORD 'OF' - /project/green-canvas-light/ - so it could not have been constructed from the community's name; another case where the URL had to be observed rather than guessed.,G1,4,1,S3,S3,"[{""url"":""https://ecovillage.org/project/green-canvas-light/"",""rank"":1,""source_class"":""S3"",""platform_type"":""directory listing"",""independence_group"":""G1"",""confidence"":""HIGH"",""quality_score"":0.72,""verification"":""search_index"",""evidence"":""Verified GEN project page - the only substantive record found, and the source of the 50 ha area, the ten shareholders and the Wilderness Lakes location""},{""url"":""https://ecovillage.org/gen_country/south-africa/"",""rank"":2,""source_class"":""S3"",""platform_type"":""directory listing"",""independence_group"":""G1"",""confidence"":""MEDIUM"",""quality_score"":0.36,""verification"":""search_index"",""evidence"":""GEN South Africa country archive - corroborates the listing but adds nothing about the site""},{""url"":""https://ecovillage.org/"",""rank"":3,""source_class"":""S3"",""platform_type"":""directory listing"",""independence_group"":""G1"",""confidence"":""HIGH"",""quality_score"":0.3,""verification"":""search_index"",""evidence"":""Fixed network seed source""},{""url"":""https://ecovillage.org"",""rank"":4,""source_class"":""S3"",""platform_type"":""directory listing"",""independence_group"":""G1"",""confidence"":""HIGH"",""quality_score"":0.1,""verification"":""fixed_global_source"",""evidence"":""Mandatory Global Ecovillage Network network-level seed, present on every row; not evidence that this community is GEN-registered - see gen_community_status""}]",search_index,,,,,COMPLETE,MEDIUM,yes,coordinate_resolved_below_high; single_independence_group; identity_confidence_below_high,"the export gave 4 geocoder candidates and picked none; candidate 4 is the one that matches this community's published address, and is what latitude/longitude now carry - the export's original first candidate is kept in latitude_as_exported/longitude_as_exported | LOCATION QUERY, NOW RESOLVED - GEN places the farm in the WILDERNESS LAKES area of the Garden Route; the cohort coordinate's nearest town is GROOT-BRAKRIVIER, which is on the same Garden Route stretch but some distance west. The province (Western Cape) and the region are not in doubt; the parcel is. A 50 HECTARE FOREST-FARM held by TEN SHAREHOLDERS - a shareholding structure rather than a single owner or a trust, which is worth noting for any deeds search. Described as a permaculture development project, an intentional community, and a place of yoga and spiritual practice organised around the principle of 'Prior Unity'. The land is shared with fish eagles, leopard, wild boar and monkeys, which indicates substantial standing indigenous forest rather than cleared farmland. THIN DOCUMENTARY RECORD: no independent website was found; the community's public presence is a Facebook group plus contact details on the GEN page, and no founding date, resident count or dated development milestone was published anywhere the search reached. Do not infer any of them. I12 crawl_truncated should be treated as live for this row. COORDINATE RESOLVED: the apparent location conflict on this row was not a conflict in the underlying record. The export carried four geocoder candidates for this community and picked none; the first of them - the one a reader takes by default - was the wrong one. Candidate 4 matches the published address above and is now what latitude/longitude carry. The export's original first coordinate is preserved in latitude_as_exported/longitude_as_exported and all four candidates remain in coordinate_candidates.",2026-08-28,1.0.0
IC212,Agatha Amani House,-0.735154,36.473129,Kenya,FULL,,https://www.agathaamanihouse.org/ | https://ecovillage.org/ecovillage/agatha-amani-house-shelter-2/ | https://www.globalgiving.org/projects/feed-100s-of-abused-women-and-children-in-kenya/ | https://www.globalgiving.org/pfil/51537/projdoc.pdf | https://www.empoweringmindsinternational.org/agathaamanihouse.html | https://ecovillage.org/ | https://ecovillage.org,Agatha Amani House,Agatha Amani House,no,Agatha Amani House; AAH; Agatha Amani House Shelter; Agatha Amani House Kenya,SETTLEMENT,312; 313; 314; 315,verified_against_published_address_candidate_4,4,86.043,"-0.787038,36.506111 | -0.403916,36.268338 | -1.087974,36.630078 | -0.735154,36.473129",MULTIPLE_CANDIDATES_RESOLVED,-0.787038,36.506111,HIGH,"published locality: the Naivasha and Mai Mahiu area, Nakuru County [https://www.agathaamanihouse.org/]. c4 is about five kilometres from Naivasha, the closest of the four to the published area. c3 is over by Limuru, a different county. Note the safeguarding flag on this row: it is a refuge for survivors of domestic violence, and a more precise coordinate is not something to publish.",KE,KEN,Nakuru County; Naivasha and Mai Mahiu area,HIGH,coordinate_gazetteer+gen_page+official_site,https://www.agathaamanihouse.org/,KE,UNANIMOUS,Naivasha (5.1 km),https://ecovillage.org,FIXED_GLOBAL_SOURCE,https://ecovillage.org/ecovillage/agatha-amani-house-shelter-2/,VERIFIED_COMMUNITY_SOURCE,search_index,site:ecovillage.org returned 'Agatha Amani House Shelter'. The slug carries a '-2' disambiguator that could not have been derived from the name.,G1,7,3,S2; S3; S4,S2,"[{""url"":""https://www.agathaamanihouse.org/"",""rank"":1,""source_class"":""S4"",""platform_type"":""own website"",""independence_group"":""G1"",""confidence"":""HIGH"",""quality_score"":0.86,""verification"":""search_index"",""evidence"":""Official site""},{""url"":""https://ecovillage.org/ecovillage/agatha-amani-house-shelter-2/"",""rank"":2,""source_class"":""S3"",""platform_type"":""directory listing"",""independence_group"":""G1"",""confidence"":""HIGH"",""quality_score"":0.72,""verification"":""search_index"",""evidence"":""Verified GEN community page describing the permaculture and regenerative-agriculture programme""},{""url"":""https://www.globalgiving.org/projects/feed-100s-of-abused-women-and-children-in-kenya/"",""rank"":3,""source_class"":""S2"",""platform_type"":""crowdfunding"",""independence_group"":""G2"",""confidence"":""HIGH"",""quality_score"":0.7,""verification"":""search_index"",""evidence"":""GlobalGiving project record - a vetted grant-platform file with reporting requirements, so it is an independently checked institutional source rather than self-description""},{""url"":""https://www.globalgiving.org/pfil/51537/projdoc.pdf"",""rank"":4,""source_class"":""S2"",""platform_type"":""other"",""independence_group"":""G2"",""confidence"":""HIGH"",""quality_score"":0.66,""verification"":""search_index"",""evidence"":""The project document lodged with GlobalGiving - the mission statement and programme detail as filed with the funder; same origin as the record above, so the same independence group""},{""url"":""https://www.empoweringmindsinternational.org/agathaamanihouse.html"",""rank"":5,""source_class"":""S2"",""platform_type"":""other"",""independence_group"":""G3"",""confidence"":""MEDIUM"",""quality_score"":0.58,""verification"":""search_index"",""evidence"":""Empowering Minds International's record of its support for the shelter - a partner organisation's independent account""},{""url"":""https://ecovillage.org/"",""rank"":6,""source_class"":""S3"",""platform_type"":""directory listing"",""independence_group"":""G1"",""confidence"":""HIGH"",""quality_score"":0.3,""verification"":""search_index"",""evidence"":""Fixed network seed source""},{""url"":""https://ecovillage.org"",""rank"":7,""source_class"":""S3"",""platform_type"":""directory listing"",""independence_group"":""G1"",""confidence"":""HIGH"",""quality_score"":0.1,""verification"":""fixed_global_source"",""evidence"":""Mandatory Global Ecovillage Network network-level seed, present on every row; not evidence that this community is GEN-registered - see gen_community_status""}]",search_index,,,,,COMPLETE,HIGH,no,,"the export gave 4 geocoder candidates and picked none; candidate 4 is the one that matches this community's published address, and is what latitude/longitude now carry - the export's original first candidate is kept in latitude_as_exported/longitude_as_exported | SAFEGUARDING FLAG - HANDLE THIS ROW DIFFERENTLY FROM THE REST OF THE COHORT. Agatha Amani House is not an ecovillage in the usual sense: it is A SAFE SHELTER FOR SURVIVORS OF SEXUAL AND DOMESTIC VIOLENCE, a registered Kenyan charitable trust, and reportedly the first refuge of its kind in Kenya offering extended stays with psychosocial support and skills training. It appears in GEN because it runs regenerative agriculture and permaculture on site as part of its healing and sustainability programme. TWO CONSEQUENCES FOLLOW. First, methodological: this is a single institutional compound - a main house with an attached kitchen and training room and an on-site well, completed in 2014 - not a settlement, so settlement-scale metrics do not apply and it should probably be reported separately from the rest of the cohort. Second, and more important, ETHICAL: publishing precise coordinates, high-resolution imagery or anything that could identify residents of a domestic-violence refuge carries a real risk to the people sheltered there. Any output that names or locates this site should be reviewed on that basis before publication, whatever the rest of the protocol says. On-site activity: crops plus goats, cows, chickens and rabbits, both for consumption and for sale at the local market; a sanitary-pad machine; baking and sewing programmes. COORDINATE RESOLVED: the apparent location conflict on this row was not a conflict in the underlying record. The export carried four geocoder candidates for this community and picked none; the first of them - the one a reader takes by default - was the wrong one. Candidate 4 matches the published address above and is now what latitude/longitude carry. The export's original first coordinate is preserved in latitude_as_exported/longitude_as_exported and all four candidates remain in coordinate_candidates.",2026-08-28,1.0.0
